policy_id,exposure_years,activity,region_risk,building_material,surface_m2,insured_capital_eur,building_age_years,previous_claims,fire_protection,fire_station_distance_km,claim_count,average_claim_cost_eur,total_claim_cost_eur
SYN-000001,0.864,mixed_farming,medium,mixed,1574.0,577286.0,19,0,1,5.3,0,0.0,0.0
SYN-000002,0.723,livestock,high,masonry,2259.0,1163421.0,30,0,1,17.9,0,0.0,0.0
SYN-000003,0.513,mixed_farming,low,masonry,480.0,299303.0,15,2,1,2.1,0,0.0,0.0
SYN-000004,0.505,mixed_farming,low,masonry,870.0,263278.0,47,0,1,3.5,0,0.0,0.0
SYN-000005,0.581,crop_farming,medium,masonry,1155.0,339392.0,72,0,0,1.9,0,0.0,0.0
SYN-000006,0.582,viticulture,medium,wood,1376.0,851558.0,54,0,1,11.5,0,0.0,0.0
SYN-000007,0.482,mixed_farming,medium,mixed,308.0,93075.0,27,0,0,18.8,0,0.0,0.0
SYN-000008,0.901,mixed_farming,high,masonry,535.0,212840.0,39,0,1,5.1,0,0.0,0.0
SYN-000009,0.57,crop_farming,high,masonry,1199.0,602808.0,76,0,0,10.6,1,9213.21,9213.21
SYN-000010,0.881,livestock,medium,mixed,2341.0,1003886.0,64,0,0,8.6,0,0.0,0.0
SYN-000011,0.984,livestock,high,masonry,923.0,570395.0,13,0,1,9.6,0,0.0,0.0
SYN-000012,0.599,viticulture,medium,masonry,786.0,262395.0,39,0,1,7.4,0,0.0,0.0
SYN-000013,0.982,mixed_farming,medium,mixed,1709.0,818953.0,7,0,1,5.0,0,0.0,0.0
SYN-000014,0.515,mixed_farming,medium,masonry,979.0,233388.0,67,0,1,18.3,0,0.0,0.0
SYN-000015,0.788,livestock,low,masonry,2149.0,706941.0,56,1,1,14.4,0,0.0,0.0
SYN-000016,0.995,crop_farming,low,masonry,1050.0,317942.0,20,0,1,5.1,0,0.0,0.0
SYN-000017,0.885,livestock,medium,masonry,587.0,314660.0,60,0,0,9.6,0,0.0,0.0
SYN-000018,0.538,crop_farming,medium,mixed,3051.0,829410.0,38,0,0,8.5,0,0.0,0.0
SYN-000019,0.554,mixed_farming,low,mixed,2709.0,1150072.0,64,0,1,6.3,0,0.0,0.0
SYN-000020,0.557,mixed_farming,medium,wood,651.0,206705.0,3,1,1,7.8,1,7950.16,7950.16
SYN-000021,0.966,mixed_farming,low,masonry,1567.0,586863.0,35,0,1,11.1,0,0.0,0.0
SYN-000022,0.547,livestock,low,mixed,980.0,296873.0,47,0,1,8.0,0,0.0,0.0
SYN-000023,0.706,viticulture,high,wood,1812.0,821293.0,9,0,0,2.7,0,0.0,0.0
SYN-000024,0.61,mixed_farming,medium,mixed,686.0,423151.0,33,0,1,3.4,0,0.0,0.0
SYN-000025,0.617,mixed_farming,low,wood,2136.0,727482.0,60,0,1,12.6,0,0.0,0.0
SYN-000026,0.645,crop_farming,medium,wood,2635.0,1224006.0,55,0,0,1.9,0,0.0,0.0
SYN-000027,0.607,livestock,medium,mixed,655.0,352113.0,9,0,1,8.3,0,0.0,0.0
SYN-000028,0.76,crop_farming,medium,wood,1266.0,435600.0,60,0,1,10.6,0,0.0,0.0
SYN-000029,0.655,crop_farming,high,mixed,2671.0,841405.0,59,0,0,8.6,0,0.0,0.0
SYN-000030,0.665,mixed_farming,medium,masonry,632.0,284955.0,35,0,1,2.7,0,0.0,0.0
SYN-000031,0.704,mixed_farming,medium,wood,785.0,404207.0,66,1,0,1.0,0,0.0,0.0
SYN-000032,0.614,viticulture,medium,mixed,1863.0,554042.0,49,0,1,2.0,1,33451.21,33451.21
SYN-000033,0.853,livestock,medium,masonry,1092.0,594871.0,80,0,1,8.9,0,0.0,0.0
SYN-000034,0.702,livestock,low,masonry,435.0,273875.0,59,0,0,1.1,0,0.0,0.0
SYN-000035,0.706,livestock,low,masonry,984.0,414690.0,80,0,1,6.3,0,0.0,0.0
SYN-000036,0.526,crop_farming,high,wood,3771.0,1989259.0,67,0,0,12.7,2,28277.05,56554.1
SYN-000037,0.419,crop_farming,medium,masonry,4633.0,1311006.0,27,0,0,13.4,0,0.0,0.0
SYN-000038,0.886,livestock,medium,masonry,801.0,582712.0,9,0,1,6.2,0,0.0,0.0
SYN-000039,0.913,crop_farming,low,masonry,669.0,306044.0,51,0,0,11.3,0,0.0,0.0
SYN-000040,0.545,mixed_farming,high,masonry,900.0,404276.0,44,0,1,3.8,0,0.0,0.0
SYN-000041,0.616,livestock,low,wood,3910.0,978590.0,79,0,1,12.3,0,0.0,0.0
SYN-000042,0.615,mixed_farming,medium,masonry,2095.0,1032839.0,74,0,1,11.5,0,0.0,0.0
SYN-000043,0.811,mixed_farming,high,masonry,3139.0,1068556.0,1,1,1,6.7,0,0.0,0.0
SYN-000044,0.512,livestock,medium,masonry,2320.0,968343.0,23,0,1,3.9,0,0.0,0.0
SYN-000045,0.987,mixed_farming,high,mixed,514.0,373290.0,42,0,0,6.2,0,0.0,0.0
SYN-000046,0.437,mixed_farming,low,mixed,654.0,165735.0,51,1,0,8.0,0,0.0,0.0
SYN-000047,0.984,livestock,medium,masonry,771.0,422590.0,32,0,1,14.6,0,0.0,0.0
SYN-000048,0.441,crop_farming,high,masonry,863.0,347136.0,23,0,1,5.3,0,0.0,0.0
SYN-000049,0.591,mixed_farming,medium,wood,780.0,461375.0,37,0,0,11.2,0,0.0,0.0
SYN-000050,0.55,crop_farming,medium,mixed,841.0,355728.0,65,0,1,5.4,0,0.0,0.0
SYN-000051,0.556,crop_farming,medium,mixed,1838.0,882393.0,76,0,0,11.0,0,0.0,0.0
SYN-000052,0.997,crop_farming,medium,masonry,1324.0,690730.0,60,0,1,4.6,0,0.0,0.0
SYN-000053,0.675,mixed_farming,high,wood,2678.0,917712.0,14,0,1,18.2,0,0.0,0.0
SYN-000054,0.472,mixed_farming,medium,mixed,1428.0,641710.0,76,0,1,15.2,0,0.0,0.0
SYN-000055,0.989,mixed_farming,high,masonry,781.0,550460.0,43,1,1,7.1,1,4795.73,4795.73
SYN-000056,0.546,mixed_farming,medium,wood,1370.0,663185.0,56,0,1,2.1,0,0.0,0.0
SYN-000057,0.444,livestock,medium,wood,454.0,377045.0,55,0,1,4.9,0,0.0,0.0
SYN-000058,0.415,livestock,low,mixed,270.0,140072.0,40,0,1,8.9,0,0.0,0.0
SYN-000059,0.678,crop_farming,medium,mixed,1841.0,660100.0,43,0,1,15.4,0,0.0,0.0
SYN-000060,0.951,crop_farming,high,masonry,2349.0,1117426.0,44,0,1,3.4,0,0.0,0.0
SYN-000061,0.41,mixed_farming,medium,masonry,1270.0,860666.0,11,0,1,11.6,0,0.0,0.0
SYN-000062,0.835,livestock,low,masonry,940.0,224879.0,63,0,1,8.7,0,0.0,0.0
SYN-000063,0.556,livestock,medium,mixed,507.0,344064.0,26,0,1,5.4,0,0.0,0.0
SYN-000064,0.531,mixed_farming,medium,masonry,2588.0,812143.0,60,1,1,7.3,0,0.0,0.0
SYN-000065,0.822,mixed_farming,high,masonry,1669.0,787887.0,3,0,1,3.8,0,0.0,0.0
SYN-000066,0.849,livestock,low,wood,1464.0,759659.0,10,1,0,10.5,0,0.0,0.0
SYN-000067,0.735,livestock,low,masonry,1208.0,594383.0,22,0,1,8.2,0,0.0,0.0
SYN-000068,0.521,livestock,medium,mixed,893.0,309870.0,24,0,1,4.9,0,0.0,0.0
SYN-000069,0.404,crop_farming,low,masonry,588.0,245822.0,9,0,1,20.8,0,0.0,0.0
SYN-000070,0.842,livestock,high,masonry,1428.0,492813.0,55,1,1,11.0,0,0.0,0.0
SYN-000071,0.76,crop_farming,medium,masonry,854.0,431020.0,6,0,1,10.5,0,0.0,0.0
SYN-000072,0.654,livestock,medium,masonry,920.0,664525.0,9,0,0,7.1,0,0.0,0.0
SYN-000073,0.528,mixed_farming,low,masonry,3702.0,1869583.0,50,0,1,8.2,0,0.0,0.0
SYN-000074,0.857,crop_farming,medium,masonry,1175.0,356967.0,53,0,1,3.1,0,0.0,0.0
SYN-000075,0.443,crop_farming,high,mixed,246.0,211436.0,53,1,0,5.2,0,0.0,0.0
SYN-000076,0.786,crop_farming,medium,masonry,856.0,390883.0,70,0,1,12.5,0,0.0,0.0
SYN-000077,0.813,crop_farming,low,masonry,632.0,350164.0,64,1,0,12.1,0,0.0,0.0
SYN-000078,0.534,mixed_farming,low,masonry,1107.0,583414.0,30,0,1,3.1,0,0.0,0.0
SYN-000079,0.69,livestock,high,masonry,480.0,208997.0,52,0,0,3.8,0,0.0,0.0
SYN-000080,0.712,mixed_farming,high,masonry,1607.0,789484.0,18,1,0,11.1,0,0.0,0.0
SYN-000081,0.755,mixed_farming,low,masonry,1000.0,401520.0,66,0,0,11.2,0,0.0,0.0
SYN-000082,0.941,livestock,medium,mixed,890.0,631728.0,69,0,1,4.0,0,0.0,0.0
SYN-000083,0.728,mixed_farming,low,mixed,1336.0,697693.0,45,0,1,12.6,0,0.0,0.0
SYN-000084,0.44,crop_farming,medium,wood,1153.0,569205.0,39,0,1,4.1,0,0.0,0.0
SYN-000085,0.607,crop_farming,low,mixed,1110.0,340378.0,50,1,1,6.5,0,0.0,0.0
SYN-000086,0.777,crop_farming,high,masonry,1048.0,696378.0,67,0,1,6.9,1,3815.74,3815.74
SYN-000087,0.6,mixed_farming,high,masonry,1196.0,352245.0,74,1,1,12.1,0,0.0,0.0
SYN-000088,0.861,livestock,low,masonry,1515.0,701385.0,7,1,1,14.2,0,0.0,0.0
SYN-000089,0.514,crop_farming,medium,mixed,1396.0,725225.0,49,0,1,5.5,0,0.0,0.0
SYN-000090,0.486,livestock,low,masonry,2521.0,661777.0,17,0,0,10.0,0,0.0,0.0
SYN-000091,0.539,crop_farming,low,masonry,850.0,408250.0,5,0,1,23.5,0,0.0,0.0
SYN-000092,0.926,mixed_farming,low,wood,1415.0,680676.0,1,0,0,16.0,0,0.0,0.0
SYN-000093,0.809,livestock,low,masonry,5943.0,2808299.0,8,0,1,3.3,0,0.0,0.0
SYN-000094,0.712,livestock,high,masonry,1180.0,313080.0,36,0,0,7.5,0,0.0,0.0
SYN-000095,0.58,livestock,low,wood,1210.0,612363.0,69,0,1,9.0,0,0.0,0.0
SYN-000096,0.951,mixed_farming,high,masonry,533.0,309516.0,71,0,1,7.0,0,0.0,0.0
SYN-000097,0.933,livestock,low,masonry,762.0,383986.0,63,0,0,7.9,0,0.0,0.0
SYN-000098,0.64,crop_farming,medium,masonry,1131.0,414396.0,52,0,1,11.5,0,0.0,0.0
SYN-000099,0.852,crop_farming,medium,masonry,1714.0,816486.0,49,0,1,14.0,0,0.0,0.0
SYN-000100,0.948,viticulture,high,wood,1848.0,449151.0,2,0,0,13.3,0,0.0,0.0
SYN-000101,0.588,viticulture,low,mixed,1498.0,683112.0,66,0,1,11.7,0,0.0,0.0
SYN-000102,0.597,mixed_farming,low,masonry,2044.0,533476.0,2,0,0,3.2,0,0.0,0.0
SYN-000103,0.727,crop_farming,medium,masonry,633.0,298209.0,64,0,1,11.3,0,0.0,0.0
SYN-000104,0.645,viticulture,medium,masonry,1665.0,591811.0,58,0,1,4.3,0,0.0,0.0
SYN-000105,0.857,mixed_farming,medium,mixed,1223.0,551469.0,22,1,1,3.2,0,0.0,0.0
SYN-000106,0.722,mixed_farming,low,masonry,1314.0,680274.0,8,0,1,5.4,0,0.0,0.0
SYN-000107,0.527,livestock,low,masonry,958.0,476998.0,71,0,0,2.5,0,0.0,0.0
SYN-000108,0.614,crop_farming,high,mixed,652.0,188736.0,18,1,0,4.6,0,0.0,0.0
SYN-000109,0.803,crop_farming,medium,wood,550.0,275084.0,43,1,1,8.5,0,0.0,0.0
SYN-000110,0.432,viticulture,medium,wood,1493.0,656144.0,56,2,1,14.1,0,0.0,0.0
SYN-000111,0.605,livestock,low,mixed,1675.0,683029.0,38,0,1,12.4,0,0.0,0.0
SYN-000112,0.41,crop_farming,low,masonry,1114.0,313562.0,20,0,0,6.6,0,0.0,0.0
SYN-000113,0.893,livestock,high,mixed,1200.0,533666.0,40,0,1,5.6,0,0.0,0.0
SYN-000114,0.47,livestock,medium,wood,759.0,345058.0,40,0,1,1.6,0,0.0,0.0
SYN-000115,0.446,crop_farming,low,masonry,1681.0,991472.0,36,0,1,18.8,0,0.0,0.0
SYN-000116,0.872,mixed_farming,high,masonry,1261.0,503676.0,32,1,1,16.0,0,0.0,0.0
SYN-000117,0.454,mixed_farming,medium,masonry,956.0,279809.0,5,1,1,8.9,0,0.0,0.0
SYN-000118,0.811,mixed_farming,low,wood,2128.0,596869.0,28,1,1,13.7,0,0.0,0.0
SYN-000119,0.628,livestock,medium,wood,1843.0,583128.0,30,0,1,8.0,0,0.0,0.0
SYN-000120,0.893,mixed_farming,medium,mixed,447.0,140213.0,21,1,1,3.1,0,0.0,0.0
SYN-000121,0.51,mixed_farming,medium,masonry,1251.0,657657.0,9,0,1,2.1,0,0.0,0.0
SYN-000122,0.451,mixed_farming,medium,wood,650.0,401430.0,33,0,1,8.7,0,0.0,0.0
SYN-000123,0.537,crop_farming,medium,masonry,1327.0,437166.0,74,0,1,22.5,0,0.0,0.0
SYN-000124,0.959,livestock,low,masonry,156.0,100592.0,15,0,1,0.5,0,0.0,0.0
SYN-000125,0.897,crop_farming,high,mixed,1378.0,422029.0,56,0,1,8.9,0,0.0,0.0
SYN-000126,0.571,livestock,medium,mixed,1925.0,1048143.0,77,1,0,7.5,0,0.0,0.0
SYN-000127,0.524,livestock,medium,wood,1128.0,627926.0,77,1,1,9.8,0,0.0,0.0
SYN-000128,0.494,crop_farming,medium,masonry,568.0,269271.0,26,0,1,7.3,0,0.0,0.0
SYN-000129,0.533,crop_farming,medium,masonry,4323.0,2033392.0,11,0,1,25.5,0,0.0,0.0
SYN-000130,0.523,mixed_farming,medium,masonry,2569.0,771369.0,59,0,0,1.8,0,0.0,0.0
SYN-000131,0.933,crop_farming,medium,masonry,858.0,237596.0,25,0,1,5.1,0,0.0,0.0
SYN-000132,0.412,viticulture,high,wood,1023.0,583980.0,24,0,0,6.5,0,0.0,0.0
SYN-000133,0.928,mixed_farming,high,masonry,334.0,156082.0,58,0,1,2.5,0,0.0,0.0
SYN-000134,0.425,livestock,high,masonry,1649.0,868650.0,21,0,1,12.3,0,0.0,0.0
SYN-000135,0.896,mixed_farming,low,masonry,498.0,366609.0,42,0,0,5.6,0,0.0,0.0
SYN-000136,0.655,crop_farming,medium,mixed,1869.0,533935.0,39,0,1,4.8,0,0.0,0.0
SYN-000137,0.446,viticulture,medium,wood,2361.0,1061383.0,68,0,0,12.8,0,0.0,0.0
SYN-000138,0.879,livestock,low,masonry,1158.0,596280.0,59,2,0,6.9,0,0.0,0.0
SYN-000139,0.554,mixed_farming,medium,masonry,607.0,188156.0,30,0,1,3.2,0,0.0,0.0
SYN-000140,0.927,crop_farming,low,wood,2729.0,958470.0,1,0,1,3.0,0,0.0,0.0
SYN-000141,0.851,livestock,low,mixed,1214.0,651931.0,20,0,0,7.1,0,0.0,0.0
SYN-000142,0.989,livestock,low,masonry,1288.0,694712.0,14,0,0,14.2,0,0.0,0.0
SYN-000143,0.899,viticulture,low,masonry,661.0,272227.0,63,0,1,4.1,0,0.0,0.0
SYN-000144,0.545,livestock,low,wood,1374.0,641497.0,62,0,1,9.8,0,0.0,0.0
SYN-000145,0.646,livestock,medium,mixed,1062.0,405605.0,4,1,1,13.1,0,0.0,0.0
SYN-000146,0.818,crop_farming,medium,masonry,511.0,225945.0,29,0,1,11.4,0,0.0,0.0
SYN-000147,0.59,livestock,low,masonry,2896.0,1342927.0,12,0,1,4.8,0,0.0,0.0
SYN-000148,0.728,livestock,low,masonry,3803.0,1125353.0,69,0,0,11.4,0,0.0,0.0
SYN-000149,0.543,livestock,high,masonry,2349.0,816682.0,58,0,1,12.6,0,0.0,0.0
SYN-000150,0.798,crop_farming,low,masonry,2132.0,1040675.0,11,0,0,2.3,0,0.0,0.0
SYN-000151,0.605,mixed_farming,medium,masonry,3817.0,1234742.0,56,0,1,4.5,0,0.0,0.0
SYN-000152,0.433,mixed_farming,medium,masonry,613.0,357610.0,66,0,0,6.4,0,0.0,0.0
SYN-000153,0.981,crop_farming,medium,masonry,609.0,575949.0,6,0,1,4.8,0,0.0,0.0
SYN-000154,0.906,livestock,high,masonry,926.0,491024.0,50,0,1,2.7,0,0.0,0.0
SYN-000155,0.582,crop_farming,medium,masonry,1471.0,717852.0,43,0,1,3.3,0,0.0,0.0
SYN-000156,0.478,mixed_farming,high,mixed,1002.0,596792.0,14,0,0,6.0,0,0.0,0.0
SYN-000157,0.841,crop_farming,high,masonry,625.0,325142.0,74,0,0,6.4,0,0.0,0.0
SYN-000158,0.532,mixed_farming,low,wood,1216.0,713987.0,1,0,1,10.6,0,0.0,0.0
SYN-000159,0.763,mixed_farming,low,wood,1140.0,374141.0,40,0,1,6.5,0,0.0,0.0
SYN-000160,0.867,mixed_farming,low,wood,2094.0,1007122.0,71,1,1,2.7,0,0.0,0.0
SYN-000161,0.563,crop_farming,medium,masonry,1248.0,439050.0,25,1,1,12.2,0,0.0,0.0
SYN-000162,0.571,viticulture,medium,masonry,351.0,161675.0,24,0,1,6.2,0,0.0,0.0
SYN-000163,0.437,crop_farming,low,mixed,1557.0,694580.0,59,0,1,8.8,0,0.0,0.0
SYN-000164,0.592,crop_farming,low,masonry,3389.0,1024791.0,20,0,1,6.2,0,0.0,0.0
SYN-000165,0.758,livestock,medium,masonry,1235.0,378824.0,41,0,1,4.4,0,0.0,0.0
SYN-000166,0.493,livestock,medium,masonry,2302.0,998699.0,15,0,1,6.0,0,0.0,0.0
SYN-000167,0.972,mixed_farming,medium,mixed,873.0,246142.0,6,0,0,11.4,0,0.0,0.0
SYN-000168,0.833,mixed_farming,high,mixed,1751.0,892804.0,29,0,0,14.7,0,0.0,0.0
SYN-000169,0.522,livestock,low,masonry,747.0,431440.0,12,0,0,6.0,0,0.0,0.0
SYN-000170,0.718,viticulture,medium,wood,1033.0,517336.0,42,0,0,8.9,0,0.0,0.0
SYN-000171,0.635,crop_farming,high,mixed,1038.0,360774.0,40,0,1,2.0,0,0.0,0.0
SYN-000172,0.629,livestock,medium,masonry,1652.0,764584.0,39,0,0,1.8,0,0.0,0.0
SYN-000173,0.736,crop_farming,medium,masonry,709.0,186362.0,78,1,1,10.1,0,0.0,0.0
SYN-000174,0.465,viticulture,medium,masonry,468.0,206211.0,69,0,1,11.1,0,0.0,0.0
SYN-000175,0.529,crop_farming,low,wood,1645.0,717227.0,35,0,0,3.9,0,0.0,0.0
SYN-000176,0.49,crop_farming,high,mixed,1605.0,597232.0,16,0,1,4.4,0,0.0,0.0
SYN-000177,0.504,livestock,medium,mixed,1304.0,475494.0,17,0,1,16.4,0,0.0,0.0
SYN-000178,0.793,viticulture,medium,mixed,2222.0,1237852.0,60,0,1,8.5,0,0.0,0.0
SYN-000179,0.998,mixed_farming,medium,masonry,1062.0,325936.0,68,0,0,5.4,0,0.0,0.0
SYN-000180,0.791,mixed_farming,medium,wood,1455.0,548161.0,73,0,1,13.6,0,0.0,0.0
SYN-000181,0.991,mixed_farming,low,wood,965.0,327964.0,75,0,1,3.3,0,0.0,0.0
SYN-000182,0.746,mixed_farming,medium,mixed,1024.0,463800.0,3,0,0,17.6,0,0.0,0.0
SYN-000183,0.57,livestock,medium,masonry,1512.0,776861.0,67,0,0,7.3,0,0.0,0.0
SYN-000184,0.923,livestock,low,masonry,5289.0,1431495.0,61,0,1,4.0,0,0.0,0.0
SYN-000185,0.44,mixed_farming,medium,masonry,1964.0,556506.0,14,1,1,18.5,0,0.0,0.0
SYN-000186,0.461,mixed_farming,high,masonry,1731.0,532733.0,22,0,0,2.3,0,0.0,0.0
SYN-000187,0.969,livestock,medium,mixed,2004.0,831870.0,78,0,0,5.0,0,0.0,0.0
SYN-000188,0.79,crop_farming,medium,mixed,263.0,134561.0,36,0,1,15.1,0,0.0,0.0
SYN-000189,0.957,mixed_farming,medium,wood,1491.0,733657.0,56,1,0,5.5,0,0.0,0.0
SYN-000190,0.48,crop_farming,high,masonry,2190.0,1104848.0,5,2,0,3.8,0,0.0,0.0
SYN-000191,0.861,viticulture,medium,masonry,1280.0,326575.0,52,0,1,11.6,0,0.0,0.0
SYN-000192,0.541,crop_farming,high,masonry,1178.0,718316.0,24,0,1,9.7,0,0.0,0.0
SYN-000193,0.606,crop_farming,low,wood,658.0,368061.0,63,0,0,11.9,1,21762.08,21762.08
SYN-000194,0.939,mixed_farming,high,mixed,914.0,456416.0,9,0,1,10.5,0,0.0,0.0
SYN-000195,0.647,crop_farming,high,masonry,705.0,293703.0,80,0,0,13.4,0,0.0,0.0
SYN-000196,0.802,crop_farming,medium,mixed,2321.0,1061395.0,19,0,1,9.3,0,0.0,0.0
SYN-000197,0.932,mixed_farming,medium,mixed,3217.0,1322619.0,33,1,1,8.1,1,39524.01,39524.01
SYN-000198,0.923,mixed_farming,low,masonry,4263.0,1398460.0,3,1,0,15.4,0,0.0,0.0
SYN-000199,0.405,crop_farming,medium,masonry,698.0,170312.0,8,0,1,23.8,0,0.0,0.0
SYN-000200,0.495,livestock,low,masonry,785.0,385428.0,76,1,1,8.8,0,0.0,0.0
SYN-000201,0.951,mixed_farming,low,masonry,744.0,342629.0,57,0,1,3.9,0,0.0,0.0
SYN-000202,0.737,viticulture,high,mixed,625.0,181654.0,72,0,0,6.1,0,0.0,0.0
SYN-000203,0.688,livestock,low,masonry,632.0,349176.0,68,0,1,2.8,0,0.0,0.0
SYN-000204,0.439,crop_farming,medium,mixed,867.0,319392.0,53,1,1,17.0,0,0.0,0.0
SYN-000205,0.415,crop_farming,low,mixed,2140.0,787882.0,52,0,1,5.4,0,0.0,0.0
SYN-000206,0.972,crop_farming,medium,masonry,760.0,271615.0,27,0,1,5.3,0,0.0,0.0
SYN-000207,0.684,crop_farming,medium,wood,2403.0,1285232.0,57,0,1,8.3,0,0.0,0.0
SYN-000208,0.872,mixed_farming,low,masonry,2948.0,724279.0,76,0,0,4.0,0,0.0,0.0
SYN-000209,0.532,crop_farming,medium,mixed,1459.0,642221.0,19,2,0,4.2,0,0.0,0.0
SYN-000210,0.542,livestock,high,masonry,2694.0,1116775.0,78,1,0,2.7,0,0.0,0.0
SYN-000211,0.736,mixed_farming,medium,mixed,500.0,162251.0,42,0,1,3.1,0,0.0,0.0
SYN-000212,0.926,mixed_farming,high,masonry,843.0,380298.0,64,0,1,9.9,0,0.0,0.0
SYN-000213,0.573,crop_farming,medium,masonry,1371.0,500750.0,29,0,0,8.9,0,0.0,0.0
SYN-000214,0.597,mixed_farming,medium,masonry,1401.0,536673.0,55,2,1,5.2,0,0.0,0.0
SYN-000215,0.73,mixed_farming,low,mixed,3069.0,799132.0,45,0,1,26.3,0,0.0,0.0
SYN-000216,0.424,mixed_farming,low,mixed,633.0,374020.0,27,0,1,7.8,0,0.0,0.0
SYN-000217,0.627,crop_farming,high,mixed,855.0,445714.0,3,0,0,16.6,0,0.0,0.0
SYN-000218,0.734,crop_farming,medium,masonry,1147.0,627397.0,71,0,0,6.2,0,0.0,0.0
SYN-000219,0.403,viticulture,medium,mixed,865.0,429739.0,56,0,0,2.0,0,0.0,0.0
SYN-000220,0.783,livestock,high,mixed,615.0,226644.0,40,0,0,20.3,0,0.0,0.0
SYN-000221,0.431,livestock,low,masonry,889.0,361155.0,44,1,1,24.2,0,0.0,0.0
SYN-000222,0.832,livestock,medium,masonry,1033.0,379430.0,51,0,0,18.5,0,0.0,0.0
SYN-000223,0.881,mixed_farming,low,masonry,3105.0,1199716.0,3,0,1,8.7,0,0.0,0.0
SYN-000224,0.903,viticulture,high,mixed,624.0,238032.0,14,0,1,9.8,0,0.0,0.0
SYN-000225,0.804,crop_farming,low,masonry,2059.0,1028861.0,80,1,1,6.4,0,0.0,0.0
SYN-000226,0.737,viticulture,low,masonry,2771.0,1029857.0,2,1,1,14.8,0,0.0,0.0
SYN-000227,0.585,crop_farming,medium,wood,869.0,501844.0,9,0,0,8.5,0,0.0,0.0
SYN-000228,0.655,livestock,low,wood,1435.0,631688.0,80,1,1,12.1,0,0.0,0.0
SYN-000229,0.452,mixed_farming,high,masonry,1762.0,692583.0,63,0,1,2.9,0,0.0,0.0
SYN-000230,0.824,crop_farming,medium,wood,1583.0,485531.0,50,0,1,5.3,0,0.0,0.0
SYN-000231,0.415,crop_farming,low,masonry,1278.0,359922.0,74,1,1,12.5,0,0.0,0.0
SYN-000232,0.648,livestock,low,wood,780.0,398223.0,55,0,0,3.8,0,0.0,0.0
SYN-000233,0.704,viticulture,high,masonry,1864.0,1150999.0,8,0,1,5.7,0,0.0,0.0
SYN-000234,0.79,mixed_farming,medium,masonry,950.0,325417.0,5,0,1,7.3,0,0.0,0.0
SYN-000235,0.606,viticulture,high,wood,1235.0,507079.0,71,0,1,9.4,0,0.0,0.0
SYN-000236,0.666,mixed_farming,low,masonry,1359.0,417565.0,34,0,0,4.3,0,0.0,0.0
SYN-000237,0.752,livestock,high,mixed,2114.0,783922.0,29,0,0,12.6,0,0.0,0.0
SYN-000238,0.954,mixed_farming,medium,masonry,4244.0,2079990.0,23,0,1,8.2,0,0.0,0.0
SYN-000239,0.803,crop_farming,medium,masonry,750.0,265110.0,64,0,1,0.5,0,0.0,0.0
SYN-000240,0.553,crop_farming,medium,wood,1254.0,424579.0,67,0,1,2.5,0,0.0,0.0
SYN-000241,0.908,mixed_farming,low,masonry,462.0,217278.0,50,0,0,2.5,0,0.0,0.0
SYN-000242,0.433,mixed_farming,high,wood,3175.0,1010102.0,39,0,1,3.2,0,0.0,0.0
SYN-000243,0.563,crop_farming,high,wood,1247.0,345150.0,48,0,0,11.9,0,0.0,0.0
SYN-000244,0.465,livestock,medium,masonry,997.0,354900.0,31,0,0,2.0,0,0.0,0.0
SYN-000245,0.668,mixed_farming,high,masonry,1254.0,559285.0,30,0,0,2.4,0,0.0,0.0
SYN-000246,0.782,mixed_farming,low,masonry,1296.0,788504.0,12,0,1,27.0,0,0.0,0.0
SYN-000247,0.719,mixed_farming,low,masonry,753.0,405044.0,38,0,1,3.2,0,0.0,0.0
SYN-000248,0.887,livestock,low,masonry,2623.0,1089178.0,31,0,1,5.4,0,0.0,0.0
SYN-000249,0.74,livestock,medium,masonry,1843.0,884042.0,23,0,1,8.4,1,19617.73,19617.73
SYN-000250,0.54,livestock,low,mixed,2018.0,806541.0,29,1,1,4.0,0,0.0,0.0
SYN-000251,0.722,mixed_farming,medium,masonry,779.0,330287.0,57,1,1,5.4,0,0.0,0.0
SYN-000252,0.841,mixed_farming,low,mixed,752.0,271099.0,63,0,1,3.6,0,0.0,0.0
SYN-000253,0.702,livestock,medium,masonry,1126.0,540389.0,65,0,0,4.8,0,0.0,0.0
SYN-000254,0.665,crop_farming,high,masonry,2039.0,748834.0,68,0,1,4.0,0,0.0,0.0
SYN-000255,0.717,crop_farming,medium,masonry,1679.0,921993.0,79,0,1,7.8,0,0.0,0.0
SYN-000256,0.729,mixed_farming,low,masonry,731.0,404554.0,31,0,1,5.0,0,0.0,0.0
SYN-000257,0.586,mixed_farming,medium,mixed,1871.0,1085642.0,72,0,1,1.2,0,0.0,0.0
SYN-000258,0.913,crop_farming,low,masonry,644.0,224899.0,33,1,1,24.2,0,0.0,0.0
SYN-000259,0.525,crop_farming,medium,mixed,788.0,236016.0,67,1,0,1.6,0,0.0,0.0
SYN-000260,0.42,mixed_farming,medium,mixed,1343.0,819825.0,79,0,1,10.2,0,0.0,0.0
SYN-000261,0.845,crop_farming,medium,masonry,566.0,262345.0,63,0,1,3.9,0,0.0,0.0
SYN-000262,0.905,mixed_farming,low,wood,648.0,367040.0,31,0,1,8.1,0,0.0,0.0
SYN-000263,0.786,livestock,high,wood,3324.0,907292.0,31,1,1,1.6,0,0.0,0.0
SYN-000264,0.681,crop_farming,high,masonry,2946.0,1492643.0,51,0,0,8.7,0,0.0,0.0
SYN-000265,0.985,viticulture,medium,wood,5369.0,1194825.0,80,0,1,11.4,0,0.0,0.0
SYN-000266,0.622,crop_farming,high,masonry,1624.0,834596.0,11,0,1,7.5,0,0.0,0.0
SYN-000267,0.644,crop_farming,high,mixed,1843.0,531977.0,21,0,1,7.6,1,15523.46,15523.46
SYN-000268,0.755,crop_farming,low,masonry,1096.0,345364.0,35,0,1,3.5,0,0.0,0.0
SYN-000269,0.658,crop_farming,medium,mixed,965.0,588281.0,65,1,1,5.6,0,0.0,0.0
SYN-000270,0.733,crop_farming,low,mixed,2136.0,772047.0,20,0,0,1.2,0,0.0,0.0
SYN-000271,0.98,crop_farming,medium,wood,2937.0,918058.0,37,0,1,2.3,0,0.0,0.0
SYN-000272,0.542,crop_farming,low,wood,2021.0,827943.0,20,0,0,12.9,0,0.0,0.0
SYN-000273,0.489,crop_farming,high,masonry,702.0,341911.0,57,0,1,32.4,0,0.0,0.0
SYN-000274,0.654,mixed_farming,medium,mixed,1563.0,502063.0,19,0,1,9.8,0,0.0,0.0
SYN-000275,0.702,mixed_farming,low,masonry,735.0,213783.0,8,0,1,7.9,0,0.0,0.0
SYN-000276,0.828,livestock,medium,masonry,981.0,519780.0,38,0,1,0.8,0,0.0,0.0
SYN-000277,0.973,livestock,medium,masonry,3511.0,989542.0,1,0,0,7.5,0,0.0,0.0
SYN-000278,0.813,livestock,medium,wood,556.0,294076.0,24,0,1,2.5,0,0.0,0.0
SYN-000279,0.992,mixed_farming,high,mixed,4962.0,2225391.0,78,2,0,9.0,0,0.0,0.0
SYN-000280,0.548,mixed_farming,low,masonry,1732.0,568905.0,66,0,1,17.8,0,0.0,0.0
SYN-000281,0.525,crop_farming,medium,wood,895.0,376042.0,51,0,1,3.6,0,0.0,0.0
SYN-000282,0.584,crop_farming,medium,mixed,1267.0,514282.0,36,0,0,6.7,0,0.0,0.0
SYN-000283,0.872,crop_farming,medium,masonry,776.0,358619.0,65,2,1,6.8,0,0.0,0.0
SYN-000284,0.512,crop_farming,medium,masonry,849.0,297292.0,5,1,1,7.2,0,0.0,0.0
SYN-000285,0.518,livestock,low,mixed,1271.0,636748.0,35,0,0,9.4,0,0.0,0.0
SYN-000286,0.647,livestock,low,mixed,979.0,364873.0,36,0,1,3.6,0,0.0,0.0
SYN-000287,0.591,crop_farming,medium,masonry,661.0,395944.0,2,0,1,2.4,0,0.0,0.0
SYN-000288,0.788,livestock,high,masonry,1050.0,327769.0,8,0,0,19.9,1,7868.3,7868.3
SYN-000289,0.934,livestock,low,masonry,516.0,302641.0,35,0,1,8.9,1,14796.7,14796.7
SYN-000290,0.483,crop_farming,low,masonry,530.0,299815.0,12,0,1,15.5,0,0.0,0.0
SYN-000291,0.728,mixed_farming,medium,masonry,527.0,248184.0,80,0,0,14.2,0,0.0,0.0
SYN-000292,0.453,crop_farming,high,masonry,3592.0,1323398.0,11,2,0,3.7,0,0.0,0.0
SYN-000293,0.533,viticulture,medium,masonry,1578.0,398510.0,3,0,1,10.3,0,0.0,0.0
SYN-000294,0.585,crop_farming,low,mixed,1785.0,489389.0,64,0,0,10.7,0,0.0,0.0
SYN-000295,0.747,mixed_farming,medium,masonry,1221.0,390463.0,33,0,0,5.4,0,0.0,0.0
SYN-000296,0.733,viticulture,medium,masonry,1684.0,734743.0,35,0,1,3.8,0,0.0,0.0
SYN-000297,0.786,viticulture,medium,masonry,2603.0,1108944.0,22,1,1,5.4,0,0.0,0.0
SYN-000298,0.891,mixed_farming,low,wood,1580.0,503740.0,1,0,1,5.7,1,26553.13,26553.13
SYN-000299,0.512,mixed_farming,low,masonry,3520.0,1326454.0,58,0,1,4.7,0,0.0,0.0
SYN-000300,0.846,mixed_farming,low,masonry,1183.0,762140.0,41,0,1,3.1,0,0.0,0.0
SYN-000301,0.8,mixed_farming,medium,masonry,1789.0,745433.0,32,0,1,9.8,0,0.0,0.0
SYN-000302,0.448,crop_farming,medium,mixed,1915.0,702097.0,17,1,1,2.4,0,0.0,0.0
SYN-000303,0.607,livestock,low,masonry,661.0,344167.0,11,0,1,11.8,0,0.0,0.0
SYN-000304,0.417,livestock,medium,masonry,1246.0,534430.0,58,0,1,25.4,0,0.0,0.0
SYN-000305,0.454,mixed_farming,medium,wood,366.0,168579.0,6,1,1,7.6,0,0.0,0.0
SYN-000306,0.57,livestock,low,mixed,1114.0,536316.0,76,0,0,7.2,0,0.0,0.0
SYN-000307,0.546,livestock,medium,masonry,1011.0,651987.0,43,0,1,4.8,0,0.0,0.0
SYN-000308,0.94,mixed_farming,medium,masonry,972.0,382102.0,14,0,0,13.1,0,0.0,0.0
SYN-000309,0.936,crop_farming,medium,wood,930.0,250679.0,71,0,1,6.1,0,0.0,0.0
SYN-000310,0.747,crop_farming,high,wood,1691.0,426444.0,23,0,1,7.1,1,5269.28,5269.28
SYN-000311,0.841,livestock,high,mixed,681.0,279594.0,24,0,0,9.1,0,0.0,0.0
SYN-000312,1.0,livestock,low,mixed,4060.0,1839688.0,57,0,1,3.3,0,0.0,0.0
SYN-000313,0.646,crop_farming,low,wood,1753.0,786531.0,10,0,1,3.3,1,2529.49,2529.49
SYN-000314,0.713,livestock,low,wood,719.0,239470.0,51,2,0,4.9,0,0.0,0.0
SYN-000315,0.791,livestock,low,masonry,1846.0,637496.0,22,0,1,4.5,0,0.0,0.0
SYN-000316,0.952,livestock,medium,wood,2314.0,1113856.0,67,0,0,18.5,0,0.0,0.0
SYN-000317,0.878,livestock,high,mixed,1541.0,658823.0,38,0,1,7.3,0,0.0,0.0
SYN-000318,0.439,mixed_farming,high,mixed,630.0,303812.0,52,0,1,2.8,0,0.0,0.0
SYN-000319,0.828,crop_farming,low,masonry,5189.0,2374969.0,37,0,1,5.3,0,0.0,0.0
SYN-000320,0.551,viticulture,medium,masonry,1837.0,659063.0,16,0,1,10.6,0,0.0,0.0
SYN-000321,0.553,viticulture,low,mixed,539.0,299992.0,26,0,1,16.5,0,0.0,0.0
SYN-000322,0.728,livestock,medium,mixed,1388.0,639331.0,67,0,1,38.3,0,0.0,0.0
SYN-000323,0.818,livestock,low,masonry,1050.0,449950.0,41,0,0,2.2,0,0.0,0.0
SYN-000324,0.496,livestock,high,mixed,1217.0,420824.0,13,1,1,24.7,0,0.0,0.0
SYN-000325,0.589,mixed_farming,high,masonry,558.0,320783.0,6,0,0,8.8,0,0.0,0.0
SYN-000326,0.83,mixed_farming,low,masonry,1256.0,360301.0,7,0,0,16.4,0,0.0,0.0
SYN-000327,0.491,mixed_farming,medium,mixed,706.0,220552.0,66,0,1,4.6,0,0.0,0.0
SYN-000328,0.91,livestock,medium,mixed,966.0,361575.0,76,0,1,15.7,0,0.0,0.0
SYN-000329,0.674,mixed_farming,high,masonry,1559.0,779799.0,41,0,0,17.2,0,0.0,0.0
SYN-000330,0.752,crop_farming,medium,masonry,889.0,410110.0,47,0,1,12.1,0,0.0,0.0
SYN-000331,0.448,mixed_farming,low,masonry,1003.0,339421.0,42,0,0,22.0,0,0.0,0.0
SYN-000332,0.973,crop_farming,medium,mixed,2066.0,549479.0,27,0,0,3.3,0,0.0,0.0
SYN-000333,0.945,mixed_farming,low,wood,680.0,191274.0,62,0,1,4.8,0,0.0,0.0
SYN-000334,0.514,mixed_farming,medium,mixed,795.0,374877.0,21,2,1,5.9,0,0.0,0.0
SYN-000335,0.798,crop_farming,low,mixed,536.0,322017.0,59,0,1,2.9,0,0.0,0.0
SYN-000336,0.876,mixed_farming,medium,masonry,710.0,357330.0,7,0,1,10.7,0,0.0,0.0
SYN-000337,0.473,crop_farming,high,masonry,1318.0,616658.0,47,1,1,11.5,0,0.0,0.0
SYN-000338,0.746,mixed_farming,low,wood,1837.0,912337.0,45,0,1,1.7,0,0.0,0.0
SYN-000339,0.91,crop_farming,medium,masonry,718.0,261320.0,11,0,0,14.5,0,0.0,0.0
SYN-000340,0.704,viticulture,medium,masonry,1802.0,896431.0,70,1,1,12.0,0,0.0,0.0
SYN-000341,0.954,crop_farming,low,masonry,1298.0,531874.0,16,0,1,10.6,0,0.0,0.0
SYN-000342,0.429,viticulture,medium,mixed,493.0,282118.0,55,1,1,0.5,0,0.0,0.0
SYN-000343,0.952,mixed_farming,medium,masonry,1358.0,614429.0,39,0,1,8.6,1,9800.54,9800.54
SYN-000344,0.986,mixed_farming,medium,masonry,2634.0,1406120.0,61,0,1,24.5,0,0.0,0.0
SYN-000345,0.494,mixed_farming,high,mixed,354.0,393872.0,35,0,1,10.2,0,0.0,0.0
SYN-000346,0.659,mixed_farming,medium,masonry,4462.0,1918373.0,48,1,1,5.2,0,0.0,0.0
SYN-000347,0.772,viticulture,medium,masonry,815.0,392825.0,60,1,1,4.4,0,0.0,0.0
SYN-000348,0.936,crop_farming,low,mixed,415.0,291955.0,1,0,1,16.1,0,0.0,0.0
SYN-000349,0.496,mixed_farming,low,wood,1326.0,358084.0,17,0,0,4.8,0,0.0,0.0
SYN-000350,0.6,crop_farming,low,masonry,2080.0,860916.0,36,0,1,10.1,0,0.0,0.0
SYN-000351,0.879,mixed_farming,high,masonry,1010.0,369770.0,29,0,1,3.1,0,0.0,0.0
SYN-000352,0.646,crop_farming,high,masonry,1484.0,797777.0,3,0,1,21.8,0,0.0,0.0
SYN-000353,0.763,livestock,high,masonry,4807.0,2222057.0,51,0,1,15.2,0,0.0,0.0
SYN-000354,0.736,livestock,low,wood,1385.0,592023.0,7,0,1,16.0,0,0.0,0.0
SYN-000355,0.984,livestock,medium,mixed,8422.0,3065165.0,61,0,1,13.5,1,19525.3,19525.3
SYN-000356,0.485,livestock,medium,masonry,2757.0,1198619.0,15,0,1,7.6,0,0.0,0.0
SYN-000357,0.969,mixed_farming,medium,mixed,1253.0,569752.0,49,0,1,2.7,1,37659.26,37659.26
SYN-000358,0.738,mixed_farming,low,masonry,1465.0,469485.0,72,0,1,3.0,0,0.0,0.0
SYN-000359,0.942,livestock,high,masonry,985.0,509935.0,30,0,0,12.6,0,0.0,0.0
SYN-000360,0.471,mixed_farming,low,wood,1425.0,543808.0,18,0,1,6.6,0,0.0,0.0
SYN-000361,0.785,viticulture,low,masonry,1746.0,526039.0,19,1,0,7.9,0,0.0,0.0
SYN-000362,0.904,crop_farming,high,masonry,932.0,422603.0,37,0,1,8.6,0,0.0,0.0
SYN-000363,0.872,crop_farming,medium,wood,494.0,156838.0,24,0,1,1.4,0,0.0,0.0
SYN-000364,0.406,crop_farming,medium,masonry,2861.0,1273194.0,71,1,1,11.6,0,0.0,0.0
SYN-000365,0.671,mixed_farming,medium,masonry,2282.0,878110.0,68,0,1,6.8,0,0.0,0.0
SYN-000366,0.469,livestock,high,masonry,482.0,214198.0,55,1,1,19.5,0,0.0,0.0
SYN-000367,0.492,mixed_farming,low,masonry,1354.0,401838.0,28,1,1,6.8,0,0.0,0.0
SYN-000368,0.824,mixed_farming,medium,masonry,2363.0,1074297.0,11,0,1,14.9,0,0.0,0.0
SYN-000369,0.974,livestock,low,masonry,2209.0,980913.0,19,0,1,14.1,0,0.0,0.0
SYN-000370,0.78,mixed_farming,low,masonry,772.0,409851.0,37,0,1,7.7,0,0.0,0.0
SYN-000371,0.461,mixed_farming,medium,masonry,2295.0,827457.0,66,0,1,3.4,0,0.0,0.0
SYN-000372,0.546,crop_farming,medium,mixed,1224.0,537136.0,62,1,0,10.5,0,0.0,0.0
SYN-000373,0.627,livestock,low,wood,1560.0,697126.0,79,0,1,12.9,0,0.0,0.0
SYN-000374,0.475,livestock,medium,mixed,667.0,200877.0,36,0,0,25.5,0,0.0,0.0
SYN-000375,0.909,crop_farming,medium,mixed,150.0,128341.0,45,1,0,13.8,0,0.0,0.0
SYN-000376,0.517,crop_farming,medium,mixed,731.0,273703.0,18,1,1,9.2,0,0.0,0.0
SYN-000377,0.478,viticulture,medium,masonry,1718.0,834393.0,56,0,0,9.8,0,0.0,0.0
SYN-000378,0.835,livestock,high,masonry,1060.0,488753.0,52,0,0,10.0,0,0.0,0.0
SYN-000379,0.476,livestock,medium,masonry,1849.0,856216.0,6,0,1,13.2,0,0.0,0.0
SYN-000380,0.646,mixed_farming,medium,masonry,2487.0,1200715.0,33,0,0,5.8,0,0.0,0.0
SYN-000381,0.709,livestock,medium,wood,978.0,360837.0,75,0,1,9.1,0,0.0,0.0
SYN-000382,0.448,viticulture,medium,masonry,917.0,249164.0,42,0,1,1.7,0,0.0,0.0
SYN-000383,0.733,mixed_farming,low,wood,293.0,208645.0,35,0,1,3.9,0,0.0,0.0
SYN-000384,0.688,livestock,low,masonry,443.0,234607.0,10,0,0,9.8,0,0.0,0.0
SYN-000385,0.801,livestock,low,masonry,507.0,194970.0,64,0,1,17.0,0,0.0,0.0
SYN-000386,0.531,viticulture,medium,masonry,1740.0,850312.0,73,0,0,8.9,0,0.0,0.0
SYN-000387,0.614,mixed_farming,high,masonry,984.0,518320.0,73,0,0,14.1,0,0.0,0.0
SYN-000388,0.796,viticulture,medium,masonry,856.0,232853.0,74,2,1,14.5,0,0.0,0.0
SYN-000389,0.421,crop_farming,medium,mixed,795.0,373989.0,76,0,1,13.7,0,0.0,0.0
SYN-000390,0.469,mixed_farming,medium,masonry,730.0,493168.0,25,0,0,2.5,0,0.0,0.0
SYN-000391,0.57,mixed_farming,medium,mixed,2209.0,1180590.0,61,0,1,5.1,0,0.0,0.0
SYN-000392,0.464,crop_farming,medium,wood,1288.0,660706.0,24,0,0,17.1,0,0.0,0.0
SYN-000393,0.424,mixed_farming,medium,masonry,2309.0,1186408.0,29,0,1,7.5,0,0.0,0.0
SYN-000394,0.992,mixed_farming,medium,wood,291.0,134496.0,14,0,0,8.2,0,0.0,0.0
SYN-000395,0.673,crop_farming,low,masonry,1713.0,923851.0,4,0,1,9.0,0,0.0,0.0
SYN-000396,0.72,livestock,medium,masonry,885.0,318127.0,47,0,0,20.0,0,0.0,0.0
SYN-000397,0.553,mixed_farming,medium,masonry,1009.0,325208.0,7,0,0,4.4,0,0.0,0.0
SYN-000398,0.405,crop_farming,medium,mixed,2920.0,1322053.0,16,0,1,13.3,0,0.0,0.0
SYN-000399,0.85,livestock,high,masonry,941.0,540817.0,16,0,1,9.6,0,0.0,0.0
SYN-000400,0.834,livestock,medium,mixed,1669.0,809712.0,50,1,1,8.8,0,0.0,0.0
SYN-000401,0.984,livestock,medium,wood,625.0,320470.0,40,0,0,5.4,0,0.0,0.0
SYN-000402,0.413,viticulture,low,masonry,1241.0,676909.0,76,0,1,11.6,0,0.0,0.0
SYN-000403,0.482,mixed_farming,medium,mixed,431.0,258872.0,53,0,0,7.3,0,0.0,0.0
SYN-000404,0.827,crop_farming,high,mixed,1168.0,374761.0,15,0,1,18.1,0,0.0,0.0
SYN-000405,0.598,viticulture,high,masonry,1557.0,771960.0,21,0,1,13.5,0,0.0,0.0
SYN-000406,0.438,mixed_farming,high,masonry,2488.0,972708.0,19,0,1,12.0,0,0.0,0.0
SYN-000407,0.581,crop_farming,low,masonry,712.0,263126.0,37,0,1,15.7,0,0.0,0.0
SYN-000408,0.453,mixed_farming,medium,masonry,859.0,342680.0,8,0,0,4.6,0,0.0,0.0
SYN-000409,0.903,crop_farming,high,mixed,797.0,563781.0,35,0,1,22.3,0,0.0,0.0
SYN-000410,0.926,viticulture,medium,masonry,1028.0,542409.0,26,0,0,9.8,0,0.0,0.0
SYN-000411,0.782,mixed_farming,medium,masonry,648.0,319605.0,9,0,0,7.8,0,0.0,0.0
SYN-000412,0.631,mixed_farming,medium,mixed,298.0,162623.0,71,0,1,15.9,0,0.0,0.0
SYN-000413,0.861,crop_farming,medium,mixed,615.0,332758.0,28,0,1,4.6,0,0.0,0.0
SYN-000414,0.779,mixed_farming,low,wood,1174.0,393042.0,2,0,1,8.5,0,0.0,0.0
SYN-000415,0.875,crop_farming,low,masonry,1101.0,472535.0,59,0,1,8.1,0,0.0,0.0
SYN-000416,0.707,crop_farming,high,mixed,1735.0,805038.0,51,0,1,6.6,0,0.0,0.0
SYN-000417,0.975,crop_farming,high,masonry,2095.0,1114014.0,29,1,1,13.6,0,0.0,0.0
SYN-000418,0.574,mixed_farming,high,mixed,905.0,250312.0,31,1,1,11.7,0,0.0,0.0
SYN-000419,0.763,crop_farming,low,masonry,432.0,244288.0,16,0,1,7.5,0,0.0,0.0
SYN-000420,0.885,viticulture,low,masonry,1575.0,899476.0,26,2,0,17.5,1,15908.08,15908.08
SYN-000421,0.936,mixed_farming,low,wood,1204.0,319133.0,14,0,1,9.8,0,0.0,0.0
SYN-000422,0.968,crop_farming,high,mixed,1025.0,568437.0,14,0,1,11.1,1,9335.82,9335.82
SYN-000423,0.637,crop_farming,medium,mixed,2679.0,659277.0,32,0,1,12.1,0,0.0,0.0
SYN-000424,0.82,crop_farming,high,masonry,1624.0,751904.0,67,0,1,3.8,0,0.0,0.0
SYN-000425,0.574,mixed_farming,low,mixed,1313.0,499931.0,14,0,0,7.7,0,0.0,0.0
SYN-000426,0.79,mixed_farming,medium,masonry,1348.0,819776.0,66,0,1,6.7,0,0.0,0.0
SYN-000427,0.511,crop_farming,medium,masonry,2106.0,951754.0,67,0,1,5.9,0,0.0,0.0
SYN-000428,0.653,mixed_farming,low,masonry,774.0,459743.0,4,0,1,6.4,0,0.0,0.0
SYN-000429,0.952,crop_farming,high,masonry,684.0,257889.0,23,0,1,27.1,0,0.0,0.0
SYN-000430,0.887,mixed_farming,medium,masonry,1041.0,722581.0,47,1,0,5.4,0,0.0,0.0
SYN-000431,0.698,viticulture,low,mixed,564.0,519248.0,13,1,1,16.1,0,0.0,0.0
SYN-000432,0.488,mixed_farming,low,masonry,1177.0,532221.0,34,0,1,11.3,0,0.0,0.0
SYN-000433,0.639,mixed_farming,high,mixed,1291.0,443700.0,57,0,1,9.5,0,0.0,0.0
SYN-000434,0.483,mixed_farming,medium,wood,1159.0,714151.0,1,1,1,6.3,0,0.0,0.0
SYN-000435,0.441,crop_farming,medium,masonry,958.0,459086.0,52,0,1,2.1,0,0.0,0.0
SYN-000436,0.944,crop_farming,medium,mixed,3549.0,1815802.0,25,0,1,5.3,0,0.0,0.0
SYN-000437,0.695,crop_farming,medium,masonry,2234.0,599726.0,63,1,1,6.4,0,0.0,0.0
SYN-000438,0.454,livestock,medium,wood,1138.0,570796.0,16,0,1,7.8,0,0.0,0.0
SYN-000439,0.83,mixed_farming,high,masonry,1288.0,370333.0,57,0,1,18.2,0,0.0,0.0
SYN-000440,0.445,mixed_farming,low,masonry,2965.0,1165415.0,62,0,0,7.1,0,0.0,0.0
SYN-000441,0.638,mixed_farming,medium,masonry,829.0,382161.0,35,0,1,0.5,0,0.0,0.0
SYN-000442,0.538,crop_farming,low,wood,647.0,237860.0,36,0,1,13.6,0,0.0,0.0
SYN-000443,0.499,mixed_farming,low,masonry,1405.0,478774.0,33,0,0,11.1,0,0.0,0.0
SYN-000444,0.72,crop_farming,medium,mixed,1586.0,729608.0,64,0,1,9.8,0,0.0,0.0
SYN-000445,0.832,crop_farming,high,masonry,1665.0,555741.0,33,0,1,14.0,0,0.0,0.0
SYN-000446,0.692,mixed_farming,low,mixed,2076.0,969211.0,78,0,1,9.1,0,0.0,0.0
SYN-000447,0.892,viticulture,medium,masonry,753.0,279049.0,13,0,0,15.6,0,0.0,0.0
SYN-000448,0.95,mixed_farming,medium,masonry,485.0,186138.0,33,0,0,14.3,0,0.0,0.0
SYN-000449,0.884,crop_farming,low,masonry,829.0,366750.0,44,0,0,11.4,0,0.0,0.0
SYN-000450,0.974,mixed_farming,medium,masonry,1769.0,1042133.0,45,0,1,20.8,0,0.0,0.0
SYN-000451,0.957,crop_farming,high,mixed,666.0,282545.0,37,0,1,8.7,0,0.0,0.0
SYN-000452,0.9,mixed_farming,low,mixed,345.0,224230.0,78,1,1,5.8,0,0.0,0.0
SYN-000453,0.576,mixed_farming,low,masonry,1331.0,732601.0,39,0,1,11.6,0,0.0,0.0
SYN-000454,0.505,crop_farming,high,masonry,838.0,515575.0,14,0,1,4.3,0,0.0,0.0
SYN-000455,0.836,crop_farming,low,masonry,394.0,245788.0,31,0,0,3.3,0,0.0,0.0
SYN-000456,0.907,crop_farming,low,mixed,1272.0,532257.0,5,0,1,5.8,0,0.0,0.0
SYN-000457,0.894,viticulture,high,mixed,943.0,374480.0,24,0,1,8.8,0,0.0,0.0
SYN-000458,0.786,livestock,high,wood,3603.0,1466631.0,38,0,1,4.8,0,0.0,0.0
SYN-000459,0.898,mixed_farming,medium,wood,1284.0,629597.0,7,0,0,8.2,0,0.0,0.0
SYN-000460,0.824,mixed_farming,medium,masonry,1774.0,955634.0,40,0,1,1.9,0,0.0,0.0
SYN-000461,0.799,livestock,high,masonry,1198.0,451141.0,18,1,1,11.4,0,0.0,0.0
SYN-000462,0.428,crop_farming,medium,wood,822.0,264212.0,75,0,1,8.4,0,0.0,0.0
SYN-000463,0.676,viticulture,medium,masonry,883.0,485962.0,12,0,1,10.6,0,0.0,0.0
SYN-000464,0.42,livestock,high,masonry,2447.0,1241745.0,37,0,1,7.2,0,0.0,0.0
SYN-000465,0.455,livestock,medium,masonry,1971.0,922998.0,15,1,1,3.3,0,0.0,0.0
SYN-000466,0.725,mixed_farming,medium,mixed,461.0,167516.0,36,0,1,6.2,0,0.0,0.0
SYN-000467,0.428,mixed_farming,medium,mixed,538.0,269547.0,39,0,1,23.1,0,0.0,0.0
SYN-000468,0.948,viticulture,medium,wood,558.0,248697.0,40,0,1,3.4,0,0.0,0.0
SYN-000469,0.67,crop_farming,medium,masonry,2414.0,903223.0,38,0,1,11.1,0,0.0,0.0
SYN-000470,0.82,livestock,medium,masonry,393.0,150053.0,36,0,0,17.4,0,0.0,0.0
SYN-000471,0.489,livestock,medium,masonry,2021.0,636835.0,23,0,1,2.5,0,0.0,0.0
SYN-000472,0.909,livestock,high,mixed,1570.0,673448.0,72,0,1,16.1,0,0.0,0.0
SYN-000473,0.687,crop_farming,medium,masonry,1333.0,517455.0,52,0,1,13.1,0,0.0,0.0
SYN-000474,0.735,crop_farming,low,wood,891.0,356471.0,50,0,1,4.2,0,0.0,0.0
SYN-000475,0.789,crop_farming,low,masonry,2624.0,745459.0,33,1,1,2.3,0,0.0,0.0
SYN-000476,0.724,livestock,low,mixed,1305.0,526377.0,64,0,1,20.4,0,0.0,0.0
SYN-000477,0.738,livestock,medium,mixed,474.0,267256.0,55,0,1,3.5,0,0.0,0.0
SYN-000478,0.847,mixed_farming,medium,masonry,551.0,278519.0,13,0,1,5.2,0,0.0,0.0
SYN-000479,0.884,mixed_farming,low,mixed,416.0,131687.0,35,0,1,27.4,0,0.0,0.0
SYN-000480,0.584,livestock,high,masonry,2644.0,1186413.0,71,0,0,6.4,0,0.0,0.0
SYN-000481,0.953,livestock,low,mixed,3059.0,881101.0,71,0,1,2.1,0,0.0,0.0
SYN-000482,0.612,crop_farming,low,mixed,2455.0,1006232.0,78,0,0,1.7,0,0.0,0.0
SYN-000483,0.563,mixed_farming,high,mixed,1104.0,441022.0,61,0,1,7.7,0,0.0,0.0
SYN-000484,0.587,livestock,medium,masonry,480.0,260102.0,77,1,1,6.8,0,0.0,0.0
SYN-000485,0.615,crop_farming,medium,wood,611.0,160797.0,21,0,1,3.7,0,0.0,0.0
SYN-000486,0.59,livestock,high,wood,637.0,399774.0,79,0,1,1.6,0,0.0,0.0
SYN-000487,0.906,livestock,high,mixed,1177.0,544821.0,76,0,0,7.7,0,0.0,0.0
SYN-000488,0.737,crop_farming,low,wood,2986.0,1015855.0,56,0,1,2.3,0,0.0,0.0
SYN-000489,0.981,livestock,medium,masonry,2979.0,1525711.0,55,0,1,5.1,0,0.0,0.0
SYN-000490,0.45,livestock,medium,masonry,882.0,405511.0,54,1,0,4.4,0,0.0,0.0
SYN-000491,0.768,mixed_farming,low,masonry,283.0,145949.0,9,0,1,4.1,0,0.0,0.0
SYN-000492,0.458,mixed_farming,high,masonry,568.0,270651.0,6,0,0,2.6,0,0.0,0.0
SYN-000493,0.675,mixed_farming,medium,masonry,2624.0,839317.0,20,0,1,2.6,0,0.0,0.0
SYN-000494,0.63,livestock,high,mixed,1409.0,360363.0,23,0,0,11.5,0,0.0,0.0
SYN-000495,0.808,mixed_farming,medium,masonry,962.0,523629.0,5,1,1,10.3,0,0.0,0.0
SYN-000496,0.847,livestock,medium,masonry,919.0,315155.0,63,0,1,1.0,0,0.0,0.0
SYN-000497,0.543,livestock,low,mixed,744.0,401401.0,3,0,0,15.5,0,0.0,0.0
SYN-000498,0.516,mixed_farming,high,mixed,554.0,428468.0,29,0,1,3.7,0,0.0,0.0
SYN-000499,0.652,livestock,medium,wood,4660.0,1638549.0,9,0,0,3.3,0,0.0,0.0
SYN-000500,0.545,livestock,low,masonry,3703.0,1311666.0,50,0,1,5.4,0,0.0,0.0
SYN-000501,0.806,mixed_farming,low,mixed,710.0,316362.0,77,0,1,4.5,0,0.0,0.0
SYN-000502,0.711,mixed_farming,medium,masonry,388.0,284042.0,47,0,0,16.6,0,0.0,0.0
SYN-000503,0.896,viticulture,low,masonry,1353.0,425381.0,45,0,1,8.3,0,0.0,0.0
SYN-000504,0.989,livestock,medium,mixed,1101.0,742637.0,47,0,0,3.9,0,0.0,0.0
SYN-000505,0.627,livestock,medium,masonry,1823.0,569676.0,22,0,0,6.8,0,0.0,0.0
SYN-000506,0.947,mixed_farming,low,mixed,2112.0,550895.0,30,0,0,1.5,0,0.0,0.0
SYN-000507,0.866,livestock,medium,masonry,567.0,189372.0,26,0,0,6.7,0,0.0,0.0
SYN-000508,0.489,mixed_farming,low,masonry,2785.0,1121806.0,71,0,1,2.4,0,0.0,0.0
SYN-000509,0.902,livestock,high,masonry,963.0,466807.0,30,0,1,14.2,0,0.0,0.0
SYN-000510,0.689,crop_farming,high,masonry,1799.0,572374.0,20,0,0,9.4,0,0.0,0.0
SYN-000511,0.825,crop_farming,low,masonry,1023.0,611135.0,41,0,0,6.3,0,0.0,0.0
SYN-000512,0.822,mixed_farming,medium,masonry,2208.0,794391.0,62,1,1,14.5,0,0.0,0.0
SYN-000513,0.932,crop_farming,medium,masonry,261.0,168642.0,31,2,0,8.2,0,0.0,0.0
SYN-000514,0.857,crop_farming,high,mixed,1958.0,513200.0,3,0,1,16.3,0,0.0,0.0
SYN-000515,0.895,livestock,medium,masonry,706.0,352597.0,33,1,1,7.9,0,0.0,0.0
SYN-000516,0.593,crop_farming,medium,mixed,1271.0,431444.0,68,0,1,9.9,0,0.0,0.0
SYN-000517,0.984,livestock,high,mixed,2722.0,1066894.0,69,0,1,12.6,0,0.0,0.0
SYN-000518,0.797,mixed_farming,low,masonry,719.0,407944.0,61,0,1,12.5,0,0.0,0.0
SYN-000519,0.864,crop_farming,medium,masonry,649.0,422550.0,43,1,1,2.1,0,0.0,0.0
SYN-000520,0.915,mixed_farming,low,mixed,952.0,331812.0,79,1,1,3.9,0,0.0,0.0
SYN-000521,0.474,mixed_farming,medium,wood,913.0,441822.0,9,1,1,4.0,0,0.0,0.0
SYN-000522,0.602,livestock,medium,masonry,612.0,274159.0,10,1,1,8.9,0,0.0,0.0
SYN-000523,0.902,crop_farming,high,mixed,1299.0,503158.0,57,0,1,5.4,0,0.0,0.0
SYN-000524,0.953,mixed_farming,medium,masonry,1343.0,640131.0,65,0,1,1.7,0,0.0,0.0
SYN-000525,0.854,crop_farming,low,masonry,1638.0,853574.0,17,0,1,3.7,0,0.0,0.0
SYN-000526,0.689,livestock,high,masonry,711.0,199107.0,25,0,1,3.4,0,0.0,0.0
SYN-000527,0.551,viticulture,high,masonry,656.0,396916.0,19,0,1,22.2,0,0.0,0.0
SYN-000528,0.715,viticulture,medium,masonry,1122.0,575768.0,20,0,0,18.9,0,0.0,0.0
SYN-000529,0.638,mixed_farming,medium,masonry,1034.0,433680.0,2,0,1,12.8,0,0.0,0.0
SYN-000530,0.931,livestock,low,masonry,1046.0,498799.0,17,0,1,6.1,0,0.0,0.0
SYN-000531,0.74,mixed_farming,medium,mixed,765.0,291195.0,56,0,1,10.7,0,0.0,0.0
SYN-000532,0.635,mixed_farming,low,masonry,1502.0,431636.0,58,0,1,11.3,0,0.0,0.0
SYN-000533,0.699,livestock,low,mixed,657.0,242114.0,71,1,1,3.9,0,0.0,0.0
SYN-000534,0.96,mixed_farming,high,wood,1119.0,470576.0,76,1,0,7.0,0,0.0,0.0
SYN-000535,0.768,crop_farming,medium,masonry,993.0,344124.0,17,0,1,3.9,0,0.0,0.0
SYN-000536,0.537,crop_farming,low,masonry,1186.0,502730.0,53,1,1,1.6,0,0.0,0.0
SYN-000537,0.7,livestock,low,masonry,2619.0,1154403.0,32,0,1,8.9,0,0.0,0.0
SYN-000538,0.679,crop_farming,high,wood,516.0,222565.0,22,0,0,11.1,0,0.0,0.0
SYN-000539,0.586,crop_farming,low,masonry,256.0,136617.0,55,0,1,6.0,0,0.0,0.0
SYN-000540,0.842,mixed_farming,low,masonry,824.0,382712.0,32,0,1,16.2,0,0.0,0.0
SYN-000541,0.561,viticulture,low,wood,573.0,388304.0,49,0,1,11.2,0,0.0,0.0
SYN-000542,0.696,livestock,low,masonry,171.0,103091.0,20,1,1,3.2,0,0.0,0.0
SYN-000543,0.665,mixed_farming,low,masonry,3771.0,1320932.0,35,0,0,5.9,0,0.0,0.0
SYN-000544,0.68,viticulture,high,wood,1744.0,757016.0,6,1,1,2.0,0,0.0,0.0
SYN-000545,0.74,crop_farming,low,wood,1870.0,938507.0,3,0,1,14.0,0,0.0,0.0
SYN-000546,0.81,livestock,medium,masonry,1007.0,512835.0,62,0,0,12.3,0,0.0,0.0
SYN-000547,0.486,livestock,medium,masonry,1593.0,800527.0,72,2,1,8.7,0,0.0,0.0
SYN-000548,0.573,crop_farming,medium,masonry,921.0,274425.0,9,0,1,9.1,0,0.0,0.0
SYN-000549,0.864,mixed_farming,medium,masonry,2058.0,1102549.0,54,0,0,9.0,0,0.0,0.0
SYN-000550,0.945,livestock,medium,masonry,1370.0,447055.0,52,2,1,10.4,1,23182.59,23182.59
SYN-000551,0.427,livestock,medium,masonry,1184.0,408669.0,23,0,0,10.6,0,0.0,0.0
SYN-000552,0.444,crop_farming,medium,mixed,1243.0,365745.0,35,0,0,3.9,0,0.0,0.0
SYN-000553,0.96,crop_farming,medium,mixed,3142.0,1507216.0,24,0,0,2.0,0,0.0,0.0
SYN-000554,0.489,viticulture,medium,wood,1351.0,574965.0,6,0,0,12.5,0,0.0,0.0
SYN-000555,0.988,crop_farming,medium,mixed,621.0,380346.0,66,0,0,14.6,0,0.0,0.0
SYN-000556,0.897,crop_farming,low,masonry,1508.0,684049.0,25,1,1,14.7,0,0.0,0.0
SYN-000557,0.472,crop_farming,medium,masonry,1665.0,849390.0,43,0,1,18.0,0,0.0,0.0
SYN-000558,0.462,livestock,medium,masonry,1103.0,470838.0,7,0,1,17.5,0,0.0,0.0
SYN-000559,0.986,mixed_farming,low,masonry,1172.0,627594.0,4,1,1,12.0,0,0.0,0.0
SYN-000560,0.553,livestock,high,masonry,606.0,182417.0,51,2,1,4.5,0,0.0,0.0
SYN-000561,0.723,crop_farming,low,mixed,1291.0,597246.0,34,0,1,2.0,0,0.0,0.0
SYN-000562,0.542,crop_farming,low,masonry,550.0,269331.0,54,0,1,5.3,0,0.0,0.0
SYN-000563,0.76,mixed_farming,high,masonry,1030.0,631174.0,71,0,0,1.3,0,0.0,0.0
SYN-000564,0.904,mixed_farming,low,masonry,784.0,225296.0,72,0,1,14.9,0,0.0,0.0
SYN-000565,0.794,mixed_farming,medium,wood,2296.0,836424.0,6,0,1,2.3,0,0.0,0.0
SYN-000566,0.428,mixed_farming,medium,mixed,3319.0,777135.0,23,0,1,7.9,0,0.0,0.0
SYN-000567,0.757,mixed_farming,high,masonry,576.0,258865.0,17,0,1,7.5,0,0.0,0.0
SYN-000568,0.797,crop_farming,medium,masonry,1208.0,506346.0,15,0,1,14.8,0,0.0,0.0
SYN-000569,0.521,livestock,medium,wood,991.0,544702.0,37,0,1,10.2,0,0.0,0.0
SYN-000570,0.857,livestock,medium,masonry,1639.0,656568.0,38,0,1,4.7,0,0.0,0.0
SYN-000571,0.776,livestock,medium,mixed,1290.0,618569.0,78,0,0,8.1,0,0.0,0.0
SYN-000572,0.406,mixed_farming,high,mixed,942.0,428680.0,66,1,1,7.8,0,0.0,0.0
SYN-000573,0.97,livestock,high,mixed,1288.0,697300.0,5,0,0,3.2,0,0.0,0.0
SYN-000574,0.667,mixed_farming,medium,masonry,1054.0,353547.0,46,0,0,6.5,0,0.0,0.0
SYN-000575,0.539,mixed_farming,high,wood,3405.0,1254295.0,18,1,1,13.5,0,0.0,0.0
SYN-000576,0.452,livestock,medium,masonry,724.0,275136.0,76,0,0,8.5,0,0.0,0.0
SYN-000577,0.625,viticulture,low,masonry,1433.0,620728.0,21,0,1,6.2,0,0.0,0.0
SYN-000578,0.585,mixed_farming,low,masonry,1688.0,559049.0,8,0,1,8.7,0,0.0,0.0
SYN-000579,0.579,mixed_farming,medium,masonry,1612.0,672533.0,76,0,0,2.5,0,0.0,0.0
SYN-000580,0.876,livestock,low,masonry,999.0,688630.0,58,1,1,14.7,0,0.0,0.0
SYN-000581,0.788,livestock,medium,mixed,2949.0,1289842.0,56,1,0,22.0,0,0.0,0.0
SYN-000582,0.48,livestock,medium,wood,312.0,847971.0,54,0,0,1.4,1,12136.4,12136.4
SYN-000583,0.825,crop_farming,medium,masonry,595.0,322366.0,59,0,1,0.7,0,0.0,0.0
SYN-000584,0.834,livestock,low,mixed,1866.0,816344.0,20,0,1,8.0,0,0.0,0.0
SYN-000585,0.709,viticulture,high,wood,684.0,435091.0,54,0,1,1.9,0,0.0,0.0
SYN-000586,0.997,mixed_farming,medium,masonry,659.0,318527.0,17,0,1,7.9,0,0.0,0.0
SYN-000587,0.57,crop_farming,low,mixed,895.0,411399.0,73,0,1,8.8,0,0.0,0.0
SYN-000588,0.435,livestock,medium,wood,727.0,383649.0,31,0,0,11.0,0,0.0,0.0
SYN-000589,0.417,crop_farming,medium,mixed,1834.0,578994.0,75,0,1,7.8,0,0.0,0.0
SYN-000590,0.592,crop_farming,medium,masonry,2182.0,684518.0,26,0,0,0.5,0,0.0,0.0
SYN-000591,0.699,viticulture,medium,wood,1284.0,317338.0,15,0,0,18.4,0,0.0,0.0
SYN-000592,0.447,livestock,low,mixed,2405.0,944171.0,27,0,0,10.6,0,0.0,0.0
SYN-000593,0.739,livestock,high,masonry,492.0,222310.0,45,0,1,4.5,0,0.0,0.0
SYN-000594,0.941,mixed_farming,medium,masonry,1273.0,383059.0,58,0,1,5.2,0,0.0,0.0
SYN-000595,0.878,crop_farming,low,masonry,2911.0,741154.0,2,0,0,5.0,0,0.0,0.0
SYN-000596,0.803,crop_farming,medium,masonry,2287.0,513202.0,8,1,1,3.2,0,0.0,0.0
SYN-000597,0.797,mixed_farming,medium,masonry,3083.0,1685700.0,23,0,1,7.8,0,0.0,0.0
SYN-000598,0.838,mixed_farming,medium,masonry,826.0,420813.0,60,0,0,5.3,0,0.0,0.0
SYN-000599,0.697,viticulture,medium,mixed,2200.0,962852.0,24,0,1,12.1,0,0.0,0.0
SYN-000600,0.641,mixed_farming,medium,mixed,918.0,522781.0,40,0,1,8.9,0,0.0,0.0
SYN-000601,0.584,livestock,medium,masonry,1784.0,844790.0,80,0,1,25.9,0,0.0,0.0
SYN-000602,0.46,mixed_farming,low,masonry,2841.0,664279.0,14,0,1,4.0,0,0.0,0.0
SYN-000603,0.737,viticulture,low,masonry,723.0,416588.0,16,0,1,13.4,0,0.0,0.0
SYN-000604,0.684,mixed_farming,high,masonry,363.0,198290.0,54,0,1,4.5,0,0.0,0.0
SYN-000605,0.471,viticulture,medium,mixed,4028.0,1482918.0,63,0,1,5.8,0,0.0,0.0
SYN-000606,0.561,mixed_farming,medium,masonry,1665.0,859864.0,30,0,1,2.5,0,0.0,0.0
SYN-000607,0.872,mixed_farming,low,wood,1130.0,409797.0,16,0,1,6.2,0,0.0,0.0
SYN-000608,0.553,crop_farming,medium,masonry,1091.0,424075.0,11,0,1,3.4,0,0.0,0.0
SYN-000609,0.655,mixed_farming,low,masonry,310.0,208460.0,78,0,1,30.1,0,0.0,0.0
SYN-000610,0.497,livestock,low,wood,1388.0,565824.0,48,0,0,9.1,0,0.0,0.0
SYN-000611,0.502,livestock,low,masonry,858.0,358347.0,31,0,1,10.7,0,0.0,0.0
SYN-000612,0.854,mixed_farming,medium,masonry,1254.0,673655.0,26,1,1,5.4,0,0.0,0.0
SYN-000613,0.44,viticulture,medium,masonry,1236.0,629349.0,13,1,1,23.7,0,0.0,0.0
SYN-000614,0.571,viticulture,low,mixed,150.0,100028.0,23,0,1,14.4,0,0.0,0.0
SYN-000615,0.989,crop_farming,low,masonry,1666.0,515280.0,63,0,1,9.9,0,0.0,0.0
SYN-000616,0.686,mixed_farming,medium,mixed,1370.0,678949.0,39,0,1,5.4,0,0.0,0.0
SYN-000617,0.764,mixed_farming,medium,mixed,1495.0,671870.0,73,1,1,20.1,0,0.0,0.0
SYN-000618,0.784,livestock,medium,wood,1076.0,608539.0,42,0,1,9.2,0,0.0,0.0
SYN-000619,0.518,crop_farming,low,mixed,1251.0,333055.0,49,0,0,9.5,0,0.0,0.0
SYN-000620,0.622,crop_farming,medium,mixed,1356.0,584323.0,57,0,1,11.3,0,0.0,0.0
SYN-000621,0.64,mixed_farming,high,mixed,1448.0,453204.0,15,1,1,17.7,0,0.0,0.0
SYN-000622,0.538,livestock,medium,masonry,1651.0,970643.0,40,0,0,17.2,0,0.0,0.0
SYN-000623,0.54,viticulture,low,mixed,1457.0,750724.0,70,0,0,4.1,0,0.0,0.0
SYN-000624,0.765,livestock,medium,mixed,4033.0,1661912.0,43,0,1,9.0,0,0.0,0.0
SYN-000625,0.465,viticulture,low,masonry,756.0,315430.0,21,0,1,7.9,0,0.0,0.0
SYN-000626,0.477,livestock,low,mixed,950.0,582393.0,46,0,1,9.2,0,0.0,0.0
SYN-000627,0.744,mixed_farming,low,masonry,3642.0,1389095.0,54,0,1,15.9,0,0.0,0.0
SYN-000628,0.67,crop_farming,high,masonry,1096.0,624981.0,75,0,1,19.2,0,0.0,0.0
SYN-000629,0.767,livestock,medium,masonry,2221.0,905197.0,62,0,1,4.1,0,0.0,0.0
SYN-000630,0.416,mixed_farming,high,masonry,1324.0,385564.0,9,1,1,5.1,0,0.0,0.0
SYN-000631,0.823,viticulture,medium,masonry,1045.0,419762.0,47,0,0,6.1,0,0.0,0.0
SYN-000632,0.91,mixed_farming,medium,masonry,2301.0,712135.0,54,0,1,16.2,0,0.0,0.0
SYN-000633,0.714,crop_farming,low,masonry,1698.0,768597.0,60,0,1,15.1,0,0.0,0.0
SYN-000634,0.905,livestock,medium,masonry,447.0,225368.0,3,0,1,0.5,0,0.0,0.0
SYN-000635,0.64,crop_farming,low,mixed,1357.0,325649.0,23,1,0,9.9,0,0.0,0.0
SYN-000636,0.447,crop_farming,medium,masonry,635.0,249558.0,21,0,1,2.3,0,0.0,0.0
SYN-000637,0.627,mixed_farming,low,wood,2769.0,1260818.0,16,0,1,6.4,0,0.0,0.0
SYN-000638,0.668,mixed_farming,medium,mixed,3789.0,1452412.0,64,0,0,1.5,0,0.0,0.0
SYN-000639,0.919,mixed_farming,medium,masonry,4097.0,934650.0,37,0,1,7.5,0,0.0,0.0
SYN-000640,0.601,mixed_farming,low,masonry,1529.0,662518.0,29,1,1,7.7,1,2255.25,2255.25
SYN-000641,0.589,mixed_farming,low,masonry,898.0,363645.0,44,0,1,4.0,0,0.0,0.0
SYN-000642,0.933,mixed_farming,high,masonry,1494.0,536113.0,3,1,1,7.4,0,0.0,0.0
SYN-000643,0.551,crop_farming,low,masonry,658.0,184778.0,19,0,0,6.1,0,0.0,0.0
SYN-000644,0.785,crop_farming,low,mixed,5567.0,1822276.0,42,0,1,8.8,0,0.0,0.0
SYN-000645,0.596,mixed_farming,low,mixed,2634.0,1242319.0,17,0,1,1.0,0,0.0,0.0
SYN-000646,0.971,mixed_farming,medium,masonry,1477.0,391369.0,36,0,1,3.3,0,0.0,0.0
SYN-000647,0.514,crop_farming,medium,mixed,2317.0,1226094.0,26,0,0,10.0,0,0.0,0.0
SYN-000648,0.834,livestock,low,masonry,880.0,356444.0,75,0,1,4.9,0,0.0,0.0
SYN-000649,0.73,mixed_farming,medium,mixed,590.0,285477.0,71,0,1,2.9,0,0.0,0.0
SYN-000650,0.987,crop_farming,medium,wood,288.0,175463.0,76,1,0,3.5,0,0.0,0.0
SYN-000651,0.996,livestock,low,masonry,1279.0,398844.0,31,0,1,21.4,0,0.0,0.0
SYN-000652,0.876,mixed_farming,high,mixed,1059.0,465409.0,23,1,0,1.9,0,0.0,0.0
SYN-000653,0.462,mixed_farming,high,mixed,1699.0,581717.0,42,1,0,4.0,0,0.0,0.0
SYN-000654,0.681,crop_farming,low,masonry,1222.0,361698.0,66,0,0,8.2,0,0.0,0.0
SYN-000655,0.913,mixed_farming,low,masonry,1649.0,771812.0,65,0,1,7.9,0,0.0,0.0
SYN-000656,0.783,livestock,low,mixed,2053.0,489024.0,42,0,0,7.1,0,0.0,0.0
SYN-000657,0.927,mixed_farming,low,masonry,469.0,267557.0,46,1,0,4.2,0,0.0,0.0
SYN-000658,0.88,crop_farming,medium,masonry,2132.0,1041795.0,44,0,1,5.1,0,0.0,0.0
SYN-000659,0.588,mixed_farming,medium,mixed,931.0,451052.0,38,0,1,6.1,0,0.0,0.0
SYN-000660,0.517,livestock,medium,masonry,1697.0,734147.0,10,0,1,2.3,0,0.0,0.0
SYN-000661,0.594,crop_farming,low,masonry,2355.0,1141860.0,27,0,1,20.2,0,0.0,0.0
SYN-000662,0.818,mixed_farming,low,wood,2366.0,598635.0,67,0,1,4.5,0,0.0,0.0
SYN-000663,0.689,crop_farming,high,masonry,1318.0,619459.0,70,1,1,12.9,0,0.0,0.0
SYN-000664,0.426,crop_farming,high,masonry,1361.0,512163.0,49,0,1,8.3,0,0.0,0.0
SYN-000665,0.845,livestock,low,mixed,2164.0,532775.0,79,1,1,9.8,0,0.0,0.0
SYN-000666,0.427,mixed_farming,medium,masonry,457.0,203507.0,77,0,0,9.4,0,0.0,0.0
SYN-000667,0.646,mixed_farming,medium,mixed,653.0,227784.0,41,0,1,2.9,0,0.0,0.0
SYN-000668,0.677,viticulture,medium,mixed,1011.0,312284.0,63,0,1,15.7,0,0.0,0.0
SYN-000669,0.702,crop_farming,medium,masonry,510.0,291249.0,17,0,0,1.7,0,0.0,0.0
SYN-000670,0.483,livestock,high,masonry,1016.0,446058.0,38,1,1,3.9,0,0.0,0.0
SYN-000671,0.849,crop_farming,low,wood,980.0,541552.0,34,0,1,7.9,1,18185.83,18185.83
SYN-000672,0.91,livestock,low,wood,1283.0,589921.0,69,0,1,6.0,0,0.0,0.0
SYN-000673,0.819,viticulture,high,masonry,1168.0,578270.0,34,0,0,4.1,0,0.0,0.0
SYN-000674,0.971,mixed_farming,low,masonry,2429.0,1239059.0,26,0,1,14.8,0,0.0,0.0
SYN-000675,0.555,mixed_farming,low,masonry,1759.0,947943.0,31,1,1,10.5,0,0.0,0.0
SYN-000676,0.496,livestock,medium,wood,1157.0,301276.0,70,0,0,9.0,0,0.0,0.0
SYN-000677,0.44,viticulture,medium,mixed,976.0,289908.0,50,1,1,6.4,0,0.0,0.0
SYN-000678,0.833,livestock,medium,masonry,1175.0,408965.0,10,0,0,10.4,0,0.0,0.0
SYN-000679,0.497,crop_farming,medium,wood,1189.0,447278.0,3,0,1,12.9,0,0.0,0.0
SYN-000680,0.963,livestock,medium,masonry,6230.0,3155676.0,27,1,1,4.8,0,0.0,0.0
SYN-000681,0.759,crop_farming,low,masonry,470.0,252138.0,66,1,0,2.7,0,0.0,0.0
SYN-000682,0.882,crop_farming,medium,mixed,664.0,409427.0,70,0,0,2.3,0,0.0,0.0
SYN-000683,0.661,crop_farming,medium,masonry,603.0,228075.0,13,0,1,16.5,0,0.0,0.0
SYN-000684,0.841,livestock,high,mixed,1444.0,786573.0,2,0,1,3.1,0,0.0,0.0
SYN-000685,0.666,mixed_farming,low,masonry,1407.0,361622.0,21,0,1,3.2,0,0.0,0.0
SYN-000686,0.723,livestock,low,mixed,835.0,353111.0,70,0,0,12.7,0,0.0,0.0
SYN-000687,0.864,livestock,medium,wood,2170.0,1146998.0,35,0,0,7.8,0,0.0,0.0
SYN-000688,0.543,viticulture,low,masonry,1541.0,587209.0,4,0,1,21.2,0,0.0,0.0
SYN-000689,0.931,mixed_farming,low,masonry,2230.0,1081120.0,41,0,0,5.6,0,0.0,0.0
SYN-000690,0.83,livestock,high,mixed,2650.0,906356.0,53,1,1,7.8,1,30920.1,30920.1
SYN-000691,0.848,crop_farming,medium,masonry,303.0,214032.0,8,0,1,6.4,0,0.0,0.0
SYN-000692,0.543,mixed_farming,low,mixed,1892.0,992617.0,52,0,0,16.3,0,0.0,0.0
SYN-000693,0.454,crop_farming,low,mixed,524.0,326735.0,65,0,1,7.3,0,0.0,0.0
SYN-000694,0.444,livestock,low,masonry,1425.0,571677.0,5,0,1,6.3,0,0.0,0.0
SYN-000695,0.788,viticulture,medium,wood,1156.0,514029.0,5,0,1,6.8,0,0.0,0.0
SYN-000696,0.49,livestock,medium,masonry,1188.0,554496.0,68,0,0,0.6,0,0.0,0.0
SYN-000697,1.0,mixed_farming,low,masonry,554.0,338001.0,38,1,0,1.6,0,0.0,0.0
SYN-000698,0.977,mixed_farming,medium,masonry,2368.0,1061549.0,7,0,1,3.7,0,0.0,0.0
SYN-000699,0.418,mixed_farming,low,mixed,524.0,150229.0,11,0,1,8.3,0,0.0,0.0
SYN-000700,0.835,crop_farming,low,wood,1974.0,915649.0,69,0,1,10.6,0,0.0,0.0
SYN-000701,0.556,crop_farming,low,masonry,478.0,220964.0,69,0,1,11.4,0,0.0,0.0
SYN-000702,0.605,livestock,medium,masonry,1198.0,346135.0,79,0,1,10.5,0,0.0,0.0
SYN-000703,0.544,crop_farming,low,masonry,3916.0,1724731.0,56,0,1,9.6,0,0.0,0.0
SYN-000704,0.898,mixed_farming,low,mixed,5625.0,2265720.0,54,0,1,6.6,0,0.0,0.0
SYN-000705,0.936,crop_farming,medium,masonry,423.0,294204.0,72,0,0,10.7,0,0.0,0.0
SYN-000706,0.424,livestock,medium,masonry,767.0,561017.0,75,1,1,6.5,0,0.0,0.0
SYN-000707,0.562,mixed_farming,low,masonry,863.0,315891.0,3,0,0,19.4,0,0.0,0.0
SYN-000708,0.669,mixed_farming,low,masonry,5249.0,2745722.0,51,0,1,7.4,0,0.0,0.0
SYN-000709,0.713,livestock,low,mixed,1159.0,552748.0,61,0,1,3.6,0,0.0,0.0
SYN-000710,0.453,livestock,medium,masonry,2437.0,804428.0,79,0,1,33.7,0,0.0,0.0
SYN-000711,0.898,viticulture,medium,masonry,1473.0,661039.0,5,0,0,1.0,0,0.0,0.0
SYN-000712,0.96,mixed_farming,low,masonry,556.0,239244.0,64,1,1,5.4,0,0.0,0.0
SYN-000713,0.642,mixed_farming,medium,masonry,362.0,225984.0,45,0,1,7.6,0,0.0,0.0
SYN-000714,0.914,viticulture,medium,masonry,814.0,328655.0,55,1,0,7.8,0,0.0,0.0
SYN-000715,0.806,mixed_farming,low,masonry,5464.0,1235330.0,80,0,0,4.5,0,0.0,0.0
SYN-000716,0.755,crop_farming,low,masonry,1433.0,618446.0,80,0,0,4.9,0,0.0,0.0
SYN-000717,0.891,livestock,low,masonry,2405.0,623135.0,15,1,0,9.7,0,0.0,0.0
SYN-000718,0.684,crop_farming,low,masonry,482.0,197612.0,39,0,1,1.5,1,2470.54,2470.54
SYN-000719,0.729,mixed_farming,medium,mixed,981.0,329512.0,34,0,1,8.7,0,0.0,0.0
SYN-000720,0.565,viticulture,low,masonry,2011.0,1051900.0,39,0,1,17.1,0,0.0,0.0
SYN-000721,0.827,livestock,high,masonry,596.0,286644.0,34,0,1,6.4,0,0.0,0.0
SYN-000722,0.495,livestock,medium,mixed,1163.0,518228.0,69,0,0,13.2,0,0.0,0.0
SYN-000723,0.546,crop_farming,medium,masonry,684.0,465567.0,72,0,0,8.6,0,0.0,0.0
SYN-000724,0.688,viticulture,medium,masonry,2074.0,1083979.0,54,0,1,2.3,0,0.0,0.0
SYN-000725,0.631,crop_farming,medium,mixed,1570.0,844613.0,52,0,1,1.0,0,0.0,0.0
SYN-000726,0.544,crop_farming,high,masonry,1890.0,1015844.0,12,0,1,7.3,0,0.0,0.0
SYN-000727,0.515,crop_farming,high,wood,2135.0,751668.0,28,0,1,2.2,0,0.0,0.0
SYN-000728,0.917,crop_farming,medium,masonry,1045.0,407619.0,25,0,1,12.9,0,0.0,0.0
SYN-000729,0.755,livestock,low,wood,2326.0,1115703.0,10,0,0,8.2,0,0.0,0.0
SYN-000730,0.626,livestock,medium,mixed,826.0,244806.0,47,1,0,19.3,0,0.0,0.0
SYN-000731,0.907,livestock,low,masonry,1820.0,701885.0,52,0,1,3.8,0,0.0,0.0
SYN-000732,0.895,crop_farming,medium,masonry,337.0,381342.0,2,1,0,3.0,0,0.0,0.0
SYN-000733,0.467,crop_farming,medium,mixed,746.0,211060.0,37,0,0,10.5,0,0.0,0.0
SYN-000734,0.74,livestock,medium,masonry,5460.0,1839258.0,41,0,0,15.4,0,0.0,0.0
SYN-000735,0.583,crop_farming,medium,masonry,1803.0,500914.0,37,0,1,14.2,0,0.0,0.0
SYN-000736,0.725,mixed_farming,low,wood,1803.0,455425.0,19,1,1,18.2,1,10865.97,10865.97
SYN-000737,0.831,crop_farming,medium,mixed,709.0,396914.0,2,1,1,10.7,0,0.0,0.0
SYN-000738,0.405,livestock,low,wood,595.0,199572.0,19,0,1,5.9,0,0.0,0.0
SYN-000739,0.708,livestock,medium,mixed,1021.0,391318.0,79,0,1,5.6,0,0.0,0.0
SYN-000740,0.575,livestock,medium,mixed,1160.0,405307.0,72,0,1,15.1,0,0.0,0.0
SYN-000741,0.72,crop_farming,low,mixed,4207.0,1627037.0,56,0,0,15.5,0,0.0,0.0
SYN-000742,0.466,crop_farming,medium,mixed,2350.0,1088156.0,23,0,1,13.8,0,0.0,0.0
SYN-000743,0.891,mixed_farming,low,wood,1301.0,702990.0,2,0,1,6.2,0,0.0,0.0
SYN-000744,0.726,crop_farming,medium,mixed,1265.0,566126.0,72,1,1,11.7,0,0.0,0.0
SYN-000745,0.527,livestock,medium,masonry,1984.0,842231.0,35,0,1,10.7,0,0.0,0.0
SYN-000746,0.862,livestock,medium,mixed,514.0,172966.0,43,0,1,10.6,0,0.0,0.0
SYN-000747,0.423,livestock,medium,masonry,348.0,204276.0,78,0,1,10.2,0,0.0,0.0
SYN-000748,0.756,livestock,high,wood,1965.0,1046338.0,75,0,1,7.5,0,0.0,0.0
SYN-000749,0.701,mixed_farming,medium,mixed,1270.0,757001.0,45,1,1,5.1,1,6550.35,6550.35
SYN-000750,0.424,mixed_farming,medium,mixed,517.0,213496.0,59,0,1,2.7,0,0.0,0.0
SYN-000751,0.55,crop_farming,medium,masonry,311.0,255173.0,45,1,0,34.6,1,9012.67,9012.67
SYN-000752,0.446,livestock,medium,masonry,2167.0,1052666.0,34,0,1,4.9,0,0.0,0.0
SYN-000753,0.839,crop_farming,medium,masonry,863.0,534074.0,20,0,0,10.8,0,0.0,0.0
SYN-000754,0.823,livestock,high,mixed,1572.0,751701.0,3,0,1,3.1,0,0.0,0.0
SYN-000755,0.454,mixed_farming,low,mixed,1021.0,565640.0,76,0,1,8.3,0,0.0,0.0
SYN-000756,0.466,crop_farming,low,masonry,1185.0,342035.0,72,0,1,9.1,0,0.0,0.0
SYN-000757,0.928,livestock,low,masonry,825.0,298126.0,32,0,0,1.4,0,0.0,0.0
SYN-000758,0.521,viticulture,low,masonry,1153.0,619654.0,57,0,0,1.4,0,0.0,0.0
SYN-000759,0.582,crop_farming,medium,masonry,1764.0,704048.0,9,0,1,10.4,0,0.0,0.0
SYN-000760,0.811,livestock,low,wood,1013.0,505039.0,11,1,1,6.0,0,0.0,0.0
SYN-000761,0.436,mixed_farming,medium,wood,976.0,368012.0,69,0,1,2.2,0,0.0,0.0
SYN-000762,0.969,crop_farming,low,mixed,1799.0,613513.0,75,1,0,1.4,0,0.0,0.0
SYN-000763,0.414,crop_farming,low,masonry,1878.0,1187332.0,49,1,1,7.7,0,0.0,0.0
SYN-000764,0.909,crop_farming,medium,masonry,579.0,258856.0,40,0,0,16.8,0,0.0,0.0
SYN-000765,0.617,viticulture,medium,wood,1189.0,498275.0,52,2,1,9.6,0,0.0,0.0
SYN-000766,0.49,crop_farming,medium,wood,862.0,323657.0,3,1,1,9.1,0,0.0,0.0
SYN-000767,0.626,crop_farming,medium,masonry,1223.0,655415.0,26,1,1,9.0,0,0.0,0.0
SYN-000768,0.984,crop_farming,high,mixed,3078.0,950218.0,24,0,1,2.6,0,0.0,0.0
SYN-000769,0.717,crop_farming,medium,masonry,1530.0,1090351.0,42,1,1,0.5,0,0.0,0.0
SYN-000770,0.436,mixed_farming,low,masonry,4948.0,1538621.0,69,0,1,4.3,0,0.0,0.0
SYN-000771,0.965,crop_farming,low,wood,1398.0,777961.0,7,0,1,2.8,0,0.0,0.0
SYN-000772,0.486,livestock,high,wood,1088.0,405847.0,34,2,1,2.9,0,0.0,0.0
SYN-000773,0.433,mixed_farming,medium,wood,1197.0,619915.0,62,0,1,12.3,0,0.0,0.0
SYN-000774,0.427,mixed_farming,medium,masonry,1330.0,610445.0,65,1,1,15.1,0,0.0,0.0
SYN-000775,0.896,crop_farming,medium,masonry,1495.0,391298.0,69,0,0,1.1,1,10406.28,10406.28
SYN-000776,0.492,mixed_farming,low,wood,636.0,245143.0,33,0,0,0.9,1,4004.24,4004.24
SYN-000777,0.507,mixed_farming,medium,mixed,1042.0,487753.0,76,1,1,12.6,0,0.0,0.0
SYN-000778,0.966,crop_farming,medium,masonry,757.0,492131.0,11,0,1,10.6,0,0.0,0.0
SYN-000779,0.767,mixed_farming,high,masonry,2367.0,877861.0,66,1,0,6.6,0,0.0,0.0
SYN-000780,0.571,mixed_farming,low,masonry,347.0,128854.0,16,0,0,25.8,0,0.0,0.0
SYN-000781,0.752,crop_farming,medium,mixed,1342.0,642964.0,55,1,0,15.0,1,14801.84,14801.84
SYN-000782,0.546,viticulture,low,wood,452.0,266523.0,71,0,1,11.3,0,0.0,0.0
SYN-000783,0.697,livestock,high,masonry,1605.0,734431.0,56,1,1,6.8,0,0.0,0.0
SYN-000784,0.601,mixed_farming,low,masonry,935.0,623185.0,15,0,1,2.3,0,0.0,0.0
SYN-000785,0.774,viticulture,medium,masonry,372.0,278247.0,71,0,0,16.1,0,0.0,0.0
SYN-000786,0.855,livestock,low,mixed,2236.0,827916.0,75,0,1,2.9,0,0.0,0.0
SYN-000787,0.609,mixed_farming,medium,masonry,236.0,93203.0,39,1,1,9.7,1,8845.77,8845.77
SYN-000788,0.486,livestock,medium,masonry,1187.0,646402.0,24,0,1,19.0,0,0.0,0.0
SYN-000789,0.613,mixed_farming,low,mixed,1899.0,688547.0,52,1,1,3.0,0,0.0,0.0
SYN-000790,0.855,mixed_farming,high,masonry,2966.0,1143697.0,78,0,1,5.8,0,0.0,0.0
SYN-000791,0.872,crop_farming,high,mixed,426.0,173110.0,78,0,1,4.8,0,0.0,0.0
SYN-000792,0.871,livestock,high,mixed,867.0,300577.0,8,0,1,6.8,0,0.0,0.0
SYN-000793,0.985,livestock,low,masonry,2451.0,1266551.0,12,0,0,14.1,0,0.0,0.0
SYN-000794,0.895,crop_farming,medium,mixed,2561.0,1131323.0,44,0,1,2.7,0,0.0,0.0
SYN-000795,0.981,crop_farming,medium,mixed,2786.0,1365393.0,69,0,1,5.2,0,0.0,0.0
SYN-000796,0.776,livestock,medium,mixed,6406.0,1520681.0,3,0,1,1.6,0,0.0,0.0
SYN-000797,0.538,crop_farming,medium,mixed,871.0,574716.0,55,1,1,8.9,0,0.0,0.0
SYN-000798,0.765,crop_farming,medium,masonry,1544.0,906149.0,21,0,1,4.9,0,0.0,0.0
SYN-000799,0.519,mixed_farming,low,masonry,968.0,562554.0,24,0,1,1.2,0,0.0,0.0
SYN-000800,0.451,mixed_farming,medium,masonry,336.0,153336.0,69,0,1,8.7,0,0.0,0.0
SYN-000801,0.581,mixed_farming,low,masonry,1143.0,485575.0,24,0,0,10.8,1,18233.79,18233.79
SYN-000802,0.618,livestock,low,masonry,332.0,230500.0,15,0,0,5.2,0,0.0,0.0
SYN-000803,0.825,mixed_farming,low,masonry,864.0,473194.0,78,0,1,12.8,0,0.0,0.0
SYN-000804,0.618,mixed_farming,low,mixed,467.0,184719.0,72,0,1,5.3,0,0.0,0.0
SYN-000805,0.402,crop_farming,medium,masonry,1612.0,826366.0,74,0,0,4.2,0,0.0,0.0
SYN-000806,0.95,crop_farming,medium,wood,731.0,369956.0,48,0,1,2.5,0,0.0,0.0
SYN-000807,0.754,mixed_farming,low,mixed,380.0,230525.0,21,1,1,37.2,0,0.0,0.0
SYN-000808,0.526,crop_farming,medium,masonry,2127.0,819456.0,59,0,0,9.9,0,0.0,0.0
SYN-000809,0.551,livestock,high,mixed,819.0,428371.0,61,0,1,8.6,0,0.0,0.0
SYN-000810,0.474,viticulture,high,masonry,915.0,545266.0,29,0,1,7.5,0,0.0,0.0
SYN-000811,0.944,crop_farming,high,wood,642.0,375343.0,47,1,1,12.7,0,0.0,0.0
SYN-000812,0.538,crop_farming,high,wood,2558.0,1256721.0,79,1,1,16.9,0,0.0,0.0
SYN-000813,0.964,viticulture,medium,mixed,1445.0,494138.0,46,0,1,8.5,0,0.0,0.0
SYN-000814,0.559,mixed_farming,high,mixed,814.0,293428.0,67,0,1,13.2,0,0.0,0.0
SYN-000815,0.88,crop_farming,high,wood,349.0,206267.0,3,0,1,15.2,0,0.0,0.0
SYN-000816,0.406,mixed_farming,low,mixed,6198.0,2058312.0,73,1,1,16.1,0,0.0,0.0
SYN-000817,0.69,mixed_farming,high,wood,4388.0,1149938.0,78,0,0,6.5,0,0.0,0.0
SYN-000818,0.622,livestock,medium,masonry,3096.0,1573486.0,12,0,0,5.5,0,0.0,0.0
SYN-000819,0.601,mixed_farming,medium,wood,767.0,439436.0,35,0,1,6.6,0,0.0,0.0
SYN-000820,0.995,crop_farming,high,mixed,875.0,451990.0,22,0,1,8.0,0,0.0,0.0
SYN-000821,0.833,crop_farming,medium,masonry,1573.0,543223.0,45,1,1,9.5,0,0.0,0.0
SYN-000822,0.553,mixed_farming,medium,wood,678.0,322709.0,68,0,1,1.3,0,0.0,0.0
SYN-000823,0.851,crop_farming,medium,mixed,637.0,172432.0,15,0,1,12.9,0,0.0,0.0
SYN-000824,0.478,mixed_farming,medium,wood,3128.0,731663.0,54,0,0,3.6,0,0.0,0.0
SYN-000825,0.956,mixed_farming,high,masonry,1169.0,347900.0,11,0,1,15.1,0,0.0,0.0
SYN-000826,0.656,crop_farming,high,mixed,585.0,259177.0,31,0,0,3.3,0,0.0,0.0
SYN-000827,0.514,mixed_farming,medium,mixed,2251.0,954416.0,44,0,0,7.6,0,0.0,0.0
SYN-000828,0.564,crop_farming,high,masonry,835.0,554832.0,38,0,0,5.8,0,0.0,0.0
SYN-000829,0.493,mixed_farming,low,mixed,335.0,220517.0,10,1,1,1.1,0,0.0,0.0
SYN-000830,0.958,crop_farming,high,mixed,580.0,355957.0,36,0,1,3.8,0,0.0,0.0
SYN-000831,0.584,mixed_farming,low,masonry,866.0,247271.0,27,0,1,18.1,0,0.0,0.0
SYN-000832,0.486,livestock,medium,mixed,1398.0,850145.0,45,0,1,4.1,0,0.0,0.0
SYN-000833,0.888,livestock,low,masonry,1355.0,576442.0,27,0,0,3.9,0,0.0,0.0
SYN-000834,0.528,mixed_farming,medium,mixed,2692.0,1233022.0,40,0,1,18.1,0,0.0,0.0
SYN-000835,0.456,mixed_farming,medium,wood,1039.0,411382.0,77,0,0,9.8,0,0.0,0.0
SYN-000836,0.801,livestock,low,masonry,895.0,511736.0,37,0,1,3.6,0,0.0,0.0
SYN-000837,0.404,mixed_farming,medium,masonry,2722.0,805451.0,59,0,1,6.3,0,0.0,0.0
SYN-000838,0.899,viticulture,medium,masonry,2290.0,953590.0,27,1,1,23.8,0,0.0,0.0
SYN-000839,0.738,livestock,low,masonry,1055.0,428409.0,54,0,1,16.1,0,0.0,0.0
SYN-000840,0.548,livestock,medium,wood,1465.0,498070.0,36,0,1,4.1,0,0.0,0.0
SYN-000841,0.684,crop_farming,low,masonry,890.0,392022.0,50,0,1,7.7,0,0.0,0.0
SYN-000842,0.557,mixed_farming,low,masonry,569.0,225739.0,15,0,1,6.2,0,0.0,0.0
SYN-000843,0.72,livestock,low,masonry,5055.0,2270180.0,67,0,1,6.3,0,0.0,0.0
SYN-000844,0.743,livestock,medium,mixed,852.0,420748.0,16,1,1,7.2,0,0.0,0.0
SYN-000845,0.863,crop_farming,medium,mixed,1468.0,438191.0,14,0,1,1.7,0,0.0,0.0
SYN-000846,0.68,mixed_farming,medium,masonry,453.0,225206.0,56,0,1,3.0,1,8878.89,8878.89
SYN-000847,0.872,livestock,high,masonry,1956.0,637335.0,24,0,1,13.8,0,0.0,0.0
SYN-000848,0.442,mixed_farming,medium,masonry,553.0,288973.0,78,0,1,14.5,0,0.0,0.0
SYN-000849,0.953,crop_farming,medium,masonry,3607.0,1084696.0,55,1,1,7.3,0,0.0,0.0
SYN-000850,0.511,viticulture,high,masonry,3898.0,1111290.0,17,0,1,5.6,0,0.0,0.0
SYN-000851,0.902,crop_farming,medium,mixed,1751.0,876500.0,78,0,0,5.9,0,0.0,0.0
SYN-000852,0.697,crop_farming,low,masonry,1306.0,682708.0,74,0,1,17.9,0,0.0,0.0
SYN-000853,0.463,mixed_farming,low,masonry,1073.0,380450.0,24,0,1,19.4,0,0.0,0.0
SYN-000854,0.616,viticulture,medium,mixed,1175.0,479313.0,51,0,1,16.1,0,0.0,0.0
SYN-000855,0.951,crop_farming,medium,mixed,1581.0,746938.0,36,0,1,8.0,0,0.0,0.0
SYN-000856,0.901,livestock,low,masonry,1285.0,539478.0,77,1,1,5.6,0,0.0,0.0
SYN-000857,0.833,mixed_farming,high,masonry,2294.0,1160674.0,77,0,1,10.9,0,0.0,0.0
SYN-000858,0.628,mixed_farming,high,mixed,667.0,157556.0,32,0,1,5.0,0,0.0,0.0
SYN-000859,0.753,livestock,low,masonry,3272.0,860113.0,73,0,1,7.5,0,0.0,0.0
SYN-000860,0.539,livestock,low,mixed,921.0,292771.0,56,0,1,7.4,0,0.0,0.0
SYN-000861,0.789,mixed_farming,low,mixed,746.0,301085.0,8,0,1,6.8,0,0.0,0.0
SYN-000862,0.557,mixed_farming,medium,wood,1534.0,773753.0,44,0,0,4.2,0,0.0,0.0
SYN-000863,0.897,mixed_farming,high,masonry,1599.0,687339.0,32,0,1,8.6,1,16111.87,16111.87
SYN-000864,0.823,livestock,medium,masonry,392.0,134501.0,79,0,0,5.1,0,0.0,0.0
SYN-000865,0.632,crop_farming,low,wood,886.0,261851.0,16,0,1,1.2,0,0.0,0.0
SYN-000866,0.796,viticulture,medium,masonry,295.0,146182.0,5,0,0,1.8,0,0.0,0.0
SYN-000867,0.595,mixed_farming,low,masonry,781.0,341841.0,12,0,1,6.0,0,0.0,0.0
SYN-000868,0.493,mixed_farming,medium,mixed,803.0,387572.0,5,0,0,3.1,0,0.0,0.0
SYN-000869,0.541,crop_farming,medium,masonry,1470.0,431431.0,40,1,1,6.1,0,0.0,0.0
SYN-000870,0.563,crop_farming,medium,mixed,726.0,379124.0,70,0,1,1.9,0,0.0,0.0
SYN-000871,0.536,mixed_farming,medium,wood,847.0,380796.0,40,1,0,14.2,0,0.0,0.0
SYN-000872,0.807,crop_farming,high,mixed,2829.0,1552028.0,5,2,1,5.3,0,0.0,0.0
SYN-000873,0.844,viticulture,low,masonry,4637.0,1919336.0,70,1,1,9.4,0,0.0,0.0
SYN-000874,0.674,livestock,medium,wood,666.0,251189.0,73,0,1,15.1,0,0.0,0.0
SYN-000875,0.993,mixed_farming,low,mixed,2351.0,619258.0,61,0,1,14.0,0,0.0,0.0
SYN-000876,0.935,mixed_farming,low,masonry,1559.0,854544.0,8,0,0,8.6,0,0.0,0.0
SYN-000877,0.452,livestock,high,mixed,391.0,113062.0,19,0,0,14.9,0,0.0,0.0
SYN-000878,0.676,livestock,medium,masonry,725.0,255126.0,9,0,1,2.8,0,0.0,0.0
SYN-000879,0.945,mixed_farming,low,masonry,169.0,101313.0,54,0,0,4.3,0,0.0,0.0
SYN-000880,0.532,mixed_farming,medium,mixed,1496.0,652764.0,27,0,0,23.3,0,0.0,0.0
SYN-000881,0.627,livestock,medium,masonry,602.0,267421.0,5,0,1,8.6,0,0.0,0.0
SYN-000882,0.968,mixed_farming,high,masonry,1322.0,630604.0,59,1,0,9.7,0,0.0,0.0
SYN-000883,0.866,viticulture,medium,mixed,6445.0,1624499.0,60,0,0,6.1,0,0.0,0.0
SYN-000884,0.899,livestock,low,masonry,3414.0,1570457.0,47,0,1,5.5,0,0.0,0.0
SYN-000885,0.928,crop_farming,medium,masonry,736.0,521627.0,14,0,1,4.3,0,0.0,0.0
SYN-000886,0.503,livestock,low,masonry,629.0,169696.0,73,0,1,10.4,0,0.0,0.0
SYN-000887,0.82,livestock,low,mixed,2809.0,702776.0,32,0,1,10.0,0,0.0,0.0
SYN-000888,0.882,crop_farming,medium,wood,631.0,378193.0,51,0,1,10.8,0,0.0,0.0
SYN-000889,0.536,crop_farming,medium,masonry,2308.0,772362.0,2,0,0,8.2,0,0.0,0.0
SYN-000890,0.426,mixed_farming,low,mixed,7175.0,2569330.0,48,0,1,3.3,0,0.0,0.0
SYN-000891,0.507,livestock,medium,masonry,1880.0,623919.0,72,1,1,3.7,0,0.0,0.0
SYN-000892,0.845,viticulture,medium,masonry,2617.0,1034447.0,46,0,0,4.9,0,0.0,0.0
SYN-000893,0.817,crop_farming,medium,masonry,2427.0,1072829.0,23,1,0,14.6,0,0.0,0.0
SYN-000894,0.935,crop_farming,low,masonry,844.0,505332.0,33,0,1,9.0,0,0.0,0.0
SYN-000895,0.59,mixed_farming,medium,masonry,1464.0,487214.0,22,0,1,12.4,0,0.0,0.0
SYN-000896,0.773,mixed_farming,low,mixed,651.0,248393.0,52,0,1,6.6,0,0.0,0.0
SYN-000897,0.416,crop_farming,low,mixed,2803.0,1120861.0,43,0,0,10.3,0,0.0,0.0
SYN-000898,0.961,crop_farming,low,wood,599.0,255082.0,78,1,1,2.1,0,0.0,0.0
SYN-000899,0.733,crop_farming,low,wood,1911.0,865214.0,2,0,1,5.2,0,0.0,0.0
SYN-000900,0.849,livestock,low,masonry,2529.0,1056731.0,78,0,1,4.2,0,0.0,0.0
SYN-000901,0.57,livestock,low,masonry,880.0,523377.0,23,0,1,24.5,0,0.0,0.0
SYN-000902,0.449,crop_farming,high,masonry,759.0,400711.0,9,0,1,4.4,0,0.0,0.0
SYN-000903,0.438,crop_farming,medium,masonry,1085.0,315929.0,21,0,0,2.9,0,0.0,0.0
SYN-000904,0.889,livestock,low,wood,679.0,322631.0,37,0,1,10.8,0,0.0,0.0
SYN-000905,0.491,viticulture,high,masonry,1342.0,578781.0,60,0,0,10.9,0,0.0,0.0
SYN-000906,0.894,mixed_farming,low,masonry,668.0,203812.0,48,1,0,11.3,0,0.0,0.0
SYN-000907,0.559,livestock,medium,masonry,700.0,430868.0,19,0,0,5.7,0,0.0,0.0
SYN-000908,0.725,crop_farming,high,wood,1729.0,726526.0,58,1,1,10.0,0,0.0,0.0
SYN-000909,0.557,crop_farming,medium,masonry,1811.0,728296.0,4,0,1,9.4,0,0.0,0.0
SYN-000910,0.43,crop_farming,low,mixed,1001.0,496702.0,25,2,1,2.6,0,0.0,0.0
SYN-000911,0.725,mixed_farming,medium,masonry,416.0,269243.0,77,0,0,0.6,0,0.0,0.0
SYN-000912,0.62,mixed_farming,medium,masonry,2594.0,886574.0,79,0,1,4.7,0,0.0,0.0
SYN-000913,0.661,viticulture,medium,masonry,906.0,383502.0,26,0,0,8.2,0,0.0,0.0
SYN-000914,0.761,viticulture,medium,mixed,4631.0,1644254.0,34,0,1,1.7,0,0.0,0.0
SYN-000915,0.588,viticulture,medium,mixed,1112.0,457971.0,29,0,0,5.6,0,0.0,0.0
SYN-000916,0.738,viticulture,low,masonry,1324.0,600611.0,23,0,0,8.4,0,0.0,0.0
SYN-000917,0.795,crop_farming,medium,masonry,915.0,368862.0,16,0,1,8.7,0,0.0,0.0
SYN-000918,0.454,crop_farming,low,masonry,1420.0,708215.0,63,0,0,21.0,0,0.0,0.0
SYN-000919,0.61,livestock,high,masonry,11612.0,4933873.0,53,1,1,10.9,0,0.0,0.0
SYN-000920,0.454,livestock,medium,masonry,966.0,269833.0,48,0,1,1.2,0,0.0,0.0
SYN-000921,0.404,crop_farming,medium,masonry,2778.0,1339110.0,62,0,1,17.4,0,0.0,0.0
SYN-000922,0.431,mixed_farming,medium,mixed,1286.0,600717.0,73,0,1,5.1,0,0.0,0.0
SYN-000923,0.755,mixed_farming,low,mixed,2599.0,1081371.0,69,1,1,2.9,0,0.0,0.0
SYN-000924,0.451,livestock,low,mixed,345.0,156826.0,9,0,1,5.1,0,0.0,0.0
SYN-000925,0.921,crop_farming,medium,mixed,4291.0,1310548.0,62,0,1,3.2,0,0.0,0.0
SYN-000926,0.856,crop_farming,medium,wood,1513.0,759349.0,5,0,0,0.5,0,0.0,0.0
SYN-000927,0.405,crop_farming,medium,wood,1018.0,279195.0,58,0,1,4.0,0,0.0,0.0
SYN-000928,0.744,mixed_farming,high,masonry,2180.0,972405.0,76,0,1,8.6,0,0.0,0.0
SYN-000929,0.406,mixed_farming,medium,masonry,1331.0,397942.0,75,0,0,9.0,0,0.0,0.0
SYN-000930,0.466,mixed_farming,medium,masonry,575.0,252466.0,36,0,1,10.3,0,0.0,0.0
SYN-000931,0.993,crop_farming,medium,wood,251.0,100697.0,78,0,0,9.2,0,0.0,0.0
SYN-000932,0.674,livestock,low,masonry,3972.0,975313.0,18,0,0,9.0,0,0.0,0.0
SYN-000933,0.416,livestock,low,masonry,1049.0,489121.0,74,0,1,4.3,0,0.0,0.0
SYN-000934,0.91,mixed_farming,high,masonry,814.0,382459.0,60,0,1,3.8,0,0.0,0.0
SYN-000935,0.95,mixed_farming,high,mixed,856.0,390552.0,64,0,1,3.7,0,0.0,0.0
SYN-000936,0.729,crop_farming,high,mixed,3140.0,1209946.0,80,0,0,5.3,0,0.0,0.0
SYN-000937,0.824,viticulture,low,mixed,881.0,448331.0,62,0,0,11.3,0,0.0,0.0
SYN-000938,0.868,crop_farming,low,mixed,1842.0,742690.0,80,1,1,1.3,0,0.0,0.0
SYN-000939,0.841,mixed_farming,medium,wood,975.0,589431.0,35,1,0,7.1,1,5991.27,5991.27
SYN-000940,0.697,crop_farming,high,masonry,536.0,209449.0,78,0,0,5.7,0,0.0,0.0
SYN-000941,0.9,crop_farming,low,wood,2177.0,583255.0,66,0,0,14.0,0,0.0,0.0
SYN-000942,0.716,mixed_farming,low,mixed,2482.0,744712.0,13,0,0,16.2,0,0.0,0.0
SYN-000943,0.556,crop_farming,low,masonry,779.0,488721.0,30,0,0,7.4,0,0.0,0.0
SYN-000944,0.402,livestock,medium,wood,1183.0,310177.0,69,0,1,7.3,0,0.0,0.0
SYN-000945,0.615,livestock,medium,wood,1291.0,391839.0,50,1,1,6.7,0,0.0,0.0
SYN-000946,0.45,crop_farming,medium,mixed,1619.0,460106.0,10,0,1,20.3,0,0.0,0.0
SYN-000947,0.438,mixed_farming,low,wood,4365.0,2041347.0,48,0,0,3.4,0,0.0,0.0
SYN-000948,0.682,mixed_farming,medium,masonry,982.0,401969.0,29,2,1,1.5,0,0.0,0.0
SYN-000949,0.966,mixed_farming,medium,masonry,978.0,527085.0,10,1,1,3.9,0,0.0,0.0
SYN-000950,0.463,livestock,low,masonry,1081.0,397141.0,15,0,0,13.1,0,0.0,0.0
SYN-000951,0.564,livestock,low,wood,657.0,335537.0,17,0,1,9.1,0,0.0,0.0
SYN-000952,0.898,crop_farming,medium,mixed,396.0,264283.0,29,2,1,3.0,0,0.0,0.0
SYN-000953,0.641,crop_farming,low,wood,1322.0,604610.0,72,0,0,7.1,0,0.0,0.0
SYN-000954,0.855,crop_farming,high,mixed,1707.0,944286.0,20,0,1,13.7,0,0.0,0.0
SYN-000955,0.725,viticulture,medium,mixed,1214.0,646543.0,15,0,1,11.5,0,0.0,0.0
SYN-000956,0.762,mixed_farming,medium,masonry,1164.0,368066.0,72,0,1,1.6,0,0.0,0.0
SYN-000957,0.497,mixed_farming,medium,masonry,676.0,325718.0,40,1,1,11.0,0,0.0,0.0
SYN-000958,0.611,livestock,medium,masonry,1428.0,658629.0,80,0,1,13.0,0,0.0,0.0
SYN-000959,0.773,livestock,low,mixed,1353.0,742431.0,25,0,1,5.3,0,0.0,0.0
SYN-000960,0.416,livestock,medium,masonry,1650.0,746895.0,14,0,1,6.4,0,0.0,0.0
SYN-000961,0.513,livestock,low,wood,1496.0,664494.0,69,0,1,6.7,0,0.0,0.0
SYN-000962,0.632,livestock,medium,mixed,1566.0,523205.0,11,0,0,24.2,0,0.0,0.0
SYN-000963,0.805,crop_farming,medium,masonry,2856.0,1456653.0,60,2,1,9.9,0,0.0,0.0
SYN-000964,0.706,crop_farming,medium,wood,1758.0,628900.0,14,0,1,7.4,0,0.0,0.0
SYN-000965,0.831,viticulture,medium,mixed,1656.0,710752.0,69,1,0,8.1,0,0.0,0.0
SYN-000966,0.836,livestock,low,mixed,390.0,294678.0,46,0,1,1.4,0,0.0,0.0
SYN-000967,0.419,viticulture,medium,masonry,2404.0,1121690.0,12,0,1,11.4,0,0.0,0.0
SYN-000968,0.941,crop_farming,low,masonry,999.0,515258.0,71,0,1,18.0,0,0.0,0.0
SYN-000969,0.895,livestock,high,masonry,1276.0,533891.0,23,1,0,17.4,0,0.0,0.0
SYN-000970,0.563,crop_farming,medium,masonry,530.0,286626.0,60,0,1,4.1,0,0.0,0.0
SYN-000971,0.691,crop_farming,high,mixed,4715.0,2263686.0,15,0,0,9.9,1,60238.81,60238.81
SYN-000972,0.585,crop_farming,medium,wood,243.0,93204.0,34,0,1,1.9,0,0.0,0.0
SYN-000973,0.944,crop_farming,high,wood,3188.0,1155930.0,21,0,1,12.3,0,0.0,0.0
SYN-000974,0.63,viticulture,low,masonry,1598.0,505513.0,77,0,0,3.2,0,0.0,0.0
SYN-000975,0.638,livestock,low,wood,351.0,124478.0,10,0,1,14.3,0,0.0,0.0
SYN-000976,0.947,mixed_farming,low,masonry,4554.0,2256007.0,44,0,1,10.1,0,0.0,0.0
SYN-000977,0.76,livestock,low,masonry,1692.0,544583.0,22,0,1,1.4,0,0.0,0.0
SYN-000978,0.483,livestock,high,mixed,262.0,192196.0,63,0,1,13.6,0,0.0,0.0
SYN-000979,0.776,livestock,medium,wood,921.0,255458.0,45,0,0,0.9,0,0.0,0.0
SYN-000980,0.877,crop_farming,medium,wood,1715.0,545393.0,40,1,1,3.7,0,0.0,0.0
SYN-000981,0.603,viticulture,medium,mixed,3691.0,1507460.0,65,0,1,2.1,0,0.0,0.0
SYN-000982,0.716,mixed_farming,medium,masonry,929.0,391116.0,54,0,1,26.1,0,0.0,0.0
SYN-000983,0.776,mixed_farming,medium,masonry,217.0,430781.0,53,0,1,9.9,0,0.0,0.0
SYN-000984,0.706,livestock,high,masonry,3129.0,758688.0,31,0,0,7.7,0,0.0,0.0
SYN-000985,0.999,crop_farming,medium,mixed,1675.0,707512.0,19,0,1,5.5,0,0.0,0.0
SYN-000986,0.704,viticulture,medium,masonry,284.0,379023.0,5,0,1,30.5,0,0.0,0.0
SYN-000987,0.786,livestock,low,masonry,1514.0,659317.0,45,0,0,6.8,0,0.0,0.0
SYN-000988,0.876,crop_farming,high,masonry,1622.0,747724.0,50,0,1,29.6,0,0.0,0.0
SYN-000989,0.482,livestock,low,mixed,981.0,329283.0,20,0,0,7.4,0,0.0,0.0
SYN-000990,0.426,mixed_farming,medium,mixed,708.0,507659.0,24,0,1,16.5,0,0.0,0.0
SYN-000991,0.984,mixed_farming,high,masonry,815.0,330635.0,5,0,1,18.2,0,0.0,0.0
SYN-000992,0.839,mixed_farming,low,masonry,981.0,587995.0,45,1,1,4.2,0,0.0,0.0
SYN-000993,0.636,mixed_farming,low,mixed,1526.0,399347.0,76,0,0,9.9,0,0.0,0.0
SYN-000994,0.411,crop_farming,medium,mixed,2023.0,524487.0,53,0,1,15.6,0,0.0,0.0
SYN-000995,0.5,viticulture,medium,masonry,300.0,127760.0,6,0,1,1.1,0,0.0,0.0
SYN-000996,0.406,livestock,high,masonry,1431.0,528206.0,37,0,1,13.1,0,0.0,0.0
SYN-000997,0.638,mixed_farming,high,wood,1664.0,452023.0,74,0,1,11.7,0,0.0,0.0
SYN-000998,0.733,crop_farming,medium,mixed,1353.0,353028.0,13,0,1,11.1,0,0.0,0.0
SYN-000999,0.496,viticulture,high,masonry,932.0,250336.0,21,0,0,3.8,0,0.0,0.0
SYN-001000,0.784,crop_farming,medium,mixed,3050.0,721684.0,65,0,0,0.9,0,0.0,0.0
SYN-001001,0.973,crop_farming,high,mixed,2904.0,670843.0,54,0,0,5.3,0,0.0,0.0
SYN-001002,0.994,livestock,low,masonry,955.0,510260.0,14,1,1,5.3,1,18734.09,18734.09
SYN-001003,0.9,crop_farming,medium,masonry,1148.0,612186.0,1,0,0,11.6,0,0.0,0.0
SYN-001004,0.666,crop_farming,low,wood,2002.0,693871.0,11,0,1,4.4,0,0.0,0.0
SYN-001005,0.728,mixed_farming,low,masonry,2790.0,805743.0,45,0,1,12.3,0,0.0,0.0
SYN-001006,0.702,livestock,medium,masonry,713.0,323483.0,26,0,1,1.0,0,0.0,0.0
SYN-001007,0.493,viticulture,low,mixed,614.0,333994.0,15,0,1,13.3,0,0.0,0.0
SYN-001008,0.913,livestock,medium,masonry,1448.0,745974.0,5,0,1,5.0,0,0.0,0.0
SYN-001009,0.805,mixed_farming,medium,mixed,584.0,266715.0,8,0,1,9.2,0,0.0,0.0
SYN-001010,0.783,livestock,low,masonry,342.0,97973.0,29,1,1,2.9,1,6221.24,6221.24
SYN-001011,0.532,mixed_farming,medium,masonry,711.0,265152.0,19,0,0,10.9,0,0.0,0.0
SYN-001012,0.492,mixed_farming,medium,masonry,1589.0,582482.0,61,1,1,8.0,0,0.0,0.0
SYN-001013,0.924,livestock,high,wood,3327.0,829213.0,61,1,1,10.3,0,0.0,0.0
SYN-001014,0.508,viticulture,low,mixed,765.0,411967.0,64,0,1,23.0,0,0.0,0.0
SYN-001015,0.444,livestock,high,mixed,1118.0,348680.0,58,0,1,5.0,0,0.0,0.0
SYN-001016,0.775,crop_farming,high,masonry,1341.0,430486.0,37,0,1,2.8,0,0.0,0.0
SYN-001017,0.823,mixed_farming,medium,mixed,795.0,370800.0,15,0,1,9.0,0,0.0,0.0
SYN-001018,0.472,mixed_farming,medium,masonry,755.0,519902.0,15,0,1,4.4,0,0.0,0.0
SYN-001019,0.524,crop_farming,medium,mixed,1507.0,409448.0,50,0,0,6.7,0,0.0,0.0
SYN-001020,0.873,livestock,high,masonry,557.0,412329.0,78,0,1,7.0,0,0.0,0.0
SYN-001021,0.958,mixed_farming,low,mixed,736.0,255662.0,59,0,1,27.3,0,0.0,0.0
SYN-001022,0.686,mixed_farming,high,masonry,1062.0,402590.0,66,0,1,5.8,0,0.0,0.0
SYN-001023,0.875,viticulture,high,masonry,1495.0,535728.0,67,0,1,14.7,0,0.0,0.0
SYN-001024,0.592,livestock,medium,mixed,453.0,215608.0,1,0,1,1.1,1,6239.53,6239.53
SYN-001025,0.822,mixed_farming,medium,masonry,1113.0,324813.0,73,0,0,5.4,0,0.0,0.0
SYN-001026,0.734,livestock,medium,masonry,524.0,328995.0,49,0,0,7.3,0,0.0,0.0
SYN-001027,0.906,viticulture,medium,wood,777.0,389488.0,70,0,1,5.9,0,0.0,0.0
SYN-001028,0.866,livestock,high,masonry,2024.0,478974.0,76,0,0,7.0,0,0.0,0.0
SYN-001029,0.57,mixed_farming,low,mixed,1155.0,406398.0,11,0,1,3.7,0,0.0,0.0
SYN-001030,0.49,livestock,low,mixed,3586.0,1190064.0,75,0,1,14.1,0,0.0,0.0
SYN-001031,0.885,livestock,low,mixed,1156.0,431533.0,44,1,0,4.2,0,0.0,0.0
SYN-001032,0.42,mixed_farming,high,masonry,2274.0,1201005.0,32,1,0,3.1,0,0.0,0.0
SYN-001033,0.807,livestock,medium,mixed,2032.0,587788.0,78,0,1,8.7,0,0.0,0.0
SYN-001034,0.686,viticulture,high,masonry,1202.0,512680.0,49,0,0,10.4,0,0.0,0.0
SYN-001035,0.445,livestock,medium,masonry,515.0,274735.0,52,0,1,7.2,0,0.0,0.0
SYN-001036,0.813,mixed_farming,low,mixed,1132.0,551987.0,50,0,0,2.9,0,0.0,0.0
SYN-001037,0.69,livestock,high,wood,857.0,280924.0,51,1,1,15.3,0,0.0,0.0
SYN-001038,0.916,livestock,medium,masonry,836.0,233996.0,59,0,1,7.9,0,0.0,0.0
SYN-001039,0.525,livestock,medium,masonry,1341.0,393587.0,29,1,1,6.9,0,0.0,0.0
SYN-001040,0.401,crop_farming,low,mixed,472.0,229292.0,76,0,1,7.4,0,0.0,0.0
SYN-001041,0.478,crop_farming,low,masonry,687.0,342613.0,54,2,0,20.3,0,0.0,0.0
SYN-001042,0.562,mixed_farming,low,mixed,628.0,306421.0,38,1,1,3.3,0,0.0,0.0
SYN-001043,0.791,mixed_farming,medium,masonry,1027.0,389912.0,43,0,0,14.2,0,0.0,0.0
SYN-001044,0.618,mixed_farming,medium,masonry,736.0,251978.0,5,0,1,2.6,0,0.0,0.0
SYN-001045,0.471,crop_farming,low,mixed,768.0,325092.0,8,0,0,10.5,0,0.0,0.0
SYN-001046,0.989,livestock,low,wood,1324.0,423780.0,58,0,1,2.8,0,0.0,0.0
SYN-001047,0.465,crop_farming,low,masonry,907.0,484606.0,31,0,1,16.9,0,0.0,0.0
SYN-001048,0.613,mixed_farming,medium,wood,1216.0,638039.0,76,0,1,10.5,0,0.0,0.0
SYN-001049,0.926,mixed_farming,high,masonry,587.0,198437.0,35,0,1,1.2,0,0.0,0.0
SYN-001050,0.792,crop_farming,medium,masonry,707.0,430775.0,70,0,1,11.2,0,0.0,0.0
SYN-001051,0.592,mixed_farming,low,masonry,4567.0,1245877.0,58,0,1,7.8,0,0.0,0.0
SYN-001052,0.982,crop_farming,medium,masonry,770.0,422034.0,2,0,0,1.7,0,0.0,0.0
SYN-001053,0.701,crop_farming,high,mixed,308.0,166658.0,27,0,1,23.0,0,0.0,0.0
SYN-001054,0.405,crop_farming,medium,masonry,1514.0,1057454.0,71,0,1,7.8,0,0.0,0.0
SYN-001055,0.404,crop_farming,high,masonry,765.0,346776.0,64,0,1,8.7,0,0.0,0.0
SYN-001056,0.965,mixed_farming,high,masonry,1420.0,335490.0,12,1,1,6.6,0,0.0,0.0
SYN-001057,0.569,viticulture,medium,mixed,1143.0,379459.0,19,0,0,9.1,0,0.0,0.0
SYN-001058,0.887,crop_farming,high,wood,1733.0,516335.0,79,0,1,3.4,0,0.0,0.0
SYN-001059,0.426,livestock,low,masonry,1136.0,389102.0,38,1,0,2.9,0,0.0,0.0
SYN-001060,0.488,mixed_farming,high,masonry,1046.0,302810.0,60,0,1,8.1,0,0.0,0.0
SYN-001061,0.914,viticulture,high,wood,2556.0,1387337.0,39,1,1,1.9,0,0.0,0.0
SYN-001062,0.996,mixed_farming,high,masonry,287.0,121528.0,11,0,0,5.7,0,0.0,0.0
SYN-001063,0.431,crop_farming,medium,mixed,512.0,285599.0,46,0,1,3.1,0,0.0,0.0
SYN-001064,0.501,mixed_farming,medium,mixed,709.0,196076.0,9,0,1,0.5,0,0.0,0.0
SYN-001065,0.834,livestock,low,wood,403.0,216562.0,74,0,1,4.2,0,0.0,0.0
SYN-001066,0.718,viticulture,medium,masonry,887.0,486052.0,23,0,1,16.2,1,12608.82,12608.82
SYN-001067,0.644,livestock,medium,masonry,832.0,384838.0,67,1,1,9.4,0,0.0,0.0
SYN-001068,0.517,mixed_farming,medium,masonry,2284.0,1073513.0,19,0,1,17.7,0,0.0,0.0
SYN-001069,0.967,crop_farming,medium,masonry,1144.0,537676.0,6,0,0,4.6,0,0.0,0.0
SYN-001070,0.503,livestock,low,masonry,1055.0,572659.0,1,0,1,12.5,0,0.0,0.0
SYN-001071,0.559,mixed_farming,low,wood,947.0,533731.0,9,0,0,14.7,0,0.0,0.0
SYN-001072,0.595,mixed_farming,low,masonry,612.0,183244.0,72,0,0,1.9,1,3762.15,3762.15
SYN-001073,0.483,livestock,medium,masonry,2162.0,540626.0,8,0,1,4.6,0,0.0,0.0
SYN-001074,0.722,viticulture,medium,masonry,2661.0,1407296.0,11,1,1,11.5,0,0.0,0.0
SYN-001075,0.605,mixed_farming,medium,masonry,551.0,324118.0,18,0,1,5.4,0,0.0,0.0
SYN-001076,0.765,livestock,low,masonry,3474.0,1381900.0,80,0,1,3.2,0,0.0,0.0
SYN-001077,0.621,livestock,high,masonry,784.0,413225.0,65,1,0,28.0,0,0.0,0.0
SYN-001078,0.47,livestock,medium,mixed,743.0,418889.0,22,0,0,1.4,0,0.0,0.0
SYN-001079,0.924,mixed_farming,low,mixed,1648.0,626395.0,35,0,1,3.8,0,0.0,0.0
SYN-001080,0.706,livestock,low,masonry,1746.0,515040.0,46,1,0,5.4,0,0.0,0.0
SYN-001081,0.593,crop_farming,medium,mixed,1157.0,492845.0,23,0,1,6.9,0,0.0,0.0
SYN-001082,0.41,viticulture,medium,masonry,968.0,325256.0,56,0,0,6.6,0,0.0,0.0
SYN-001083,0.759,viticulture,low,masonry,2597.0,581206.0,22,0,0,5.7,0,0.0,0.0
SYN-001084,0.87,mixed_farming,low,wood,808.0,457372.0,25,0,1,5.1,0,0.0,0.0
SYN-001085,0.79,viticulture,low,wood,1159.0,618686.0,74,0,1,4.8,0,0.0,0.0
SYN-001086,0.873,mixed_farming,low,masonry,3644.0,1788422.0,37,0,1,9.8,0,0.0,0.0
SYN-001087,0.493,mixed_farming,low,masonry,508.0,302794.0,74,0,1,6.6,0,0.0,0.0
SYN-001088,0.983,mixed_farming,high,masonry,900.0,317980.0,62,1,1,2.3,0,0.0,0.0
SYN-001089,0.527,livestock,medium,masonry,2360.0,1090315.0,26,0,1,6.4,0,0.0,0.0
SYN-001090,0.56,livestock,medium,mixed,1708.0,754978.0,6,1,0,8.5,2,15004.21,30008.41
SYN-001091,0.707,crop_farming,medium,masonry,2167.0,903504.0,12,0,1,33.3,0,0.0,0.0
SYN-001092,0.403,mixed_farming,medium,wood,513.0,150094.0,29,0,0,5.3,0,0.0,0.0
SYN-001093,0.665,crop_farming,low,mixed,1493.0,737083.0,61,0,1,12.1,0,0.0,0.0
SYN-001094,0.517,crop_farming,low,masonry,1007.0,337111.0,64,0,0,14.0,0,0.0,0.0
SYN-001095,0.849,mixed_farming,low,wood,5309.0,1943523.0,33,0,0,5.6,0,0.0,0.0
SYN-001096,0.855,livestock,medium,mixed,2051.0,933937.0,27,1,0,14.7,0,0.0,0.0
SYN-001097,0.769,crop_farming,medium,masonry,1195.0,675701.0,58,1,0,12.4,0,0.0,0.0
SYN-001098,0.653,mixed_farming,medium,masonry,1459.0,530764.0,5,0,1,13.2,0,0.0,0.0
SYN-001099,0.586,mixed_farming,medium,wood,1255.0,319066.0,33,0,1,4.1,0,0.0,0.0
SYN-001100,0.896,crop_farming,high,wood,1909.0,986521.0,16,0,1,27.3,0,0.0,0.0
SYN-001101,0.704,crop_farming,low,masonry,695.0,387350.0,55,0,1,12.2,0,0.0,0.0
SYN-001102,0.698,livestock,medium,mixed,2944.0,900269.0,55,0,1,3.2,0,0.0,0.0
SYN-001103,0.468,mixed_farming,medium,wood,512.0,320472.0,69,0,1,5.6,0,0.0,0.0
SYN-001104,0.531,mixed_farming,medium,wood,1385.0,731191.0,78,0,0,9.1,1,8039.0,8039.0
SYN-001105,0.616,crop_farming,medium,masonry,709.0,252219.0,18,0,1,9.3,0,0.0,0.0
SYN-001106,0.819,mixed_farming,medium,masonry,1246.0,596253.0,19,0,1,12.0,0,0.0,0.0
SYN-001107,0.907,crop_farming,low,wood,2304.0,639248.0,33,0,1,10.7,0,0.0,0.0
SYN-001108,0.996,livestock,medium,masonry,398.0,286118.0,42,0,0,4.4,0,0.0,0.0
SYN-001109,0.656,viticulture,high,masonry,1086.0,274128.0,59,0,0,16.1,0,0.0,0.0
SYN-001110,0.672,crop_farming,medium,mixed,475.0,324374.0,20,0,1,16.9,0,0.0,0.0
SYN-001111,0.86,crop_farming,high,masonry,1011.0,483085.0,46,0,1,11.3,0,0.0,0.0
SYN-001112,0.593,livestock,medium,mixed,475.0,145186.0,74,0,0,13.5,0,0.0,0.0
SYN-001113,0.724,mixed_farming,medium,masonry,1346.0,689498.0,6,0,1,5.8,0,0.0,0.0
SYN-001114,0.806,viticulture,medium,mixed,919.0,311426.0,73,2,0,4.6,0,0.0,0.0
SYN-001115,0.542,viticulture,medium,masonry,1970.0,513285.0,15,0,1,5.6,0,0.0,0.0
SYN-001116,0.568,crop_farming,high,mixed,2693.0,1407341.0,32,0,1,19.0,0,0.0,0.0
SYN-001117,0.614,crop_farming,low,masonry,1220.0,671336.0,13,0,1,6.0,0,0.0,0.0
SYN-001118,0.747,mixed_farming,medium,masonry,2167.0,974060.0,3,0,1,8.2,0,0.0,0.0
SYN-001119,0.562,crop_farming,medium,wood,2977.0,1493133.0,23,0,1,4.9,1,4007.56,4007.56
SYN-001120,0.525,mixed_farming,high,mixed,666.0,213514.0,49,0,1,2.2,0,0.0,0.0
SYN-001121,0.49,mixed_farming,medium,masonry,3080.0,1220687.0,31,0,0,4.2,0,0.0,0.0
SYN-001122,0.886,crop_farming,high,masonry,1183.0,625292.0,51,0,1,6.5,0,0.0,0.0
SYN-001123,0.932,mixed_farming,high,mixed,642.0,353186.0,60,0,0,9.9,0,0.0,0.0
SYN-001124,0.943,crop_farming,low,wood,1471.0,499804.0,50,0,1,12.9,0,0.0,0.0
SYN-001125,0.893,livestock,high,masonry,1156.0,460499.0,55,0,0,2.1,0,0.0,0.0
SYN-001126,0.482,livestock,high,wood,486.0,301419.0,24,0,1,9.5,0,0.0,0.0
SYN-001127,0.459,livestock,low,masonry,592.0,254861.0,65,0,1,2.6,0,0.0,0.0
SYN-001128,0.699,mixed_farming,medium,mixed,3513.0,1615885.0,2,0,1,3.4,0,0.0,0.0
SYN-001129,0.713,mixed_farming,low,masonry,1453.0,482807.0,68,1,1,11.7,0,0.0,0.0
SYN-001130,0.84,viticulture,medium,masonry,3175.0,1216987.0,3,0,0,3.2,0,0.0,0.0
SYN-001131,0.534,viticulture,low,wood,924.0,311047.0,51,0,1,6.9,0,0.0,0.0
SYN-001132,0.959,livestock,medium,masonry,720.0,773127.0,63,0,1,4.6,0,0.0,0.0
SYN-001133,0.586,crop_farming,medium,wood,406.0,318349.0,73,1,0,11.8,0,0.0,0.0
SYN-001134,0.747,mixed_farming,medium,masonry,2274.0,894075.0,43,0,0,10.1,0,0.0,0.0
SYN-001135,0.919,viticulture,low,masonry,1583.0,849145.0,65,0,1,9.4,0,0.0,0.0
SYN-001136,0.714,livestock,medium,wood,930.0,357686.0,22,0,1,3.6,0,0.0,0.0
SYN-001137,0.852,livestock,medium,mixed,724.0,281619.0,24,0,1,8.2,0,0.0,0.0
SYN-001138,0.849,livestock,medium,masonry,2521.0,1205396.0,74,0,1,10.5,0,0.0,0.0
SYN-001139,0.874,crop_farming,low,mixed,1080.0,314601.0,44,0,1,6.0,0,0.0,0.0
SYN-001140,0.887,mixed_farming,low,masonry,1088.0,336913.0,71,0,1,3.5,0,0.0,0.0
SYN-001141,0.635,livestock,medium,wood,820.0,366289.0,41,0,1,7.0,0,0.0,0.0
SYN-001142,0.618,mixed_farming,high,masonry,930.0,492850.0,66,1,1,7.0,0,0.0,0.0
SYN-001143,0.882,mixed_farming,low,masonry,1733.0,888820.0,15,0,0,17.7,0,0.0,0.0
SYN-001144,0.748,mixed_farming,medium,masonry,483.0,336117.0,50,0,0,7.9,0,0.0,0.0
SYN-001145,0.765,livestock,low,mixed,1277.0,399474.0,17,1,1,5.8,0,0.0,0.0
SYN-001146,0.647,livestock,medium,wood,2256.0,747153.0,50,0,1,6.9,0,0.0,0.0
SYN-001147,0.521,mixed_farming,low,mixed,1147.0,370458.0,27,1,1,4.8,0,0.0,0.0
SYN-001148,0.674,mixed_farming,medium,masonry,2405.0,1420634.0,43,1,1,4.2,0,0.0,0.0
SYN-001149,0.982,livestock,medium,masonry,2897.0,729376.0,73,0,1,5.8,0,0.0,0.0
SYN-001150,0.575,mixed_farming,low,masonry,2181.0,1242823.0,15,0,1,6.3,0,0.0,0.0
SYN-001151,0.563,crop_farming,low,wood,855.0,295235.0,59,0,1,5.5,0,0.0,0.0
SYN-001152,0.478,mixed_farming,medium,masonry,1184.0,417430.0,59,0,1,4.3,0,0.0,0.0
SYN-001153,0.689,crop_farming,medium,mixed,1517.0,648744.0,26,0,1,19.0,0,0.0,0.0
SYN-001154,0.573,crop_farming,high,masonry,893.0,317446.0,42,0,1,4.6,0,0.0,0.0
SYN-001155,0.812,livestock,medium,wood,874.0,410598.0,73,0,0,15.7,0,0.0,0.0
SYN-001156,0.481,crop_farming,high,masonry,840.0,475362.0,44,0,0,6.0,0,0.0,0.0
SYN-001157,0.548,crop_farming,medium,masonry,6332.0,1906852.0,12,0,1,4.0,0,0.0,0.0
SYN-001158,0.437,crop_farming,low,wood,1016.0,482217.0,56,0,1,5.1,0,0.0,0.0
SYN-001159,0.425,livestock,low,wood,2428.0,1261369.0,10,0,1,2.0,0,0.0,0.0
SYN-001160,0.888,mixed_farming,medium,mixed,689.0,419294.0,30,0,1,8.5,0,0.0,0.0
SYN-001161,0.944,crop_farming,low,mixed,3663.0,1517023.0,68,0,1,13.3,0,0.0,0.0
SYN-001162,0.858,mixed_farming,high,mixed,948.0,541693.0,57,0,0,9.3,0,0.0,0.0
SYN-001163,0.919,mixed_farming,medium,masonry,1254.0,628921.0,55,1,1,7.7,0,0.0,0.0
SYN-001164,0.452,crop_farming,medium,masonry,368.0,146316.0,20,0,0,29.5,0,0.0,0.0
SYN-001165,0.939,crop_farming,medium,mixed,2504.0,699659.0,2,0,1,3.7,0,0.0,0.0
SYN-001166,0.68,mixed_farming,medium,mixed,2883.0,1033430.0,70,1,1,14.6,0,0.0,0.0
SYN-001167,0.861,mixed_farming,medium,masonry,560.0,320589.0,19,0,1,9.8,0,0.0,0.0
SYN-001168,0.769,livestock,low,masonry,2601.0,581611.0,79,0,1,2.2,0,0.0,0.0
SYN-001169,0.61,mixed_farming,low,mixed,508.0,279511.0,26,0,1,4.4,0,0.0,0.0
SYN-001170,0.559,crop_farming,low,masonry,1828.0,607020.0,48,0,1,3.7,0,0.0,0.0
SYN-001171,0.471,livestock,low,mixed,1005.0,554150.0,57,0,1,11.4,0,0.0,0.0
SYN-001172,0.648,mixed_farming,medium,mixed,2889.0,1470361.0,31,1,1,7.9,0,0.0,0.0
SYN-001173,0.696,crop_farming,low,masonry,1425.0,678006.0,64,1,0,6.3,0,0.0,0.0
SYN-001174,0.99,mixed_farming,low,masonry,2220.0,1066620.0,24,0,0,5.1,0,0.0,0.0
SYN-001175,0.422,livestock,high,masonry,2710.0,1102249.0,36,0,0,1.1,0,0.0,0.0
SYN-001176,0.754,mixed_farming,high,masonry,1003.0,470961.0,72,0,0,11.0,0,0.0,0.0
SYN-001177,0.715,livestock,medium,mixed,1189.0,355460.0,25,0,1,23.0,0,0.0,0.0
SYN-001178,0.414,livestock,medium,mixed,589.0,543022.0,27,0,0,15.8,0,0.0,0.0
SYN-001179,0.598,crop_farming,medium,wood,997.0,469615.0,8,0,1,7.4,0,0.0,0.0
SYN-001180,0.654,crop_farming,low,masonry,4241.0,1951793.0,66,0,1,15.1,0,0.0,0.0
SYN-001181,0.697,mixed_farming,medium,mixed,1981.0,801015.0,6,0,1,10.4,0,0.0,0.0
SYN-001182,0.54,crop_farming,low,masonry,615.0,303950.0,33,1,0,19.5,0,0.0,0.0
SYN-001183,0.42,crop_farming,medium,mixed,3500.0,1184171.0,23,0,1,1.7,0,0.0,0.0
SYN-001184,0.576,crop_farming,high,masonry,1561.0,644101.0,71,0,0,6.8,0,0.0,0.0
SYN-001185,0.902,crop_farming,medium,mixed,2079.0,740242.0,38,0,1,20.8,0,0.0,0.0
SYN-001186,0.885,mixed_farming,high,masonry,1667.0,797931.0,35,0,0,2.7,0,0.0,0.0
SYN-001187,0.508,livestock,medium,masonry,1592.0,602785.0,43,0,1,7.4,0,0.0,0.0
SYN-001188,0.788,viticulture,medium,wood,331.0,252349.0,47,0,1,6.0,0,0.0,0.0
SYN-001189,0.954,crop_farming,medium,masonry,2489.0,1231181.0,18,0,1,4.0,0,0.0,0.0
SYN-001190,0.503,mixed_farming,medium,masonry,280.0,195268.0,10,1,1,19.8,0,0.0,0.0
SYN-001191,0.477,livestock,medium,mixed,2346.0,1197652.0,15,0,1,4.0,0,0.0,0.0
SYN-001192,0.413,livestock,low,masonry,1293.0,471337.0,79,0,1,6.0,0,0.0,0.0
SYN-001193,0.503,mixed_farming,medium,masonry,2086.0,1110555.0,4,1,0,6.1,0,0.0,0.0
SYN-001194,0.888,viticulture,low,masonry,1343.0,613253.0,46,0,0,5.4,0,0.0,0.0
SYN-001195,0.888,mixed_farming,medium,masonry,2389.0,657718.0,60,0,1,5.3,0,0.0,0.0
SYN-001196,0.724,crop_farming,low,wood,1225.0,365059.0,50,0,1,3.2,0,0.0,0.0
SYN-001197,0.6,crop_farming,medium,mixed,1455.0,366407.0,66,0,1,4.9,0,0.0,0.0
SYN-001198,0.884,mixed_farming,low,masonry,1577.0,462526.0,11,1,1,19.2,0,0.0,0.0
SYN-001199,0.517,crop_farming,low,masonry,4110.0,1345937.0,32,0,1,7.8,0,0.0,0.0
SYN-001200,0.484,mixed_farming,medium,wood,1790.0,969566.0,56,0,1,6.8,0,0.0,0.0
SYN-001201,0.454,livestock,low,wood,515.0,265820.0,5,0,1,13.4,0,0.0,0.0
SYN-001202,0.911,livestock,high,masonry,840.0,450890.0,35,0,1,5.4,0,0.0,0.0
SYN-001203,0.829,mixed_farming,medium,mixed,1788.0,881512.0,64,1,1,1.6,0,0.0,0.0
SYN-001204,0.775,mixed_farming,medium,masonry,2749.0,1409032.0,34,0,0,12.3,0,0.0,0.0
SYN-001205,0.836,crop_farming,low,masonry,758.0,483065.0,64,0,0,3.0,0,0.0,0.0
SYN-001206,0.486,crop_farming,high,wood,5197.0,2677995.0,38,0,0,5.1,0,0.0,0.0
SYN-001207,0.631,mixed_farming,medium,wood,1359.0,378753.0,9,0,0,2.0,0,0.0,0.0
SYN-001208,0.888,livestock,medium,masonry,1593.0,606774.0,43,0,1,3.6,0,0.0,0.0
SYN-001209,0.95,crop_farming,low,wood,536.0,201938.0,33,0,0,3.6,0,0.0,0.0
SYN-001210,0.708,livestock,medium,mixed,2503.0,791973.0,65,1,1,8.5,0,0.0,0.0
SYN-001211,0.473,mixed_farming,high,mixed,907.0,331421.0,68,0,1,1.7,0,0.0,0.0
SYN-001212,0.987,mixed_farming,medium,mixed,746.0,314170.0,28,0,0,13.5,0,0.0,0.0
SYN-001213,0.637,livestock,low,masonry,986.0,569784.0,73,0,0,5.4,0,0.0,0.0
SYN-001214,0.591,livestock,low,wood,2977.0,898285.0,71,1,1,5.8,0,0.0,0.0
SYN-001215,0.472,crop_farming,low,masonry,1640.0,850635.0,39,0,1,6.7,0,0.0,0.0
SYN-001216,0.408,livestock,medium,masonry,680.0,238698.0,9,0,0,2.1,0,0.0,0.0
SYN-001217,0.762,livestock,high,masonry,859.0,422598.0,57,0,1,10.7,0,0.0,0.0
SYN-001218,0.767,livestock,high,mixed,3030.0,942248.0,43,1,0,10.3,0,0.0,0.0
SYN-001219,0.541,mixed_farming,medium,masonry,1039.0,625270.0,53,0,1,10.3,0,0.0,0.0
SYN-001220,0.497,crop_farming,low,masonry,1745.0,809154.0,55,0,0,2.7,0,0.0,0.0
SYN-001221,0.717,crop_farming,high,mixed,2045.0,505766.0,62,0,1,2.9,0,0.0,0.0
SYN-001222,0.661,crop_farming,low,masonry,150.0,268241.0,78,0,1,7.4,0,0.0,0.0
SYN-001223,0.582,mixed_farming,low,masonry,2757.0,912466.0,26,0,0,4.7,0,0.0,0.0
SYN-001224,0.531,mixed_farming,medium,masonry,696.0,420706.0,32,1,1,6.0,0,0.0,0.0
SYN-001225,0.916,crop_farming,low,mixed,959.0,301981.0,15,0,0,5.1,0,0.0,0.0
SYN-001226,0.99,mixed_farming,high,masonry,3296.0,944663.0,55,0,1,18.4,0,0.0,0.0
SYN-001227,0.613,livestock,high,masonry,3104.0,966477.0,57,0,1,10.4,0,0.0,0.0
SYN-001228,0.819,livestock,medium,masonry,1670.0,799126.0,63,1,1,3.5,0,0.0,0.0
SYN-001229,0.919,viticulture,medium,wood,1946.0,924285.0,13,0,1,6.1,0,0.0,0.0
SYN-001230,0.416,crop_farming,medium,mixed,2289.0,974579.0,67,0,0,3.1,0,0.0,0.0
SYN-001231,0.945,crop_farming,low,masonry,3070.0,794919.0,49,0,1,4.9,0,0.0,0.0
SYN-001232,0.699,mixed_farming,medium,wood,3335.0,1223043.0,74,0,0,5.5,1,11205.25,11205.25
SYN-001233,0.734,crop_farming,medium,mixed,1300.0,532833.0,1,0,1,4.2,0,0.0,0.0
SYN-001234,0.724,mixed_farming,high,mixed,750.0,303458.0,28,0,0,7.1,0,0.0,0.0
SYN-001235,0.546,crop_farming,low,masonry,1027.0,402216.0,77,0,1,9.3,0,0.0,0.0
SYN-001236,0.869,crop_farming,low,masonry,1316.0,582013.0,68,0,1,5.5,0,0.0,0.0
SYN-001237,0.839,crop_farming,medium,mixed,1171.0,705620.0,52,0,1,2.9,0,0.0,0.0
SYN-001238,0.457,livestock,medium,masonry,628.0,328201.0,77,0,1,6.1,0,0.0,0.0
SYN-001239,0.738,crop_farming,medium,masonry,1610.0,589859.0,52,0,0,6.5,0,0.0,0.0
SYN-001240,0.974,crop_farming,high,masonry,437.0,258025.0,38,0,0,22.5,0,0.0,0.0
SYN-001241,0.923,mixed_farming,low,masonry,1281.0,634927.0,22,0,1,9.5,0,0.0,0.0
SYN-001242,0.776,livestock,medium,mixed,1336.0,640828.0,56,0,1,1.5,0,0.0,0.0
SYN-001243,0.519,livestock,low,masonry,1306.0,632000.0,43,0,1,6.9,0,0.0,0.0
SYN-001244,0.608,crop_farming,low,mixed,2108.0,834809.0,26,0,1,13.2,0,0.0,0.0
SYN-001245,0.49,livestock,medium,mixed,1934.0,1088868.0,13,0,1,9.0,0,0.0,0.0
SYN-001246,0.893,crop_farming,medium,masonry,5140.0,1783324.0,21,1,0,7.2,0,0.0,0.0
SYN-001247,0.867,mixed_farming,medium,masonry,866.0,336517.0,41,0,1,3.7,0,0.0,0.0
SYN-001248,0.946,crop_farming,medium,masonry,1453.0,720533.0,23,0,1,9.1,0,0.0,0.0
SYN-001249,0.438,mixed_farming,medium,masonry,1394.0,728060.0,48,0,0,4.9,0,0.0,0.0
SYN-001250,0.979,viticulture,high,mixed,1352.0,542635.0,5,0,1,9.6,0,0.0,0.0
SYN-001251,0.98,crop_farming,low,mixed,533.0,342329.0,28,0,0,12.0,0,0.0,0.0
SYN-001252,0.805,crop_farming,low,wood,562.0,273621.0,47,0,0,14.5,0,0.0,0.0
SYN-001253,0.929,crop_farming,medium,wood,1217.0,453995.0,59,0,0,12.1,0,0.0,0.0
SYN-001254,0.663,mixed_farming,medium,masonry,435.0,368007.0,69,2,0,8.0,1,13615.78,13615.78
SYN-001255,0.588,crop_farming,high,mixed,975.0,406103.0,11,0,1,2.5,0,0.0,0.0
SYN-001256,0.493,mixed_farming,low,masonry,796.0,416740.0,23,0,0,3.2,0,0.0,0.0
SYN-001257,0.419,mixed_farming,medium,masonry,999.0,517782.0,52,1,0,6.3,0,0.0,0.0
SYN-001258,0.425,mixed_farming,high,masonry,2530.0,670329.0,3,0,0,11.0,0,0.0,0.0
SYN-001259,0.815,livestock,medium,masonry,601.0,308871.0,44,0,1,7.1,0,0.0,0.0
SYN-001260,0.602,viticulture,medium,mixed,2133.0,599218.0,23,0,1,8.9,0,0.0,0.0
SYN-001261,0.432,crop_farming,high,mixed,836.0,466816.0,42,0,1,13.6,0,0.0,0.0
SYN-001262,0.467,livestock,low,masonry,907.0,646481.0,62,0,0,9.4,0,0.0,0.0
SYN-001263,0.799,livestock,medium,masonry,1640.0,760528.0,14,0,1,5.1,1,10058.59,10058.59
SYN-001264,0.963,viticulture,high,mixed,1014.0,604683.0,36,0,0,20.2,0,0.0,0.0
SYN-001265,0.645,livestock,low,mixed,679.0,336878.0,60,1,1,10.9,0,0.0,0.0
SYN-001266,0.867,mixed_farming,medium,mixed,953.0,435026.0,62,0,0,11.6,1,15066.61,15066.61
SYN-001267,0.984,crop_farming,medium,masonry,382.0,189290.0,25,0,1,8.6,0,0.0,0.0
SYN-001268,0.825,viticulture,high,masonry,1553.0,790870.0,18,0,1,17.3,0,0.0,0.0
SYN-001269,0.834,livestock,high,mixed,161.0,211772.0,34,0,0,20.1,0,0.0,0.0
SYN-001270,0.77,livestock,high,mixed,2159.0,788180.0,52,0,1,10.8,0,0.0,0.0
SYN-001271,0.987,viticulture,low,masonry,1808.0,816764.0,57,0,0,15.0,0,0.0,0.0
SYN-001272,0.58,livestock,medium,masonry,3432.0,1744879.0,59,1,0,6.1,1,17858.24,17858.24
SYN-001273,0.87,livestock,high,masonry,5006.0,2119824.0,24,0,1,14.3,0,0.0,0.0
SYN-001274,0.649,mixed_farming,medium,mixed,2227.0,1131744.0,65,1,1,12.7,0,0.0,0.0
SYN-001275,0.493,crop_farming,medium,masonry,806.0,300604.0,63,1,1,2.7,0,0.0,0.0
SYN-001276,0.844,livestock,low,mixed,4975.0,2576865.0,55,0,1,11.9,0,0.0,0.0
SYN-001277,0.898,crop_farming,high,wood,558.0,307597.0,60,0,0,1.2,0,0.0,0.0
SYN-001278,0.918,crop_farming,low,masonry,352.0,230106.0,73,1,1,2.9,0,0.0,0.0
SYN-001279,0.953,mixed_farming,low,masonry,4040.0,1519218.0,66,1,1,13.3,0,0.0,0.0
SYN-001280,0.847,mixed_farming,high,masonry,1792.0,959067.0,11,0,0,2.0,0,0.0,0.0
SYN-001281,0.717,livestock,high,masonry,358.0,488884.0,62,0,1,3.1,0,0.0,0.0
SYN-001282,0.963,livestock,high,wood,502.0,247828.0,45,0,1,12.6,1,9380.68,9380.68
SYN-001283,0.526,livestock,medium,wood,1734.0,836581.0,35,0,0,7.7,0,0.0,0.0
SYN-001284,0.446,mixed_farming,low,masonry,689.0,365878.0,36,0,1,3.6,0,0.0,0.0
SYN-001285,0.659,viticulture,medium,wood,756.0,230797.0,13,0,1,6.0,0,0.0,0.0
SYN-001286,0.749,viticulture,low,masonry,4351.0,1714048.0,80,0,1,9.2,0,0.0,0.0
SYN-001287,0.808,livestock,high,mixed,4897.0,2219085.0,5,0,0,5.7,0,0.0,0.0
SYN-001288,0.889,livestock,medium,mixed,1333.0,344939.0,44,1,0,26.4,0,0.0,0.0
SYN-001289,0.416,livestock,medium,masonry,1099.0,543426.0,75,0,0,16.7,0,0.0,0.0
SYN-001290,0.881,livestock,low,masonry,2179.0,648662.0,55,0,0,2.8,0,0.0,0.0
SYN-001291,0.76,livestock,medium,mixed,841.0,391070.0,77,0,1,14.4,0,0.0,0.0
SYN-001292,0.972,mixed_farming,high,masonry,284.0,111610.0,74,0,1,7.6,0,0.0,0.0
SYN-001293,0.609,livestock,medium,wood,201.0,116645.0,3,0,0,0.5,0,0.0,0.0
SYN-001294,0.77,livestock,low,masonry,1155.0,408946.0,12,0,0,15.7,0,0.0,0.0
SYN-001295,0.86,livestock,low,masonry,2150.0,801831.0,9,1,1,12.9,0,0.0,0.0
SYN-001296,0.71,livestock,medium,wood,1225.0,448107.0,28,0,0,2.8,0,0.0,0.0
SYN-001297,0.494,crop_farming,low,masonry,2052.0,508048.0,32,0,0,7.4,0,0.0,0.0
SYN-001298,0.43,crop_farming,high,masonry,2189.0,1212387.0,26,1,1,4.8,0,0.0,0.0
SYN-001299,0.467,mixed_farming,medium,masonry,2984.0,903621.0,13,0,0,7.3,0,0.0,0.0
SYN-001300,0.697,livestock,low,masonry,1368.0,527108.0,10,0,0,5.7,0,0.0,0.0
SYN-001301,0.784,crop_farming,medium,masonry,1450.0,411547.0,41,0,1,13.9,0,0.0,0.0
SYN-001302,0.742,livestock,medium,masonry,1183.0,522535.0,45,0,1,5.8,1,5749.41,5749.41
SYN-001303,0.828,mixed_farming,low,masonry,1025.0,336072.0,25,0,1,19.0,0,0.0,0.0
SYN-001304,0.423,crop_farming,medium,masonry,436.0,303553.0,25,0,0,8.7,0,0.0,0.0
SYN-001305,0.482,mixed_farming,low,wood,2596.0,1197063.0,40,0,1,5.4,0,0.0,0.0
SYN-001306,0.857,viticulture,medium,wood,944.0,242391.0,14,0,1,7.5,0,0.0,0.0
SYN-001307,0.869,mixed_farming,high,masonry,910.0,261329.0,13,1,1,5.5,0,0.0,0.0
SYN-001308,0.821,mixed_farming,high,wood,852.0,348198.0,2,0,1,3.5,0,0.0,0.0
SYN-001309,0.847,crop_farming,low,wood,507.0,416787.0,29,0,1,4.6,0,0.0,0.0
SYN-001310,0.978,viticulture,medium,wood,1146.0,311370.0,3,0,1,8.6,0,0.0,0.0
SYN-001311,0.967,livestock,low,mixed,1695.0,777786.0,29,0,0,7.6,0,0.0,0.0
SYN-001312,0.787,viticulture,medium,masonry,766.0,435281.0,32,0,1,9.4,0,0.0,0.0
SYN-001313,0.592,livestock,low,masonry,2379.0,686295.0,21,1,1,7.0,0,0.0,0.0
SYN-001314,0.408,crop_farming,medium,wood,954.0,315376.0,49,0,0,5.4,0,0.0,0.0
SYN-001315,0.779,crop_farming,low,masonry,448.0,238940.0,12,0,1,3.5,0,0.0,0.0
SYN-001316,0.659,mixed_farming,high,wood,2960.0,1509336.0,18,0,0,5.6,0,0.0,0.0
SYN-001317,0.488,livestock,high,mixed,1379.0,483805.0,77,0,0,9.4,0,0.0,0.0
SYN-001318,0.529,crop_farming,low,masonry,2124.0,922861.0,73,0,1,3.6,0,0.0,0.0
SYN-001319,0.962,mixed_farming,medium,masonry,2157.0,989121.0,10,1,1,4.5,1,19950.66,19950.66
SYN-001320,0.44,mixed_farming,low,wood,655.0,272370.0,17,0,1,8.6,0,0.0,0.0
SYN-001321,0.872,livestock,medium,masonry,863.0,464061.0,47,0,0,8.5,0,0.0,0.0
SYN-001322,0.941,livestock,low,mixed,2374.0,1033949.0,22,0,1,3.5,0,0.0,0.0
SYN-001323,0.813,crop_farming,low,wood,3995.0,2122265.0,14,0,1,9.8,0,0.0,0.0
SYN-001324,0.437,mixed_farming,medium,masonry,1263.0,565726.0,25,0,0,8.7,0,0.0,0.0
SYN-001325,0.908,livestock,medium,masonry,806.0,456086.0,80,0,0,23.1,0,0.0,0.0
SYN-001326,0.792,mixed_farming,medium,masonry,3617.0,1541221.0,13,0,0,3.3,0,0.0,0.0
SYN-001327,0.566,livestock,medium,mixed,806.0,285854.0,50,0,1,20.4,0,0.0,0.0
SYN-001328,0.778,livestock,low,masonry,1501.0,872172.0,80,0,0,8.6,0,0.0,0.0
SYN-001329,0.482,crop_farming,low,masonry,918.0,223757.0,67,0,1,1.8,0,0.0,0.0
SYN-001330,0.825,crop_farming,medium,masonry,1444.0,625115.0,58,1,0,5.9,0,0.0,0.0
SYN-001331,0.942,mixed_farming,medium,masonry,656.0,275485.0,25,0,0,5.7,0,0.0,0.0
SYN-001332,0.713,livestock,low,masonry,950.0,519988.0,25,0,1,14.2,1,8255.2,8255.2
SYN-001333,0.971,livestock,medium,masonry,806.0,532387.0,49,0,1,4.5,0,0.0,0.0
SYN-001334,0.663,viticulture,medium,mixed,1864.0,728608.0,78,1,1,2.5,0,0.0,0.0
SYN-001335,0.915,viticulture,medium,masonry,1348.0,609885.0,28,0,1,9.6,0,0.0,0.0
SYN-001336,0.864,mixed_farming,high,mixed,2148.0,740778.0,51,0,0,8.3,0,0.0,0.0
SYN-001337,0.453,crop_farming,medium,wood,709.0,283016.0,78,0,0,11.7,0,0.0,0.0
SYN-001338,0.948,mixed_farming,medium,mixed,1058.0,316370.0,62,0,1,16.7,0,0.0,0.0
SYN-001339,0.946,mixed_farming,medium,mixed,1819.0,531097.0,77,0,1,15.7,0,0.0,0.0
SYN-001340,0.611,livestock,low,masonry,2118.0,1186576.0,28,0,1,26.9,0,0.0,0.0
SYN-001341,0.876,crop_farming,low,mixed,474.0,324368.0,55,0,0,20.2,0,0.0,0.0
SYN-001342,0.535,mixed_farming,low,masonry,1490.0,608601.0,18,1,1,10.9,0,0.0,0.0
SYN-001343,0.418,livestock,high,masonry,714.0,427157.0,4,0,0,7.6,0,0.0,0.0
SYN-001344,0.525,livestock,low,mixed,2189.0,534863.0,36,0,1,8.2,0,0.0,0.0
SYN-001345,0.69,viticulture,medium,masonry,4062.0,966336.0,64,0,1,13.6,0,0.0,0.0
SYN-001346,0.435,mixed_farming,medium,masonry,222.0,142733.0,34,0,1,4.9,0,0.0,0.0
SYN-001347,0.496,livestock,medium,mixed,791.0,325213.0,22,0,1,5.9,0,0.0,0.0
SYN-001348,0.97,livestock,high,masonry,1439.0,786294.0,79,0,0,11.0,0,0.0,0.0
SYN-001349,0.696,livestock,medium,masonry,1209.0,508825.0,33,0,0,2.4,0,0.0,0.0
SYN-001350,0.894,crop_farming,low,masonry,2232.0,917206.0,12,0,1,4.7,0,0.0,0.0
SYN-001351,0.524,mixed_farming,medium,masonry,1276.0,630148.0,15,0,0,3.7,0,0.0,0.0
SYN-001352,0.453,mixed_farming,medium,masonry,859.0,225655.0,11,0,0,17.0,0,0.0,0.0
SYN-001353,0.868,crop_farming,low,masonry,624.0,287320.0,78,1,0,2.9,0,0.0,0.0
SYN-001354,0.609,livestock,medium,masonry,560.0,319349.0,50,0,1,5.4,0,0.0,0.0
SYN-001355,0.676,mixed_farming,medium,mixed,748.0,213581.0,2,0,1,4.5,0,0.0,0.0
SYN-001356,0.995,crop_farming,low,wood,839.0,361458.0,45,0,1,6.0,0,0.0,0.0
SYN-001357,0.59,livestock,high,mixed,1555.0,843868.0,34,0,0,10.3,0,0.0,0.0
SYN-001358,0.684,livestock,medium,masonry,1095.0,598791.0,44,0,1,9.5,0,0.0,0.0
SYN-001359,0.781,mixed_farming,medium,mixed,794.0,423142.0,69,0,0,8.5,1,8460.35,8460.35
SYN-001360,0.453,crop_farming,low,wood,629.0,176451.0,33,0,0,10.9,0,0.0,0.0
SYN-001361,0.83,mixed_farming,low,wood,768.0,375787.0,25,0,1,9.3,0,0.0,0.0
SYN-001362,0.671,livestock,medium,masonry,840.0,452205.0,29,0,1,0.6,0,0.0,0.0
SYN-001363,0.505,mixed_farming,medium,masonry,745.0,408852.0,57,1,1,11.3,0,0.0,0.0
SYN-001364,0.658,crop_farming,medium,masonry,1877.0,444303.0,7,0,1,8.5,0,0.0,0.0
SYN-001365,0.676,livestock,medium,mixed,2949.0,1717322.0,50,0,1,17.7,0,0.0,0.0
SYN-001366,0.784,livestock,low,masonry,564.0,357333.0,64,0,1,3.4,0,0.0,0.0
SYN-001367,0.962,crop_farming,medium,wood,2509.0,1204655.0,80,0,1,7.5,0,0.0,0.0
SYN-001368,0.859,crop_farming,high,masonry,1902.0,455794.0,36,0,0,9.3,0,0.0,0.0
SYN-001369,0.629,crop_farming,medium,mixed,1362.0,533348.0,38,1,1,20.8,0,0.0,0.0
SYN-001370,0.982,livestock,medium,masonry,3269.0,1091706.0,72,1,1,2.5,0,0.0,0.0
SYN-001371,0.874,crop_farming,high,masonry,1085.0,561743.0,65,0,0,8.2,0,0.0,0.0
SYN-001372,0.417,viticulture,low,masonry,1574.0,762824.0,40,0,0,8.6,0,0.0,0.0
SYN-001373,0.47,livestock,medium,mixed,1313.0,695325.0,31,0,1,3.6,0,0.0,0.0
SYN-001374,0.531,mixed_farming,high,masonry,1251.0,480745.0,73,0,1,6.0,0,0.0,0.0
SYN-001375,0.45,viticulture,medium,masonry,1633.0,923174.0,33,0,1,6.1,0,0.0,0.0
SYN-001376,0.691,crop_farming,low,mixed,1249.0,624251.0,74,1,1,4.1,1,3031.13,3031.13
SYN-001377,0.604,mixed_farming,high,wood,1641.0,524792.0,35,0,0,8.7,0,0.0,0.0
SYN-001378,0.984,mixed_farming,low,mixed,784.0,301589.0,45,0,1,9.4,0,0.0,0.0
SYN-001379,0.684,mixed_farming,low,mixed,800.0,421799.0,43,0,1,8.7,0,0.0,0.0
SYN-001380,0.527,livestock,low,masonry,782.0,440710.0,64,0,1,2.2,0,0.0,0.0
SYN-001381,0.982,livestock,medium,wood,956.0,344055.0,63,1,0,4.7,0,0.0,0.0
SYN-001382,0.708,crop_farming,medium,masonry,2342.0,1101973.0,9,0,1,22.3,0,0.0,0.0
SYN-001383,0.444,livestock,medium,wood,897.0,311251.0,67,0,1,4.5,0,0.0,0.0
SYN-001384,0.449,viticulture,high,mixed,1852.0,905669.0,10,0,1,2.5,0,0.0,0.0
SYN-001385,0.805,viticulture,medium,masonry,1440.0,740893.0,66,0,0,6.0,0,0.0,0.0
SYN-001386,0.697,crop_farming,medium,masonry,910.0,310861.0,57,0,0,1.0,0,0.0,0.0
SYN-001387,0.775,mixed_farming,high,mixed,2838.0,666999.0,47,1,0,30.6,0,0.0,0.0
SYN-001388,0.91,livestock,high,mixed,1956.0,895284.0,5,2,0,2.0,0,0.0,0.0
SYN-001389,0.809,viticulture,low,mixed,1213.0,584580.0,69,0,0,3.7,0,0.0,0.0
SYN-001390,0.917,crop_farming,low,wood,1150.0,377902.0,57,0,1,4.2,1,8828.99,8828.99
SYN-001391,0.846,viticulture,medium,masonry,1288.0,490095.0,47,1,0,9.3,0,0.0,0.0
SYN-001392,0.805,mixed_farming,high,masonry,448.0,225436.0,19,0,0,1.7,0,0.0,0.0
SYN-001393,0.481,crop_farming,medium,mixed,709.0,401325.0,62,0,1,36.7,0,0.0,0.0
SYN-001394,0.69,crop_farming,low,masonry,1637.0,710916.0,19,0,1,7.3,0,0.0,0.0
SYN-001395,0.66,mixed_farming,medium,mixed,433.0,164114.0,35,0,1,1.4,0,0.0,0.0
SYN-001396,0.724,crop_farming,medium,wood,745.0,286493.0,29,0,0,22.6,0,0.0,0.0
SYN-001397,0.635,livestock,medium,masonry,939.0,431432.0,34,0,1,9.2,0,0.0,0.0
SYN-001398,0.772,viticulture,high,mixed,8001.0,2149959.0,74,0,0,5.8,0,0.0,0.0
SYN-001399,0.635,livestock,medium,mixed,1878.0,516098.0,62,0,1,1.4,0,0.0,0.0
SYN-001400,0.735,livestock,medium,masonry,2473.0,1266477.0,57,0,1,7.7,0,0.0,0.0
SYN-001401,0.637,livestock,medium,mixed,718.0,383925.0,56,0,1,5.6,0,0.0,0.0
SYN-001402,0.941,crop_farming,medium,mixed,1534.0,452548.0,61,0,1,2.0,0,0.0,0.0
SYN-001403,0.624,viticulture,medium,masonry,386.0,346981.0,59,0,1,8.0,0,0.0,0.0
SYN-001404,0.839,livestock,medium,masonry,978.0,460899.0,63,0,1,5.3,0,0.0,0.0
SYN-001405,0.768,crop_farming,medium,masonry,1683.0,793282.0,4,0,0,5.1,0,0.0,0.0
SYN-001406,0.631,crop_farming,medium,mixed,482.0,292996.0,67,0,0,14.8,0,0.0,0.0
SYN-001407,0.885,viticulture,medium,masonry,1565.0,552249.0,25,0,1,17.5,0,0.0,0.0
SYN-001408,0.957,crop_farming,low,masonry,1652.0,746240.0,14,1,1,12.4,0,0.0,0.0
SYN-001409,0.856,mixed_farming,medium,wood,819.0,299228.0,16,0,1,11.0,0,0.0,0.0
SYN-001410,0.969,mixed_farming,medium,mixed,704.0,382797.0,76,0,1,12.1,0,0.0,0.0
SYN-001411,0.662,mixed_farming,low,mixed,761.0,293673.0,67,0,1,3.6,0,0.0,0.0
SYN-001412,0.948,viticulture,medium,wood,967.0,422836.0,32,1,1,6.0,0,0.0,0.0
SYN-001413,0.926,mixed_farming,low,masonry,986.0,292360.0,73,0,0,11.9,0,0.0,0.0
SYN-001414,0.857,viticulture,high,masonry,1688.0,620299.0,45,0,1,10.6,0,0.0,0.0
SYN-001415,0.901,crop_farming,high,mixed,856.0,391902.0,68,0,0,3.4,0,0.0,0.0
SYN-001416,0.838,mixed_farming,medium,masonry,3434.0,1554183.0,65,0,0,8.4,0,0.0,0.0
SYN-001417,0.707,livestock,medium,masonry,3418.0,1060183.0,20,0,1,3.1,0,0.0,0.0
SYN-001418,0.731,livestock,medium,mixed,1413.0,458413.0,69,1,1,3.8,0,0.0,0.0
SYN-001419,0.651,mixed_farming,medium,masonry,969.0,230148.0,78,1,1,12.2,0,0.0,0.0
SYN-001420,0.799,viticulture,high,masonry,857.0,288347.0,41,0,0,9.4,0,0.0,0.0
SYN-001421,0.595,mixed_farming,low,mixed,1489.0,556730.0,26,2,0,9.0,0,0.0,0.0
SYN-001422,0.844,livestock,low,mixed,1668.0,649643.0,44,0,1,6.3,1,872.35,872.35
SYN-001423,0.703,livestock,medium,masonry,1064.0,438535.0,68,0,0,9.2,0,0.0,0.0
SYN-001424,0.612,livestock,low,masonry,939.0,532325.0,33,0,1,6.9,0,0.0,0.0
SYN-001425,0.488,livestock,medium,wood,1524.0,669520.0,4,0,1,4.4,0,0.0,0.0
SYN-001426,0.553,livestock,medium,wood,1268.0,430322.0,4,0,1,12.0,0,0.0,0.0
SYN-001427,0.784,crop_farming,low,masonry,836.0,443979.0,61,0,1,1.2,0,0.0,0.0
SYN-001428,0.622,crop_farming,medium,masonry,1304.0,427776.0,52,0,0,5.7,0,0.0,0.0
SYN-001429,0.42,mixed_farming,medium,mixed,818.0,561261.0,18,1,1,17.3,0,0.0,0.0
SYN-001430,0.598,livestock,high,masonry,744.0,403409.0,55,1,0,5.3,0,0.0,0.0
SYN-001431,0.62,viticulture,medium,masonry,1208.0,314178.0,25,0,1,4.7,0,0.0,0.0
SYN-001432,0.541,mixed_farming,low,masonry,834.0,442912.0,38,1,1,1.5,0,0.0,0.0
SYN-001433,0.572,crop_farming,medium,masonry,753.0,328641.0,17,0,1,5.1,0,0.0,0.0
SYN-001434,0.823,crop_farming,medium,masonry,2392.0,1204019.0,4,0,1,13.3,1,26511.65,26511.65
SYN-001435,0.848,crop_farming,medium,masonry,939.0,334865.0,73,0,1,19.7,0,0.0,0.0
SYN-001436,0.975,viticulture,medium,mixed,4017.0,1480886.0,46,0,1,9.4,0,0.0,0.0
SYN-001437,0.471,crop_farming,low,masonry,1821.0,596856.0,78,1,1,4.6,0,0.0,0.0
SYN-001438,0.587,livestock,medium,masonry,711.0,407298.0,9,0,1,17.0,0,0.0,0.0
SYN-001439,0.446,viticulture,medium,masonry,2576.0,1258215.0,32,1,1,16.7,0,0.0,0.0
SYN-001440,0.768,viticulture,low,wood,761.0,200846.0,37,0,1,10.0,0,0.0,0.0
SYN-001441,0.41,crop_farming,medium,masonry,4371.0,1647108.0,3,0,1,2.8,0,0.0,0.0
SYN-001442,0.523,crop_farming,high,masonry,1404.0,481755.0,64,0,0,5.0,0,0.0,0.0
SYN-001443,0.752,crop_farming,medium,mixed,1724.0,743528.0,80,0,0,5.8,0,0.0,0.0
SYN-001444,0.615,crop_farming,low,mixed,1237.0,405152.0,19,1,1,3.7,1,11168.36,11168.36
SYN-001445,0.727,crop_farming,medium,mixed,1441.0,574417.0,70,1,1,10.8,0,0.0,0.0
SYN-001446,0.784,livestock,low,masonry,1044.0,416473.0,74,0,1,6.8,0,0.0,0.0
SYN-001447,0.903,viticulture,medium,masonry,664.0,346832.0,34,0,1,5.2,0,0.0,0.0
SYN-001448,0.636,livestock,medium,masonry,1511.0,969531.0,57,0,1,6.8,0,0.0,0.0
SYN-001449,0.567,mixed_farming,low,mixed,2359.0,719995.0,36,1,1,2.4,0,0.0,0.0
SYN-001450,0.723,crop_farming,low,masonry,559.0,271970.0,21,1,1,6.2,0,0.0,0.0
SYN-001451,0.442,mixed_farming,high,masonry,3299.0,1079180.0,23,2,1,17.4,0,0.0,0.0
SYN-001452,0.425,mixed_farming,low,masonry,1791.0,983569.0,19,0,1,7.3,0,0.0,0.0
SYN-001453,0.671,mixed_farming,high,wood,912.0,368240.0,79,0,0,4.3,0,0.0,0.0
SYN-001454,0.531,viticulture,medium,masonry,902.0,241342.0,6,0,0,4.5,0,0.0,0.0
SYN-001455,0.404,livestock,medium,masonry,4071.0,1758730.0,36,0,0,2.9,0,0.0,0.0
SYN-001456,0.808,crop_farming,low,wood,2231.0,521353.0,70,0,1,9.4,0,0.0,0.0
SYN-001457,0.89,crop_farming,low,mixed,2543.0,664593.0,41,0,0,5.1,0,0.0,0.0
SYN-001458,0.489,livestock,low,mixed,1029.0,621276.0,6,0,0,18.6,0,0.0,0.0
SYN-001459,0.738,viticulture,medium,mixed,1739.0,1081728.0,30,0,0,23.6,0,0.0,0.0
SYN-001460,0.99,livestock,high,masonry,1521.0,654766.0,51,0,1,0.5,0,0.0,0.0
SYN-001461,0.561,mixed_farming,high,mixed,1082.0,295215.0,10,0,1,10.2,0,0.0,0.0
SYN-001462,0.838,livestock,low,masonry,1301.0,426077.0,61,0,0,6.1,0,0.0,0.0
SYN-001463,0.497,crop_farming,low,wood,2494.0,834945.0,53,0,1,5.4,0,0.0,0.0
SYN-001464,0.959,livestock,low,masonry,3428.0,1522272.0,21,1,0,13.7,0,0.0,0.0
SYN-001465,0.4,mixed_farming,high,mixed,1029.0,527839.0,64,0,1,12.0,0,0.0,0.0
SYN-001466,0.577,mixed_farming,low,masonry,516.0,206628.0,31,0,1,22.6,0,0.0,0.0
SYN-001467,0.986,livestock,low,masonry,3527.0,1305600.0,32,0,1,6.3,0,0.0,0.0
SYN-001468,0.802,crop_farming,medium,masonry,3556.0,1034886.0,24,0,0,26.3,0,0.0,0.0
SYN-001469,0.527,mixed_farming,medium,mixed,1572.0,768372.0,31,0,1,6.4,0,0.0,0.0
SYN-001470,0.875,crop_farming,low,masonry,3886.0,1291893.0,65,0,1,10.4,0,0.0,0.0
SYN-001471,0.939,viticulture,medium,wood,1500.0,681767.0,2,1,0,3.1,1,27800.69,27800.69
SYN-001472,0.692,crop_farming,low,masonry,671.0,324285.0,80,0,0,3.6,0,0.0,0.0
SYN-001473,0.494,crop_farming,low,mixed,517.0,204087.0,61,0,0,4.6,0,0.0,0.0
SYN-001474,0.555,livestock,low,mixed,513.0,404844.0,78,0,1,6.7,0,0.0,0.0
SYN-001475,0.966,livestock,medium,masonry,1216.0,602069.0,53,0,1,3.3,0,0.0,0.0
SYN-001476,0.497,livestock,high,mixed,895.0,411607.0,6,0,1,16.6,0,0.0,0.0
SYN-001477,0.587,livestock,medium,mixed,832.0,280995.0,61,0,0,12.3,0,0.0,0.0
SYN-001478,0.487,viticulture,medium,mixed,1131.0,355201.0,55,0,1,4.7,0,0.0,0.0
SYN-001479,0.463,livestock,low,mixed,2117.0,522527.0,38,0,0,2.1,0,0.0,0.0
SYN-001480,0.713,livestock,medium,mixed,849.0,384036.0,47,0,1,28.0,0,0.0,0.0
SYN-001481,0.638,livestock,high,masonry,761.0,243306.0,27,0,0,19.3,0,0.0,0.0
SYN-001482,0.428,crop_farming,medium,masonry,887.0,435775.0,75,0,1,3.4,1,11001.26,11001.26
SYN-001483,0.487,mixed_farming,high,masonry,2205.0,785070.0,72,0,1,5.5,0,0.0,0.0
SYN-001484,0.423,crop_farming,medium,mixed,1158.0,458937.0,47,0,0,10.3,0,0.0,0.0
SYN-001485,0.415,mixed_farming,medium,wood,1454.0,751388.0,77,0,1,8.7,0,0.0,0.0
SYN-001486,0.507,crop_farming,low,masonry,3326.0,1316098.0,37,0,1,4.5,0,0.0,0.0
SYN-001487,0.846,viticulture,medium,masonry,7693.0,2617404.0,17,0,1,11.8,0,0.0,0.0
SYN-001488,0.409,livestock,medium,masonry,1838.0,1005089.0,36,0,1,10.9,0,0.0,0.0
SYN-001489,0.583,mixed_farming,high,mixed,1723.0,710590.0,74,0,0,9.5,0,0.0,0.0
SYN-001490,0.739,livestock,high,mixed,561.0,254553.0,69,0,0,14.6,0,0.0,0.0
SYN-001491,0.846,crop_farming,medium,mixed,1540.0,563035.0,2,0,0,4.6,1,9298.56,9298.56
SYN-001492,0.807,mixed_farming,high,mixed,1262.0,631671.0,54,0,1,9.8,0,0.0,0.0
SYN-001493,0.993,mixed_farming,high,mixed,2165.0,999210.0,65,1,1,3.3,0,0.0,0.0
SYN-001494,0.565,mixed_farming,medium,masonry,939.0,417862.0,6,1,1,9.4,0,0.0,0.0
SYN-001495,0.4,livestock,low,masonry,1381.0,516326.0,46,0,1,12.3,0,0.0,0.0
SYN-001496,0.423,mixed_farming,low,masonry,1796.0,962493.0,75,0,0,0.7,0,0.0,0.0
SYN-001497,0.459,mixed_farming,low,wood,4163.0,1588502.0,30,0,1,14.1,0,0.0,0.0
SYN-001498,0.985,mixed_farming,low,mixed,3349.0,1619137.0,55,0,1,30.0,0,0.0,0.0
SYN-001499,0.742,livestock,high,masonry,2760.0,728094.0,31,3,0,27.6,1,32466.45,32466.45
SYN-001500,0.88,mixed_farming,low,masonry,1944.0,779139.0,13,0,0,2.6,0,0.0,0.0
SYN-001501,0.991,mixed_farming,medium,masonry,916.0,519842.0,32,0,0,2.5,0,0.0,0.0
SYN-001502,0.907,viticulture,medium,wood,1944.0,882159.0,38,0,1,19.9,0,0.0,0.0
SYN-001503,0.645,livestock,medium,masonry,734.0,199440.0,35,0,1,1.7,0,0.0,0.0
SYN-001504,0.926,livestock,low,mixed,1060.0,541018.0,21,0,0,17.3,0,0.0,0.0
SYN-001505,0.66,mixed_farming,medium,masonry,3850.0,860125.0,76,0,0,2.3,0,0.0,0.0
SYN-001506,0.468,livestock,medium,mixed,1719.0,582203.0,48,0,1,2.6,0,0.0,0.0
SYN-001507,0.729,mixed_farming,medium,mixed,1405.0,415778.0,52,0,1,18.4,0,0.0,0.0
SYN-001508,0.949,livestock,low,masonry,1527.0,460297.0,45,0,1,10.3,0,0.0,0.0
SYN-001509,0.871,crop_farming,medium,mixed,1140.0,266287.0,28,0,1,3.9,0,0.0,0.0
SYN-001510,0.641,mixed_farming,low,masonry,298.0,148806.0,78,0,1,14.3,0,0.0,0.0
SYN-001511,0.913,crop_farming,medium,mixed,533.0,278682.0,34,0,1,8.7,0,0.0,0.0
SYN-001512,0.679,crop_farming,medium,masonry,1810.0,669702.0,5,0,1,6.8,1,5545.97,5545.97
SYN-001513,0.811,mixed_farming,low,mixed,666.0,323495.0,36,0,1,2.9,0,0.0,0.0
SYN-001514,0.6,mixed_farming,high,masonry,1130.0,483037.0,37,0,0,3.2,0,0.0,0.0
SYN-001515,0.517,mixed_farming,low,mixed,546.0,429376.0,32,0,1,11.3,0,0.0,0.0
SYN-001516,0.588,crop_farming,high,masonry,760.0,359122.0,15,0,1,3.0,0,0.0,0.0
SYN-001517,0.925,crop_farming,high,mixed,1209.0,687216.0,39,0,0,5.2,0,0.0,0.0
SYN-001518,0.994,viticulture,medium,masonry,2209.0,1103023.0,2,0,1,4.4,0,0.0,0.0
SYN-001519,0.558,crop_farming,low,masonry,2517.0,1148301.0,29,0,0,19.5,0,0.0,0.0
SYN-001520,0.499,crop_farming,low,mixed,752.0,191538.0,63,0,1,5.5,0,0.0,0.0
SYN-001521,0.443,crop_farming,high,masonry,1479.0,743988.0,57,0,1,7.4,0,0.0,0.0
SYN-001522,0.852,livestock,medium,masonry,480.0,245244.0,61,0,0,1.6,0,0.0,0.0
SYN-001523,0.717,mixed_farming,low,mixed,1257.0,398226.0,13,0,0,6.0,0,0.0,0.0
SYN-001524,0.734,mixed_farming,medium,masonry,2252.0,963185.0,75,0,1,3.6,0,0.0,0.0
SYN-001525,0.427,mixed_farming,low,wood,1160.0,472407.0,16,0,0,6.6,0,0.0,0.0
SYN-001526,0.449,crop_farming,medium,masonry,2850.0,963116.0,48,0,0,5.0,0,0.0,0.0
SYN-001527,0.949,livestock,medium,wood,2088.0,1164870.0,78,0,1,2.5,0,0.0,0.0
SYN-001528,0.746,livestock,low,wood,1418.0,404717.0,21,0,1,5.3,0,0.0,0.0
SYN-001529,0.532,crop_farming,high,masonry,1030.0,306730.0,8,0,1,0.8,0,0.0,0.0
SYN-001530,0.524,crop_farming,low,masonry,856.0,253764.0,30,0,1,4.6,0,0.0,0.0
SYN-001531,0.545,livestock,medium,mixed,470.0,258183.0,2,0,0,40.0,0,0.0,0.0
SYN-001532,0.438,crop_farming,medium,mixed,522.0,304890.0,49,0,0,10.3,0,0.0,0.0
SYN-001533,0.43,livestock,high,masonry,2314.0,1110816.0,63,2,1,8.5,0,0.0,0.0
SYN-001534,0.832,mixed_farming,medium,masonry,3242.0,1003384.0,51,0,0,3.8,0,0.0,0.0
SYN-001535,0.558,crop_farming,high,masonry,600.0,392589.0,20,0,1,10.4,0,0.0,0.0
SYN-001536,0.631,livestock,medium,mixed,1267.0,532971.0,4,0,1,3.4,0,0.0,0.0
SYN-001537,0.722,mixed_farming,high,mixed,436.0,264936.0,26,1,1,19.3,0,0.0,0.0
SYN-001538,0.592,mixed_farming,low,masonry,642.0,211555.0,73,0,1,14.9,0,0.0,0.0
SYN-001539,0.687,mixed_farming,medium,masonry,1435.0,516106.0,30,0,0,3.4,0,0.0,0.0
SYN-001540,0.919,livestock,low,mixed,865.0,366782.0,75,1,1,5.0,0,0.0,0.0
SYN-001541,0.546,mixed_farming,high,wood,349.0,161251.0,78,0,1,10.5,0,0.0,0.0
SYN-001542,0.875,crop_farming,high,masonry,3704.0,892023.0,64,0,1,5.3,0,0.0,0.0
SYN-001543,0.558,livestock,medium,masonry,1174.0,626463.0,19,0,0,8.8,0,0.0,0.0
SYN-001544,0.512,crop_farming,medium,masonry,591.0,226391.0,20,0,1,17.9,0,0.0,0.0
SYN-001545,0.444,livestock,medium,mixed,1317.0,476719.0,11,0,1,15.5,0,0.0,0.0
SYN-001546,0.811,livestock,low,masonry,1150.0,560670.0,28,1,0,4.9,0,0.0,0.0
SYN-001547,0.647,crop_farming,medium,masonry,1594.0,715215.0,39,1,1,9.4,0,0.0,0.0
SYN-001548,0.862,mixed_farming,medium,mixed,972.0,527976.0,57,1,1,0.9,0,0.0,0.0
SYN-001549,0.48,livestock,medium,masonry,1487.0,533823.0,5,0,1,3.5,0,0.0,0.0
SYN-001550,0.762,crop_farming,low,masonry,2238.0,612839.0,25,0,1,10.1,0,0.0,0.0
SYN-001551,0.408,crop_farming,high,masonry,514.0,352050.0,29,0,1,7.6,0,0.0,0.0
SYN-001552,0.54,livestock,low,masonry,772.0,507401.0,32,0,1,5.0,0,0.0,0.0
SYN-001553,0.766,livestock,medium,masonry,2091.0,935775.0,47,0,1,3.6,0,0.0,0.0
SYN-001554,0.434,livestock,low,masonry,847.0,261194.0,54,0,1,5.6,0,0.0,0.0
SYN-001555,0.626,crop_farming,low,masonry,1149.0,402199.0,76,0,1,24.1,0,0.0,0.0
SYN-001556,0.737,mixed_farming,low,masonry,893.0,512275.0,3,0,1,8.4,0,0.0,0.0
SYN-001557,0.837,viticulture,medium,wood,930.0,619461.0,14,0,1,4.4,0,0.0,0.0
SYN-001558,0.823,livestock,medium,wood,880.0,517078.0,12,0,0,2.7,0,0.0,0.0
SYN-001559,0.489,mixed_farming,medium,masonry,535.0,342667.0,23,0,1,4.4,0,0.0,0.0
SYN-001560,0.445,mixed_farming,medium,mixed,1633.0,745134.0,3,0,1,3.8,0,0.0,0.0
SYN-001561,0.626,viticulture,medium,masonry,2418.0,1065909.0,31,1,1,2.1,0,0.0,0.0
SYN-001562,0.544,mixed_farming,low,mixed,1081.0,313339.0,22,1,1,5.0,0,0.0,0.0
SYN-001563,0.583,mixed_farming,low,wood,2247.0,1088919.0,43,0,1,7.3,0,0.0,0.0
SYN-001564,0.605,viticulture,medium,mixed,881.0,435276.0,39,1,1,2.0,0,0.0,0.0
SYN-001565,0.638,mixed_farming,medium,mixed,848.0,449179.0,53,1,1,15.2,0,0.0,0.0
SYN-001566,0.711,livestock,medium,masonry,1583.0,564999.0,68,1,1,4.6,0,0.0,0.0
SYN-001567,0.406,crop_farming,low,masonry,1600.0,544363.0,9,0,0,5.8,0,0.0,0.0
SYN-001568,0.579,crop_farming,high,masonry,1126.0,643017.0,15,0,0,9.8,0,0.0,0.0
SYN-001569,0.559,livestock,low,masonry,1881.0,981665.0,58,0,0,7.1,0,0.0,0.0
SYN-001570,0.542,livestock,medium,mixed,525.0,195486.0,29,1,0,2.9,0,0.0,0.0
SYN-001571,0.873,livestock,low,masonry,995.0,284105.0,73,0,1,5.3,0,0.0,0.0
SYN-001572,0.551,livestock,medium,masonry,2269.0,1205678.0,1,0,1,1.6,0,0.0,0.0
SYN-001573,0.491,livestock,medium,mixed,2265.0,1032933.0,9,0,1,15.0,0,0.0,0.0
SYN-001574,0.911,mixed_farming,medium,mixed,2087.0,898312.0,38,0,1,3.8,0,0.0,0.0
SYN-001575,0.63,crop_farming,low,mixed,2353.0,1295297.0,41,0,0,4.4,0,0.0,0.0
SYN-001576,0.51,crop_farming,medium,masonry,951.0,625083.0,3,0,0,4.4,0,0.0,0.0
SYN-001577,0.851,mixed_farming,low,mixed,400.0,193166.0,40,0,1,11.6,0,0.0,0.0
SYN-001578,0.794,mixed_farming,medium,masonry,1024.0,476501.0,26,0,1,2.5,0,0.0,0.0
SYN-001579,0.967,viticulture,low,mixed,1832.0,720519.0,51,0,1,3.2,0,0.0,0.0
SYN-001580,0.927,mixed_farming,low,masonry,2038.0,664121.0,67,0,0,7.5,0,0.0,0.0
SYN-001581,0.817,mixed_farming,medium,masonry,861.0,387004.0,47,0,1,13.6,0,0.0,0.0
SYN-001582,0.497,livestock,low,wood,646.0,354120.0,75,0,0,7.4,0,0.0,0.0
SYN-001583,0.69,livestock,low,masonry,689.0,245328.0,45,0,0,9.4,1,14164.37,14164.37
SYN-001584,0.471,crop_farming,high,masonry,851.0,463983.0,30,0,0,7.2,0,0.0,0.0
SYN-001585,0.73,mixed_farming,high,masonry,353.0,138782.0,9,0,1,6.5,0,0.0,0.0
SYN-001586,0.95,viticulture,high,wood,860.0,505672.0,23,0,1,11.6,0,0.0,0.0
SYN-001587,0.402,livestock,low,wood,1250.0,371991.0,29,0,1,7.7,0,0.0,0.0
SYN-001588,0.926,livestock,medium,masonry,1137.0,453207.0,61,0,0,19.6,1,17075.17,17075.17
SYN-001589,0.724,crop_farming,medium,mixed,978.0,391128.0,38,0,1,4.5,0,0.0,0.0
SYN-001590,0.491,crop_farming,low,masonry,774.0,399140.0,56,0,1,17.7,1,7207.18,7207.18
SYN-001591,0.914,crop_farming,medium,mixed,835.0,207094.0,12,0,1,3.7,0,0.0,0.0
SYN-001592,0.722,crop_farming,low,masonry,845.0,304986.0,31,1,1,6.4,0,0.0,0.0
SYN-001593,0.669,viticulture,high,masonry,1917.0,964431.0,64,0,0,3.1,0,0.0,0.0
SYN-001594,0.7,livestock,medium,mixed,1211.0,556557.0,73,0,0,5.5,0,0.0,0.0
SYN-001595,0.488,mixed_farming,medium,wood,9494.0,4341179.0,30,1,1,3.7,0,0.0,0.0
SYN-001596,0.468,mixed_farming,medium,masonry,977.0,632814.0,37,0,1,3.6,0,0.0,0.0
SYN-001597,0.797,crop_farming,low,masonry,1611.0,717892.0,22,1,1,2.5,0,0.0,0.0
SYN-001598,0.928,crop_farming,low,wood,991.0,363424.0,75,0,0,6.3,0,0.0,0.0
SYN-001599,0.817,mixed_farming,medium,masonry,975.0,387604.0,9,0,0,8.9,0,0.0,0.0
SYN-001600,0.904,crop_farming,medium,masonry,3346.0,778270.0,71,0,0,32.7,0,0.0,0.0
SYN-001601,0.907,viticulture,medium,masonry,2318.0,693665.0,54,0,1,9.1,0,0.0,0.0
SYN-001602,0.419,crop_farming,low,masonry,387.0,184272.0,76,1,1,7.7,0,0.0,0.0
SYN-001603,0.863,mixed_farming,medium,masonry,624.0,374274.0,12,0,1,4.3,0,0.0,0.0
SYN-001604,0.863,mixed_farming,medium,masonry,1109.0,496145.0,9,0,0,6.5,1,12495.76,12495.76
SYN-001605,0.61,crop_farming,low,masonry,866.0,339995.0,15,0,1,2.2,0,0.0,0.0
SYN-001606,0.646,crop_farming,high,masonry,455.0,305727.0,22,1,0,6.2,0,0.0,0.0
SYN-001607,0.847,viticulture,medium,mixed,1307.0,556413.0,19,0,0,1.5,0,0.0,0.0
SYN-001608,0.992,crop_farming,medium,masonry,358.0,352521.0,30,0,1,5.8,0,0.0,0.0
SYN-001609,0.993,livestock,high,mixed,1316.0,406371.0,22,0,1,31.5,0,0.0,0.0
SYN-001610,0.684,livestock,medium,masonry,1948.0,959864.0,60,1,1,7.2,0,0.0,0.0
SYN-001611,0.874,crop_farming,high,masonry,2137.0,895288.0,22,0,1,20.2,0,0.0,0.0
SYN-001612,0.68,mixed_farming,medium,masonry,1103.0,506558.0,24,0,0,30.3,0,0.0,0.0
SYN-001613,0.92,mixed_farming,medium,masonry,3236.0,1569050.0,68,0,0,2.4,0,0.0,0.0
SYN-001614,0.79,livestock,low,mixed,1504.0,706967.0,17,0,1,8.9,0,0.0,0.0
SYN-001615,0.962,mixed_farming,low,masonry,2100.0,705559.0,28,0,1,2.6,0,0.0,0.0
SYN-001616,0.998,crop_farming,medium,mixed,751.0,383681.0,28,1,1,3.1,0,0.0,0.0
SYN-001617,0.598,crop_farming,low,wood,3259.0,895814.0,37,1,1,5.0,0,0.0,0.0
SYN-001618,0.988,livestock,low,masonry,1210.0,489984.0,25,0,1,7.9,0,0.0,0.0
SYN-001619,0.816,viticulture,medium,wood,3378.0,1345982.0,47,0,1,3.6,0,0.0,0.0
SYN-001620,0.543,crop_farming,medium,masonry,2930.0,750136.0,66,0,1,8.4,0,0.0,0.0
SYN-001621,0.402,crop_farming,low,masonry,1433.0,692181.0,38,2,1,22.8,0,0.0,0.0
SYN-001622,0.81,livestock,medium,masonry,1578.0,457455.0,80,2,1,10.1,0,0.0,0.0
SYN-001623,0.533,mixed_farming,high,mixed,1078.0,373437.0,52,0,1,23.7,0,0.0,0.0
SYN-001624,0.539,crop_farming,medium,mixed,712.0,313564.0,25,0,1,4.8,0,0.0,0.0
SYN-001625,0.731,livestock,medium,wood,1784.0,791818.0,22,0,1,4.5,0,0.0,0.0
SYN-001626,0.419,mixed_farming,medium,mixed,1726.0,484397.0,5,1,1,3.6,0,0.0,0.0
SYN-001627,0.65,livestock,low,masonry,423.0,286559.0,1,1,0,10.6,0,0.0,0.0
SYN-001628,0.88,crop_farming,medium,wood,1148.0,452464.0,58,1,1,3.2,0,0.0,0.0
SYN-001629,0.416,crop_farming,high,wood,2131.0,624633.0,61,0,0,22.0,0,0.0,0.0
SYN-001630,0.774,livestock,medium,mixed,3142.0,807732.0,39,0,1,2.3,0,0.0,0.0
SYN-001631,0.495,livestock,medium,mixed,1942.0,1010500.0,13,0,1,3.7,0,0.0,0.0
SYN-001632,0.918,mixed_farming,high,mixed,452.0,295822.0,35,0,1,5.0,0,0.0,0.0
SYN-001633,0.634,mixed_farming,low,masonry,611.0,225631.0,45,0,1,2.8,0,0.0,0.0
SYN-001634,0.887,mixed_farming,low,wood,968.0,486453.0,29,0,1,4.6,0,0.0,0.0
SYN-001635,0.834,viticulture,medium,wood,3009.0,1213263.0,40,0,1,13.3,0,0.0,0.0
SYN-001636,0.927,livestock,low,mixed,817.0,301872.0,38,0,1,7.0,0,0.0,0.0
SYN-001637,0.71,livestock,medium,masonry,2412.0,675242.0,10,0,1,12.9,0,0.0,0.0
SYN-001638,0.692,viticulture,high,masonry,808.0,396559.0,11,0,1,16.2,0,0.0,0.0
SYN-001639,0.422,crop_farming,medium,wood,1713.0,911610.0,4,0,1,4.7,0,0.0,0.0
SYN-001640,0.72,mixed_farming,low,wood,658.0,244534.0,49,0,0,9.8,0,0.0,0.0
SYN-001641,0.713,mixed_farming,medium,mixed,1069.0,374584.0,71,0,1,5.7,0,0.0,0.0
SYN-001642,0.764,crop_farming,low,wood,581.0,217244.0,75,0,1,4.1,0,0.0,0.0
SYN-001643,0.479,livestock,high,masonry,3096.0,1636390.0,52,1,0,5.4,0,0.0,0.0
SYN-001644,0.724,crop_farming,low,wood,772.0,369204.0,74,1,1,19.4,1,8390.99,8390.99
SYN-001645,0.672,crop_farming,high,masonry,443.0,158964.0,31,0,1,12.6,0,0.0,0.0
SYN-001646,0.758,livestock,medium,masonry,421.0,221508.0,60,0,0,15.7,0,0.0,0.0
SYN-001647,0.796,crop_farming,medium,masonry,1146.0,420074.0,41,0,1,5.0,0,0.0,0.0
SYN-001648,0.617,mixed_farming,medium,masonry,900.0,268413.0,32,0,0,2.5,0,0.0,0.0
SYN-001649,0.702,viticulture,low,masonry,1848.0,968605.0,55,0,1,9.3,1,8003.86,8003.86
SYN-001650,0.637,mixed_farming,medium,mixed,1040.0,368017.0,74,0,0,20.1,0,0.0,0.0
SYN-001651,0.859,crop_farming,high,masonry,2586.0,942140.0,38,0,1,5.7,0,0.0,0.0
SYN-001652,0.878,crop_farming,high,mixed,943.0,434014.0,53,0,1,16.7,0,0.0,0.0
SYN-001653,0.576,crop_farming,low,masonry,2362.0,1015463.0,18,0,1,16.9,0,0.0,0.0
SYN-001654,0.556,crop_farming,medium,mixed,653.0,216576.0,41,0,1,17.7,0,0.0,0.0
SYN-001655,0.807,viticulture,high,masonry,456.0,210489.0,53,0,1,9.6,0,0.0,0.0
SYN-001656,0.864,livestock,high,mixed,710.0,458689.0,23,0,1,8.0,0,0.0,0.0
SYN-001657,0.407,crop_farming,medium,mixed,582.0,285884.0,64,0,1,11.7,0,0.0,0.0
SYN-001658,0.656,mixed_farming,low,masonry,541.0,272830.0,61,1,0,16.7,0,0.0,0.0
SYN-001659,0.585,livestock,high,masonry,1586.0,404544.0,69,0,0,11.1,0,0.0,0.0
SYN-001660,0.86,crop_farming,medium,masonry,1021.0,633092.0,64,1,1,10.5,0,0.0,0.0
SYN-001661,0.486,crop_farming,medium,masonry,1329.0,723530.0,50,0,1,4.5,0,0.0,0.0
SYN-001662,0.867,mixed_farming,medium,masonry,1708.0,643964.0,45,1,1,10.2,0,0.0,0.0
SYN-001663,0.797,mixed_farming,low,masonry,405.0,221955.0,76,0,1,9.1,0,0.0,0.0
SYN-001664,0.906,crop_farming,high,mixed,1755.0,528635.0,23,0,1,25.6,0,0.0,0.0
SYN-001665,0.994,viticulture,low,masonry,554.0,308013.0,5,0,0,12.3,0,0.0,0.0
SYN-001666,0.686,mixed_farming,medium,masonry,833.0,391344.0,32,0,1,9.5,0,0.0,0.0
SYN-001667,0.82,mixed_farming,high,masonry,354.0,215306.0,34,0,0,4.8,0,0.0,0.0
SYN-001668,0.826,crop_farming,high,masonry,1855.0,735785.0,50,0,0,2.2,0,0.0,0.0
SYN-001669,0.907,crop_farming,high,masonry,404.0,228247.0,12,0,1,3.6,0,0.0,0.0
SYN-001670,0.711,mixed_farming,high,mixed,556.0,274669.0,18,0,1,25.6,0,0.0,0.0
SYN-001671,0.465,livestock,low,mixed,582.0,242663.0,74,0,1,6.1,0,0.0,0.0
SYN-001672,0.988,mixed_farming,high,masonry,1115.0,409337.0,38,0,1,10.1,0,0.0,0.0
SYN-001673,0.434,mixed_farming,high,masonry,1093.0,595981.0,37,0,1,4.2,0,0.0,0.0
SYN-001674,0.977,crop_farming,medium,masonry,2054.0,924233.0,4,0,1,1.9,0,0.0,0.0
SYN-001675,0.553,mixed_farming,medium,mixed,1132.0,415273.0,3,0,1,6.2,0,0.0,0.0
SYN-001676,0.695,viticulture,low,masonry,2270.0,671606.0,65,0,0,15.5,0,0.0,0.0
SYN-001677,0.97,mixed_farming,medium,mixed,1551.0,730416.0,51,0,1,2.9,0,0.0,0.0
SYN-001678,0.806,livestock,medium,mixed,656.0,396755.0,31,0,1,1.9,0,0.0,0.0
SYN-001679,0.751,mixed_farming,medium,mixed,786.0,327256.0,32,0,1,2.1,0,0.0,0.0
SYN-001680,0.596,livestock,medium,masonry,3235.0,1550310.0,36,0,1,3.7,0,0.0,0.0
SYN-001681,0.575,mixed_farming,medium,wood,2691.0,793503.0,65,0,1,7.5,0,0.0,0.0
SYN-001682,0.42,mixed_farming,low,masonry,2071.0,804660.0,71,1,0,3.9,0,0.0,0.0
SYN-001683,0.752,mixed_farming,high,masonry,2255.0,744237.0,35,0,1,9.6,0,0.0,0.0
SYN-001684,0.658,crop_farming,low,wood,1640.0,498380.0,32,0,1,6.7,0,0.0,0.0
SYN-001685,0.535,crop_farming,low,mixed,1507.0,508818.0,33,0,1,3.6,0,0.0,0.0
SYN-001686,0.631,crop_farming,low,masonry,1252.0,639989.0,39,1,1,28.3,0,0.0,0.0
SYN-001687,0.965,livestock,high,masonry,3656.0,999942.0,25,0,0,5.3,0,0.0,0.0
SYN-001688,0.909,livestock,high,masonry,896.0,286319.0,24,1,0,5.1,1,6008.16,6008.16
SYN-001689,0.658,mixed_farming,low,mixed,1417.0,597117.0,37,0,1,6.9,0,0.0,0.0
SYN-001690,0.988,livestock,low,masonry,399.0,251032.0,65,0,1,6.9,0,0.0,0.0
SYN-001691,0.677,mixed_farming,medium,masonry,478.0,267875.0,23,0,1,7.2,0,0.0,0.0
SYN-001692,0.609,viticulture,low,masonry,3944.0,1821802.0,35,1,0,8.0,0,0.0,0.0
SYN-001693,0.633,crop_farming,medium,wood,1810.0,793486.0,21,0,1,18.0,0,0.0,0.0
SYN-001694,0.925,mixed_farming,low,mixed,1055.0,556803.0,39,0,1,12.2,0,0.0,0.0
SYN-001695,0.561,mixed_farming,medium,masonry,1275.0,446423.0,10,0,1,6.2,0,0.0,0.0
SYN-001696,0.533,livestock,medium,wood,501.0,202670.0,40,0,1,17.4,0,0.0,0.0
SYN-001697,0.976,crop_farming,medium,masonry,918.0,500590.0,57,0,0,3.8,0,0.0,0.0
SYN-001698,0.841,mixed_farming,medium,mixed,470.0,154910.0,55,0,0,4.3,1,7686.69,7686.69
SYN-001699,0.858,viticulture,low,mixed,1000.0,519005.0,51,0,0,18.9,0,0.0,0.0
SYN-001700,0.844,mixed_farming,low,masonry,1886.0,1001394.0,44,0,1,25.9,0,0.0,0.0
SYN-001701,0.81,viticulture,low,mixed,1627.0,730152.0,49,0,1,5.0,0,0.0,0.0
SYN-001702,0.455,viticulture,low,wood,3405.0,1192584.0,35,0,0,8.6,0,0.0,0.0
SYN-001703,0.852,livestock,high,masonry,1468.0,715544.0,76,1,1,2.7,0,0.0,0.0
SYN-001704,0.549,mixed_farming,low,masonry,242.0,151979.0,53,0,1,1.8,0,0.0,0.0
SYN-001705,0.479,livestock,low,mixed,4307.0,2273068.0,24,0,0,8.3,0,0.0,0.0
SYN-001706,0.99,viticulture,low,masonry,702.0,282148.0,51,0,1,4.4,0,0.0,0.0
SYN-001707,0.417,crop_farming,medium,masonry,1347.0,600867.0,27,0,1,2.0,0,0.0,0.0
SYN-001708,0.419,livestock,high,masonry,1295.0,317320.0,57,0,1,12.6,1,8839.42,8839.42
SYN-001709,0.586,mixed_farming,medium,mixed,1417.0,756992.0,29,0,1,12.7,0,0.0,0.0
SYN-001710,0.907,crop_farming,medium,mixed,1250.0,470215.0,38,0,0,15.8,0,0.0,0.0
SYN-001711,0.987,mixed_farming,high,wood,1265.0,467802.0,47,0,1,2.3,0,0.0,0.0
SYN-001712,0.471,livestock,medium,masonry,513.0,384382.0,79,0,1,7.5,0,0.0,0.0
SYN-001713,0.637,viticulture,high,wood,6513.0,1619242.0,44,1,1,4.2,0,0.0,0.0
SYN-001714,0.841,mixed_farming,medium,masonry,1851.0,601212.0,47,0,1,3.2,0,0.0,0.0
SYN-001715,0.787,livestock,low,mixed,1254.0,643155.0,74,0,0,13.1,0,0.0,0.0
SYN-001716,0.54,mixed_farming,medium,mixed,4013.0,1045080.0,64,0,1,8.0,0,0.0,0.0
SYN-001717,0.598,livestock,low,masonry,604.0,350746.0,3,1,1,6.8,0,0.0,0.0
SYN-001718,0.757,mixed_farming,low,mixed,2131.0,500968.0,38,0,0,14.1,0,0.0,0.0
SYN-001719,0.421,mixed_farming,high,masonry,845.0,444918.0,57,0,1,7.0,1,7717.6,7717.6
SYN-001720,0.855,mixed_farming,low,masonry,1574.0,840565.0,27,0,0,3.2,0,0.0,0.0
SYN-001721,0.565,crop_farming,medium,mixed,1597.0,595197.0,20,0,1,1.5,0,0.0,0.0
SYN-001722,0.897,crop_farming,high,masonry,265.0,172914.0,42,0,1,8.1,0,0.0,0.0
SYN-001723,0.81,mixed_farming,medium,mixed,478.0,308483.0,14,1,1,2.7,0,0.0,0.0
SYN-001724,0.787,livestock,medium,masonry,3399.0,1378335.0,47,0,1,6.0,0,0.0,0.0
SYN-001725,0.86,livestock,medium,masonry,1029.0,295148.0,54,0,1,6.4,0,0.0,0.0
SYN-001726,0.445,crop_farming,high,mixed,4452.0,2283309.0,25,1,1,15.1,0,0.0,0.0
SYN-001727,0.556,livestock,low,masonry,2840.0,1406434.0,52,0,0,2.7,0,0.0,0.0
SYN-001728,0.713,mixed_farming,low,wood,1050.0,343178.0,61,1,0,10.0,0,0.0,0.0
SYN-001729,0.866,crop_farming,medium,wood,992.0,355417.0,23,0,1,8.9,0,0.0,0.0
SYN-001730,0.909,livestock,high,masonry,3539.0,1222881.0,35,0,0,8.8,0,0.0,0.0
SYN-001731,0.629,viticulture,low,masonry,4755.0,1323655.0,48,0,1,9.7,0,0.0,0.0
SYN-001732,0.876,crop_farming,medium,masonry,1006.0,416495.0,53,0,1,6.7,0,0.0,0.0
SYN-001733,0.532,mixed_farming,high,mixed,3294.0,1776565.0,50,0,0,11.1,0,0.0,0.0
SYN-001734,0.449,crop_farming,low,masonry,2367.0,1252931.0,24,0,1,0.7,0,0.0,0.0
SYN-001735,0.548,mixed_farming,low,wood,2648.0,1263147.0,11,0,0,10.9,0,0.0,0.0
SYN-001736,0.942,mixed_farming,medium,wood,1294.0,487270.0,39,1,1,16.0,0,0.0,0.0
SYN-001737,0.726,mixed_farming,low,masonry,783.0,377852.0,25,0,1,33.4,0,0.0,0.0
SYN-001738,0.689,crop_farming,low,mixed,611.0,349114.0,29,0,1,25.5,0,0.0,0.0
SYN-001739,0.846,livestock,medium,masonry,519.0,310579.0,64,0,1,3.3,0,0.0,0.0
SYN-001740,0.406,mixed_farming,medium,masonry,4197.0,2144662.0,34,0,1,6.3,0,0.0,0.0
SYN-001741,0.471,crop_farming,medium,masonry,1221.0,570018.0,73,0,0,6.1,0,0.0,0.0
SYN-001742,0.46,crop_farming,medium,mixed,576.0,355389.0,55,0,1,23.6,0,0.0,0.0
SYN-001743,0.473,crop_farming,medium,masonry,2325.0,634654.0,14,0,1,24.2,0,0.0,0.0
SYN-001744,0.672,viticulture,medium,wood,888.0,462729.0,13,0,0,14.9,0,0.0,0.0
SYN-001745,0.568,mixed_farming,high,masonry,794.0,413241.0,54,0,1,7.1,0,0.0,0.0
SYN-001746,0.871,mixed_farming,medium,mixed,4648.0,2130826.0,20,0,1,7.0,0,0.0,0.0
SYN-001747,0.903,mixed_farming,medium,wood,510.0,305698.0,75,1,1,17.0,0,0.0,0.0
SYN-001748,0.955,livestock,high,mixed,1412.0,430977.0,29,0,1,4.3,0,0.0,0.0
SYN-001749,0.518,livestock,high,masonry,825.0,356854.0,3,0,1,14.3,0,0.0,0.0
SYN-001750,0.702,livestock,low,masonry,744.0,422433.0,22,1,0,2.4,0,0.0,0.0
SYN-001751,0.429,mixed_farming,high,masonry,468.0,217088.0,68,0,1,3.9,0,0.0,0.0
SYN-001752,0.544,crop_farming,high,masonry,1260.0,406588.0,14,0,1,21.4,0,0.0,0.0
SYN-001753,0.769,mixed_farming,low,wood,687.0,340184.0,37,0,1,11.5,0,0.0,0.0
SYN-001754,0.653,mixed_farming,low,masonry,1780.0,619971.0,66,0,0,6.8,0,0.0,0.0
SYN-001755,0.814,livestock,medium,masonry,1175.0,532633.0,70,0,1,6.5,0,0.0,0.0
SYN-001756,0.904,livestock,medium,mixed,989.0,437442.0,13,0,0,2.3,0,0.0,0.0
SYN-001757,0.436,crop_farming,medium,masonry,689.0,303698.0,64,0,1,7.6,0,0.0,0.0
SYN-001758,0.963,viticulture,medium,wood,3072.0,1746844.0,52,0,0,23.5,0,0.0,0.0
SYN-001759,0.425,viticulture,low,masonry,1955.0,605139.0,16,0,0,7.1,0,0.0,0.0
SYN-001760,0.989,viticulture,low,masonry,778.0,584186.0,37,0,1,2.8,0,0.0,0.0
SYN-001761,0.783,livestock,high,mixed,501.0,274316.0,11,0,1,1.3,0,0.0,0.0
SYN-001762,0.426,crop_farming,low,masonry,355.0,309089.0,14,0,1,3.9,0,0.0,0.0
SYN-001763,0.636,crop_farming,medium,wood,2538.0,1288557.0,72,0,0,10.0,0,0.0,0.0
SYN-001764,0.555,crop_farming,low,masonry,2188.0,592480.0,24,0,1,4.1,0,0.0,0.0
SYN-001765,0.879,crop_farming,medium,masonry,2393.0,938034.0,28,1,0,6.2,0,0.0,0.0
SYN-001766,0.535,crop_farming,medium,masonry,1121.0,298110.0,9,1,1,15.7,0,0.0,0.0
SYN-001767,0.896,viticulture,low,masonry,2047.0,909951.0,29,1,0,5.3,0,0.0,0.0
SYN-001768,0.587,crop_farming,medium,mixed,2363.0,587965.0,8,1,0,17.9,0,0.0,0.0
SYN-001769,0.993,crop_farming,medium,masonry,1158.0,310839.0,64,1,1,3.8,0,0.0,0.0
SYN-001770,0.562,mixed_farming,low,mixed,960.0,496795.0,29,0,1,8.8,0,0.0,0.0
SYN-001771,0.811,mixed_farming,medium,wood,643.0,366828.0,79,0,1,7.7,0,0.0,0.0
SYN-001772,0.88,mixed_farming,medium,masonry,1599.0,652727.0,61,0,1,4.6,0,0.0,0.0
SYN-001773,0.53,mixed_farming,medium,mixed,1743.0,663065.0,67,0,0,8.0,0,0.0,0.0
SYN-001774,0.445,mixed_farming,medium,masonry,931.0,500007.0,32,1,0,20.9,0,0.0,0.0
SYN-001775,0.731,mixed_farming,medium,mixed,1005.0,546089.0,76,0,0,7.7,0,0.0,0.0
SYN-001776,0.806,livestock,low,masonry,1052.0,288183.0,46,3,1,14.1,0,0.0,0.0
SYN-001777,0.89,mixed_farming,low,mixed,2027.0,557814.0,11,1,0,8.3,0,0.0,0.0
SYN-001778,0.564,livestock,medium,masonry,496.0,364984.0,11,1,0,1.5,0,0.0,0.0
SYN-001779,0.923,livestock,medium,masonry,591.0,267592.0,75,0,1,4.5,0,0.0,0.0
SYN-001780,0.949,livestock,high,masonry,598.0,332117.0,71,0,0,3.7,0,0.0,0.0
SYN-001781,0.868,crop_farming,low,masonry,1100.0,478402.0,50,0,1,1.0,0,0.0,0.0
SYN-001782,0.405,mixed_farming,medium,wood,1488.0,629874.0,27,0,1,10.3,0,0.0,0.0
SYN-001783,0.452,crop_farming,medium,masonry,605.0,356437.0,55,0,0,5.4,0,0.0,0.0
SYN-001784,0.999,crop_farming,low,wood,2188.0,1038802.0,16,0,1,1.2,0,0.0,0.0
SYN-001785,0.84,crop_farming,medium,masonry,3136.0,1315668.0,69,0,0,2.0,0,0.0,0.0
SYN-001786,0.776,mixed_farming,medium,masonry,1586.0,916618.0,29,0,1,12.6,0,0.0,0.0
SYN-001787,0.941,livestock,low,masonry,2514.0,964719.0,32,0,1,3.6,0,0.0,0.0
SYN-001788,0.424,mixed_farming,medium,masonry,669.0,362663.0,78,0,1,5.4,0,0.0,0.0
SYN-001789,0.854,mixed_farming,low,mixed,679.0,263869.0,69,0,1,8.0,0,0.0,0.0
SYN-001790,0.793,crop_farming,high,masonry,1693.0,529995.0,51,0,1,22.2,0,0.0,0.0
SYN-001791,0.909,mixed_farming,low,wood,1182.0,647324.0,8,0,1,23.4,0,0.0,0.0
SYN-001792,0.867,livestock,low,masonry,678.0,250875.0,10,0,1,9.1,0,0.0,0.0
SYN-001793,0.691,crop_farming,low,masonry,3060.0,883816.0,43,0,1,9.5,0,0.0,0.0
SYN-001794,0.443,mixed_farming,low,masonry,1472.0,414631.0,13,0,1,6.3,0,0.0,0.0
SYN-001795,0.946,viticulture,low,mixed,1913.0,854989.0,21,0,1,13.3,0,0.0,0.0
SYN-001796,0.858,crop_farming,medium,masonry,782.0,388174.0,62,0,0,1.5,0,0.0,0.0
SYN-001797,0.614,livestock,low,wood,3612.0,1821676.0,25,0,0,6.0,0,0.0,0.0
SYN-001798,0.99,crop_farming,low,masonry,1095.0,311449.0,68,0,1,8.3,0,0.0,0.0
SYN-001799,0.587,livestock,low,masonry,2351.0,921859.0,57,1,1,10.4,0,0.0,0.0
SYN-001800,0.622,mixed_farming,medium,mixed,830.0,338053.0,7,1,1,6.0,1,12524.89,12524.89
SYN-001801,0.985,mixed_farming,low,mixed,1352.0,726257.0,3,0,1,21.7,0,0.0,0.0
SYN-001802,0.801,mixed_farming,medium,mixed,1742.0,698309.0,24,0,1,11.7,0,0.0,0.0
SYN-001803,0.928,crop_farming,medium,masonry,4434.0,1434843.0,6,0,1,10.1,0,0.0,0.0
SYN-001804,0.933,mixed_farming,medium,mixed,911.0,323210.0,4,1,0,5.5,0,0.0,0.0
SYN-001805,0.722,mixed_farming,low,masonry,1383.0,465591.0,40,0,1,4.4,0,0.0,0.0
SYN-001806,0.56,mixed_farming,high,wood,1781.0,1122165.0,10,1,1,19.4,0,0.0,0.0
SYN-001807,0.908,crop_farming,medium,masonry,483.0,202483.0,80,0,1,2.6,0,0.0,0.0
SYN-001808,0.701,livestock,low,mixed,295.0,181031.0,12,0,1,7.9,0,0.0,0.0
SYN-001809,0.739,livestock,medium,masonry,634.0,280282.0,73,1,0,1.8,0,0.0,0.0
SYN-001810,0.725,crop_farming,medium,mixed,2273.0,546123.0,35,1,0,7.9,0,0.0,0.0
SYN-001811,0.406,crop_farming,low,wood,3698.0,1579671.0,46,0,1,11.3,0,0.0,0.0
SYN-001812,0.428,livestock,medium,wood,665.0,347037.0,2,0,0,14.1,0,0.0,0.0
SYN-001813,0.77,mixed_farming,medium,masonry,550.0,214166.0,64,0,0,27.4,0,0.0,0.0
SYN-001814,0.877,crop_farming,low,masonry,3287.0,1450361.0,58,0,1,4.4,0,0.0,0.0
SYN-001815,0.674,mixed_farming,high,mixed,839.0,488404.0,42,0,0,13.8,0,0.0,0.0
SYN-001816,0.514,livestock,low,mixed,952.0,518283.0,33,0,1,7.5,0,0.0,0.0
SYN-001817,0.644,mixed_farming,low,mixed,3129.0,1319863.0,42,0,1,17.3,0,0.0,0.0
SYN-001818,0.861,livestock,low,masonry,2812.0,1252138.0,33,1,0,6.7,0,0.0,0.0
SYN-001819,0.465,livestock,medium,masonry,2224.0,1036290.0,70,0,1,4.6,0,0.0,0.0
SYN-001820,0.736,mixed_farming,high,masonry,398.0,228369.0,77,0,0,23.1,0,0.0,0.0
SYN-001821,0.821,viticulture,high,mixed,535.0,212386.0,37,0,1,16.3,0,0.0,0.0
SYN-001822,0.649,livestock,high,masonry,2511.0,771427.0,27,0,1,6.8,0,0.0,0.0
SYN-001823,0.761,livestock,medium,masonry,1490.0,658984.0,62,0,0,4.8,0,0.0,0.0
SYN-001824,0.93,mixed_farming,medium,mixed,731.0,359783.0,4,0,0,4.1,0,0.0,0.0
SYN-001825,0.528,mixed_farming,medium,masonry,969.0,448692.0,44,1,1,12.6,0,0.0,0.0
SYN-001826,0.481,crop_farming,low,wood,2495.0,1379096.0,33,1,1,18.0,0,0.0,0.0
SYN-001827,0.437,livestock,high,masonry,3271.0,1645533.0,47,1,0,11.8,0,0.0,0.0
SYN-001828,0.836,livestock,medium,masonry,1207.0,337881.0,38,0,1,10.0,0,0.0,0.0
SYN-001829,0.94,viticulture,medium,masonry,775.0,337448.0,61,1,1,3.7,0,0.0,0.0
SYN-001830,0.814,livestock,medium,masonry,1013.0,328130.0,38,0,1,2.3,0,0.0,0.0
SYN-001831,0.986,livestock,medium,mixed,2902.0,1551132.0,19,1,1,3.2,0,0.0,0.0
SYN-001832,0.825,viticulture,low,masonry,2865.0,1139192.0,38,0,1,11.8,0,0.0,0.0
SYN-001833,0.573,livestock,medium,masonry,1375.0,633528.0,64,0,0,5.0,0,0.0,0.0
SYN-001834,0.553,crop_farming,medium,masonry,859.0,475329.0,27,2,0,4.2,0,0.0,0.0
SYN-001835,0.8,crop_farming,high,mixed,2450.0,1071934.0,36,0,1,7.4,0,0.0,0.0
SYN-001836,0.805,crop_farming,low,mixed,3480.0,1768193.0,44,0,1,19.3,0,0.0,0.0
SYN-001837,0.714,crop_farming,low,masonry,471.0,207730.0,43,0,1,2.1,0,0.0,0.0
SYN-001838,0.716,livestock,medium,masonry,1042.0,329565.0,70,0,1,6.2,0,0.0,0.0
SYN-001839,0.65,mixed_farming,high,masonry,2569.0,1023126.0,78,0,1,10.1,0,0.0,0.0
SYN-001840,0.61,mixed_farming,high,mixed,1271.0,740294.0,29,0,1,1.4,0,0.0,0.0
SYN-001841,0.78,crop_farming,medium,masonry,882.0,255744.0,53,0,1,14.0,0,0.0,0.0
SYN-001842,0.849,livestock,low,masonry,1367.0,524094.0,43,0,0,13.5,0,0.0,0.0
SYN-001843,0.888,crop_farming,low,mixed,1542.0,923761.0,55,0,0,7.7,1,11854.69,11854.69
SYN-001844,0.585,viticulture,medium,masonry,583.0,338897.0,68,0,1,4.2,0,0.0,0.0
SYN-001845,0.915,crop_farming,low,mixed,1286.0,536259.0,68,0,0,34.6,0,0.0,0.0
SYN-001846,0.582,mixed_farming,medium,masonry,1539.0,494706.0,32,0,1,8.2,0,0.0,0.0
SYN-001847,0.583,livestock,high,wood,881.0,387959.0,78,0,1,1.5,0,0.0,0.0
SYN-001848,0.884,mixed_farming,medium,masonry,730.0,320279.0,11,1,1,4.6,0,0.0,0.0
SYN-001849,0.982,livestock,medium,masonry,854.0,435807.0,57,0,0,7.6,0,0.0,0.0
SYN-001850,0.959,mixed_farming,low,masonry,645.0,190721.0,35,0,1,1.4,0,0.0,0.0
SYN-001851,0.467,crop_farming,low,masonry,2107.0,879025.0,36,0,1,3.5,0,0.0,0.0
SYN-001852,0.573,viticulture,medium,mixed,639.0,385976.0,41,0,1,3.4,0,0.0,0.0
SYN-001853,0.856,livestock,medium,masonry,1370.0,532294.0,54,0,0,6.7,0,0.0,0.0
SYN-001854,0.884,mixed_farming,low,masonry,950.0,647001.0,70,1,0,3.0,0,0.0,0.0
SYN-001855,0.703,mixed_farming,low,mixed,766.0,309246.0,23,0,1,6.9,0,0.0,0.0
SYN-001856,0.41,viticulture,low,masonry,2955.0,1508481.0,69,0,0,12.8,0,0.0,0.0
SYN-001857,0.701,crop_farming,medium,mixed,1113.0,604330.0,69,0,1,28.8,0,0.0,0.0
SYN-001858,0.419,crop_farming,medium,mixed,784.0,231735.0,62,0,1,3.7,0,0.0,0.0
SYN-001859,0.569,crop_farming,medium,masonry,737.0,329430.0,57,0,0,7.6,0,0.0,0.0
SYN-001860,0.794,crop_farming,medium,mixed,1511.0,692518.0,31,0,1,6.0,0,0.0,0.0
SYN-001861,0.481,mixed_farming,low,wood,2074.0,698864.0,21,1,1,9.1,0,0.0,0.0
SYN-001862,0.827,viticulture,medium,mixed,2768.0,1038873.0,23,0,1,2.7,0,0.0,0.0
SYN-001863,0.773,viticulture,low,masonry,1087.0,571306.0,32,0,0,14.1,0,0.0,0.0
SYN-001864,0.658,livestock,high,masonry,1045.0,520844.0,36,0,1,16.6,0,0.0,0.0
SYN-001865,0.623,mixed_farming,low,wood,1320.0,564647.0,18,0,1,11.0,0,0.0,0.0
SYN-001866,0.949,mixed_farming,medium,mixed,1351.0,474802.0,26,1,0,3.4,0,0.0,0.0
SYN-001867,0.732,viticulture,low,masonry,734.0,430608.0,20,0,1,19.9,0,0.0,0.0
SYN-001868,0.933,crop_farming,medium,masonry,3136.0,1192653.0,79,0,0,6.8,0,0.0,0.0
SYN-001869,0.647,livestock,low,mixed,1230.0,468088.0,41,0,0,1.3,0,0.0,0.0
SYN-001870,0.757,mixed_farming,high,mixed,1716.0,917167.0,7,0,0,20.1,0,0.0,0.0
SYN-001871,0.973,livestock,low,wood,1597.0,858822.0,39,1,1,6.4,0,0.0,0.0
SYN-001872,0.474,livestock,high,wood,1576.0,854453.0,41,0,1,5.2,0,0.0,0.0
SYN-001873,0.558,viticulture,medium,masonry,631.0,307917.0,36,0,0,3.8,0,0.0,0.0
SYN-001874,0.95,viticulture,low,mixed,1207.0,742965.0,31,0,1,2.1,0,0.0,0.0
SYN-001875,0.653,viticulture,low,masonry,5337.0,1714746.0,43,0,0,14.5,0,0.0,0.0
SYN-001876,0.563,mixed_farming,medium,masonry,3400.0,1753419.0,62,0,1,4.3,0,0.0,0.0
SYN-001877,0.998,crop_farming,high,masonry,1342.0,569503.0,60,0,0,13.1,0,0.0,0.0
SYN-001878,0.461,livestock,high,wood,955.0,285517.0,48,1,1,1.2,0,0.0,0.0
SYN-001879,0.767,livestock,low,masonry,287.0,106507.0,59,0,0,2.2,0,0.0,0.0
SYN-001880,0.873,livestock,medium,masonry,877.0,491946.0,5,0,1,15.0,0,0.0,0.0
SYN-001881,0.872,livestock,low,masonry,1152.0,424940.0,5,0,1,6.2,0,0.0,0.0
SYN-001882,0.665,mixed_farming,low,masonry,986.0,566021.0,54,0,1,10.0,0,0.0,0.0
SYN-001883,0.426,livestock,medium,masonry,1032.0,426295.0,33,0,1,8.0,0,0.0,0.0
SYN-001884,0.905,mixed_farming,low,masonry,1816.0,647130.0,40,0,1,3.1,0,0.0,0.0
SYN-001885,0.882,livestock,low,masonry,633.0,340788.0,66,0,1,10.7,0,0.0,0.0
SYN-001886,0.542,livestock,high,masonry,1447.0,709248.0,50,0,0,3.1,0,0.0,0.0
SYN-001887,0.604,crop_farming,medium,mixed,1128.0,314885.0,46,1,1,21.3,0,0.0,0.0
SYN-001888,0.708,crop_farming,medium,mixed,683.0,209787.0,8,0,0,11.5,0,0.0,0.0
SYN-001889,0.468,mixed_farming,low,mixed,3598.0,1607600.0,77,0,1,16.9,0,0.0,0.0
SYN-001890,0.892,livestock,high,masonry,1971.0,674517.0,41,1,1,3.2,0,0.0,0.0
SYN-001891,0.953,crop_farming,medium,masonry,727.0,415509.0,30,1,1,5.0,0,0.0,0.0
SYN-001892,0.585,mixed_farming,medium,masonry,1696.0,903936.0,43,0,1,15.6,0,0.0,0.0
SYN-001893,0.954,livestock,low,wood,491.0,194352.0,77,0,0,3.8,0,0.0,0.0
SYN-001894,0.881,crop_farming,high,masonry,787.0,299877.0,12,0,1,11.0,0,0.0,0.0
SYN-001895,0.837,livestock,medium,masonry,2872.0,885498.0,10,0,1,5.8,0,0.0,0.0
SYN-001896,0.981,crop_farming,high,wood,1523.0,538135.0,50,0,0,20.7,0,0.0,0.0
SYN-001897,0.595,mixed_farming,medium,wood,1446.0,492407.0,67,0,1,1.0,0,0.0,0.0
SYN-001898,0.949,crop_farming,medium,masonry,2302.0,701817.0,73,0,1,26.1,0,0.0,0.0
SYN-001899,0.459,crop_farming,medium,mixed,1803.0,867084.0,68,0,1,5.7,0,0.0,0.0
SYN-001900,0.687,crop_farming,high,masonry,1019.0,616346.0,3,0,1,3.5,0,0.0,0.0
SYN-001901,0.731,mixed_farming,low,masonry,2228.0,900802.0,46,0,1,4.7,0,0.0,0.0
SYN-001902,0.474,crop_farming,low,masonry,404.0,220573.0,21,2,0,7.0,0,0.0,0.0
SYN-001903,0.842,mixed_farming,medium,wood,785.0,214830.0,12,0,1,12.2,0,0.0,0.0
SYN-001904,0.685,crop_farming,medium,masonry,1138.0,482814.0,27,0,0,32.4,0,0.0,0.0
SYN-001905,0.673,mixed_farming,medium,mixed,1730.0,846134.0,77,1,1,5.7,0,0.0,0.0
SYN-001906,0.749,livestock,medium,masonry,981.0,459782.0,44,0,0,5.9,0,0.0,0.0
SYN-001907,0.481,livestock,medium,mixed,380.0,247734.0,17,0,1,6.1,0,0.0,0.0
SYN-001908,0.52,crop_farming,medium,mixed,347.0,193948.0,60,0,0,3.8,0,0.0,0.0
SYN-001909,0.508,mixed_farming,low,mixed,1159.0,727162.0,80,0,0,18.2,0,0.0,0.0
SYN-001910,0.971,mixed_farming,high,wood,888.0,338836.0,53,0,1,7.2,1,8160.8,8160.8
SYN-001911,0.864,crop_farming,low,mixed,671.0,227289.0,35,0,1,4.9,0,0.0,0.0
SYN-001912,0.718,crop_farming,medium,mixed,602.0,224949.0,37,2,0,16.1,0,0.0,0.0
SYN-001913,0.796,viticulture,high,masonry,1322.0,663121.0,27,0,1,2.8,0,0.0,0.0
SYN-001914,0.79,livestock,low,wood,2826.0,739867.0,77,0,1,5.0,0,0.0,0.0
SYN-001915,0.557,crop_farming,low,masonry,1322.0,529908.0,22,0,0,17.1,0,0.0,0.0
SYN-001916,0.452,crop_farming,low,masonry,2850.0,1493312.0,28,0,1,13.6,0,0.0,0.0
SYN-001917,0.733,mixed_farming,medium,masonry,950.0,562693.0,8,0,1,9.4,0,0.0,0.0
SYN-001918,0.558,mixed_farming,medium,masonry,1617.0,571313.0,63,0,1,20.1,0,0.0,0.0
SYN-001919,0.924,mixed_farming,low,mixed,2919.0,779068.0,34,0,1,18.7,0,0.0,0.0
SYN-001920,0.542,viticulture,high,masonry,1094.0,911254.0,67,0,1,2.1,0,0.0,0.0
SYN-001921,0.744,livestock,low,masonry,1233.0,632287.0,12,0,1,20.6,0,0.0,0.0
SYN-001922,0.652,livestock,medium,wood,950.0,503160.0,9,0,1,6.7,0,0.0,0.0
SYN-001923,0.846,livestock,medium,wood,1781.0,486343.0,35,0,1,3.8,0,0.0,0.0
SYN-001924,0.97,livestock,low,masonry,2179.0,898743.0,4,1,1,2.4,0,0.0,0.0
SYN-001925,0.647,crop_farming,low,wood,1523.0,548811.0,55,0,0,13.9,0,0.0,0.0
SYN-001926,0.427,crop_farming,high,masonry,1044.0,522380.0,79,1,0,8.0,0,0.0,0.0
SYN-001927,0.797,livestock,medium,masonry,457.0,239290.0,77,0,1,7.0,0,0.0,0.0
SYN-001928,0.478,mixed_farming,low,wood,1174.0,614746.0,29,0,1,14.1,0,0.0,0.0
SYN-001929,0.463,crop_farming,medium,mixed,1070.0,515897.0,20,0,1,23.7,0,0.0,0.0
SYN-001930,0.797,livestock,medium,mixed,1413.0,387155.0,54,1,0,29.0,0,0.0,0.0
SYN-001931,0.462,mixed_farming,low,masonry,1308.0,750468.0,12,0,1,8.0,0,0.0,0.0
SYN-001932,0.477,mixed_farming,medium,masonry,3368.0,1410903.0,3,0,0,2.8,0,0.0,0.0
SYN-001933,0.663,mixed_farming,medium,masonry,771.0,235766.0,38,1,1,6.9,0,0.0,0.0
SYN-001934,0.671,mixed_farming,low,wood,435.0,269528.0,62,1,1,15.4,0,0.0,0.0
SYN-001935,0.948,mixed_farming,high,masonry,577.0,193926.0,68,1,1,19.5,0,0.0,0.0
SYN-001936,0.566,crop_farming,low,masonry,803.0,484127.0,29,0,1,23.4,0,0.0,0.0
SYN-001937,0.641,livestock,low,masonry,2449.0,1078442.0,6,0,1,12.5,0,0.0,0.0
SYN-001938,0.825,mixed_farming,low,mixed,522.0,220359.0,47,0,1,2.6,0,0.0,0.0
SYN-001939,0.896,crop_farming,medium,masonry,569.0,395625.0,64,0,1,13.1,0,0.0,0.0
SYN-001940,0.609,crop_farming,medium,mixed,1586.0,610798.0,4,0,1,8.4,0,0.0,0.0
SYN-001941,0.779,crop_farming,high,masonry,2105.0,886047.0,34,0,0,4.4,0,0.0,0.0
SYN-001942,0.775,livestock,low,masonry,443.0,263520.0,9,3,1,7.6,0,0.0,0.0
SYN-001943,0.582,livestock,medium,masonry,383.0,223100.0,40,0,0,13.1,0,0.0,0.0
SYN-001944,0.471,crop_farming,medium,masonry,727.0,315526.0,66,1,1,7.4,0,0.0,0.0
SYN-001945,0.81,mixed_farming,low,mixed,1858.0,834994.0,45,0,1,0.9,0,0.0,0.0
SYN-001946,0.561,viticulture,low,mixed,1330.0,564737.0,45,0,0,6.6,0,0.0,0.0
SYN-001947,0.591,crop_farming,high,masonry,744.0,419820.0,14,0,1,19.4,1,7371.7,7371.7
SYN-001948,0.743,viticulture,low,masonry,1960.0,662938.0,63,0,1,3.9,0,0.0,0.0
SYN-001949,0.496,crop_farming,medium,masonry,1314.0,540727.0,65,0,0,7.5,0,0.0,0.0
SYN-001950,0.545,viticulture,medium,wood,1130.0,370043.0,13,0,1,0.9,0,0.0,0.0
SYN-001951,0.668,viticulture,low,wood,424.0,266668.0,58,0,1,8.8,0,0.0,0.0
SYN-001952,0.927,crop_farming,high,mixed,734.0,401971.0,27,0,1,5.6,0,0.0,0.0
SYN-001953,0.863,mixed_farming,high,masonry,4324.0,1384581.0,78,1,0,23.4,0,0.0,0.0
SYN-001954,0.591,viticulture,medium,masonry,974.0,453059.0,69,0,1,9.3,0,0.0,0.0
SYN-001955,0.581,viticulture,medium,wood,651.0,295172.0,64,0,1,1.2,0,0.0,0.0
SYN-001956,0.992,viticulture,medium,masonry,945.0,334112.0,47,1,1,2.0,0,0.0,0.0
SYN-001957,0.792,livestock,medium,mixed,1310.0,359819.0,31,0,1,15.8,0,0.0,0.0
SYN-001958,0.811,crop_farming,low,wood,2152.0,1047902.0,54,2,1,15.6,0,0.0,0.0
SYN-001959,0.433,mixed_farming,medium,mixed,1815.0,582713.0,49,0,0,9.5,0,0.0,0.0
SYN-001960,0.463,mixed_farming,low,mixed,781.0,345083.0,17,0,1,0.5,0,0.0,0.0
SYN-001961,0.577,mixed_farming,medium,masonry,2770.0,1440721.0,43,1,1,10.6,0,0.0,0.0
SYN-001962,0.905,livestock,medium,wood,2058.0,531539.0,45,0,1,8.8,0,0.0,0.0
SYN-001963,0.946,livestock,low,masonry,907.0,410601.0,75,0,1,5.1,0,0.0,0.0
SYN-001964,0.515,crop_farming,high,wood,1115.0,641030.0,59,0,1,25.9,0,0.0,0.0
SYN-001965,0.829,mixed_farming,low,masonry,1791.0,853065.0,68,0,1,16.3,0,0.0,0.0
SYN-001966,0.924,crop_farming,low,mixed,2437.0,720710.0,14,0,1,0.5,0,0.0,0.0
SYN-001967,0.927,mixed_farming,medium,wood,452.0,218830.0,51,0,0,6.7,0,0.0,0.0
SYN-001968,0.675,mixed_farming,medium,mixed,1269.0,599854.0,24,0,1,5.1,0,0.0,0.0
SYN-001969,0.555,livestock,low,masonry,1188.0,344941.0,19,1,1,8.9,0,0.0,0.0
SYN-001970,0.974,livestock,medium,masonry,836.0,392966.0,1,0,0,0.8,0,0.0,0.0
SYN-001971,0.566,livestock,medium,mixed,834.0,290952.0,46,0,1,6.9,0,0.0,0.0
SYN-001972,0.552,viticulture,low,mixed,2405.0,1227052.0,78,1,1,5.0,0,0.0,0.0
SYN-001973,0.523,mixed_farming,high,masonry,1716.0,632389.0,50,0,1,13.4,0,0.0,0.0
SYN-001974,0.72,livestock,low,wood,4766.0,1639859.0,72,1,1,12.0,0,0.0,0.0
SYN-001975,0.464,crop_farming,medium,wood,837.0,467829.0,54,0,1,15.4,0,0.0,0.0
SYN-001976,0.742,crop_farming,low,wood,1325.0,356415.0,8,0,0,7.0,0,0.0,0.0
SYN-001977,0.966,livestock,medium,mixed,1482.0,610360.0,59,0,0,16.1,0,0.0,0.0
SYN-001978,0.703,viticulture,high,wood,2170.0,1203922.0,67,1,1,6.7,0,0.0,0.0
SYN-001979,0.979,mixed_farming,low,wood,2931.0,1232554.0,65,0,1,3.3,0,0.0,0.0
SYN-001980,0.943,crop_farming,low,masonry,1288.0,349848.0,44,0,1,1.8,0,0.0,0.0
SYN-001981,0.875,mixed_farming,low,wood,595.0,366059.0,42,0,1,3.2,0,0.0,0.0
SYN-001982,0.765,livestock,low,masonry,764.0,247859.0,78,0,1,11.1,0,0.0,0.0
SYN-001983,0.928,mixed_farming,high,wood,1330.0,470053.0,80,0,1,4.8,0,0.0,0.0
SYN-001984,0.733,crop_farming,medium,mixed,2514.0,699393.0,41,0,1,5.3,0,0.0,0.0
SYN-001985,0.524,mixed_farming,medium,mixed,473.0,240345.0,61,0,1,2.8,0,0.0,0.0
SYN-001986,0.955,viticulture,high,masonry,567.0,193794.0,17,1,1,1.1,0,0.0,0.0
SYN-001987,0.701,crop_farming,high,masonry,1983.0,631742.0,53,0,1,16.2,0,0.0,0.0
SYN-001988,0.945,mixed_farming,high,masonry,523.0,217754.0,69,1,1,15.6,0,0.0,0.0
SYN-001989,0.636,viticulture,low,mixed,583.0,196944.0,73,2,0,0.8,0,0.0,0.0
SYN-001990,0.601,crop_farming,low,wood,2537.0,1198702.0,76,0,1,17.6,0,0.0,0.0
SYN-001991,0.86,crop_farming,low,masonry,1050.0,430103.0,14,0,1,11.1,0,0.0,0.0
SYN-001992,0.781,mixed_farming,low,masonry,999.0,454188.0,43,0,1,7.2,0,0.0,0.0
SYN-001993,0.664,livestock,medium,mixed,2950.0,844455.0,46,0,1,10.4,0,0.0,0.0
SYN-001994,0.927,crop_farming,low,masonry,607.0,452542.0,33,1,1,14.2,0,0.0,0.0
SYN-001995,0.71,livestock,medium,masonry,533.0,263802.0,1,0,1,10.6,0,0.0,0.0
SYN-001996,0.408,mixed_farming,medium,masonry,3495.0,1170774.0,63,0,1,4.1,0,0.0,0.0
SYN-001997,0.816,crop_farming,low,mixed,1410.0,415129.0,62,0,1,1.2,0,0.0,0.0
SYN-001998,0.438,livestock,low,mixed,1885.0,977615.0,7,2,1,8.7,0,0.0,0.0
SYN-001999,0.689,mixed_farming,medium,wood,990.0,436322.0,30,0,0,11.8,0,0.0,0.0
SYN-002000,0.515,livestock,medium,masonry,1131.0,278309.0,68,2,1,5.2,1,13841.72,13841.72
SYN-002001,0.545,mixed_farming,medium,masonry,767.0,245766.0,23,0,1,6.7,0,0.0,0.0
SYN-002002,0.988,livestock,medium,mixed,1490.0,596060.0,69,0,0,7.2,0,0.0,0.0
SYN-002003,0.468,viticulture,low,wood,2081.0,598563.0,3,0,1,3.7,0,0.0,0.0
SYN-002004,0.855,mixed_farming,low,masonry,1377.0,620216.0,24,0,1,6.3,0,0.0,0.0
SYN-002005,0.782,crop_farming,low,wood,2415.0,776764.0,71,0,1,12.3,0,0.0,0.0
SYN-002006,0.517,mixed_farming,low,mixed,1864.0,628585.0,1,1,1,9.6,0,0.0,0.0
SYN-002007,0.961,livestock,medium,wood,613.0,476136.0,43,0,1,3.4,0,0.0,0.0
SYN-002008,0.521,crop_farming,high,masonry,1103.0,469434.0,1,0,1,13.6,0,0.0,0.0
SYN-002009,0.709,crop_farming,low,masonry,906.0,286763.0,14,0,1,17.8,0,0.0,0.0
SYN-002010,0.874,mixed_farming,low,masonry,1978.0,751535.0,79,0,1,2.0,0,0.0,0.0
SYN-002011,0.858,crop_farming,medium,mixed,1636.0,908778.0,38,0,0,3.9,0,0.0,0.0
SYN-002012,0.592,crop_farming,medium,wood,1317.0,668371.0,63,0,1,2.9,0,0.0,0.0
SYN-002013,0.904,crop_farming,low,masonry,2342.0,1167994.0,70,0,1,6.8,0,0.0,0.0
SYN-002014,0.977,livestock,low,masonry,360.0,213468.0,29,0,1,11.8,0,0.0,0.0
SYN-002015,0.684,livestock,high,masonry,819.0,317174.0,54,0,1,5.3,0,0.0,0.0
SYN-002016,0.791,livestock,low,mixed,865.0,239655.0,72,0,1,12.7,0,0.0,0.0
SYN-002017,0.619,crop_farming,medium,wood,1427.0,356219.0,35,2,0,7.9,0,0.0,0.0
SYN-002018,0.612,crop_farming,medium,masonry,1736.0,501815.0,72,0,0,6.4,0,0.0,0.0
SYN-002019,0.682,mixed_farming,low,mixed,1211.0,640555.0,7,0,1,5.5,0,0.0,0.0
SYN-002020,0.518,livestock,medium,masonry,516.0,147600.0,73,1,1,11.7,0,0.0,0.0
SYN-002021,0.814,mixed_farming,low,wood,1579.0,578171.0,32,0,0,3.5,0,0.0,0.0
SYN-002022,0.499,crop_farming,low,mixed,1317.0,460097.0,41,0,1,4.2,0,0.0,0.0
SYN-002023,0.403,crop_farming,low,masonry,467.0,270399.0,17,1,0,8.2,0,0.0,0.0
SYN-002024,0.664,crop_farming,high,mixed,1000.0,504434.0,66,0,1,6.7,0,0.0,0.0
SYN-002025,0.446,livestock,low,mixed,1546.0,882399.0,22,0,1,3.0,0,0.0,0.0
SYN-002026,0.737,livestock,low,wood,3550.0,1210542.0,4,0,1,6.1,0,0.0,0.0
SYN-002027,0.712,mixed_farming,high,mixed,597.0,338365.0,9,0,1,3.9,0,0.0,0.0
SYN-002028,0.482,livestock,low,masonry,2026.0,1005095.0,13,0,1,9.9,0,0.0,0.0
SYN-002029,0.548,livestock,high,mixed,602.0,275933.0,50,0,1,4.7,0,0.0,0.0
SYN-002030,0.415,mixed_farming,medium,mixed,531.0,322882.0,51,0,1,3.5,0,0.0,0.0
SYN-002031,0.756,crop_farming,medium,masonry,551.0,209297.0,15,0,1,4.7,0,0.0,0.0
SYN-002032,0.576,livestock,medium,wood,1796.0,879836.0,9,0,1,1.3,0,0.0,0.0
SYN-002033,0.828,livestock,medium,masonry,1319.0,684957.0,19,1,0,2.9,0,0.0,0.0
SYN-002034,0.778,livestock,low,wood,988.0,336914.0,4,0,1,13.1,0,0.0,0.0
SYN-002035,0.624,crop_farming,high,masonry,1632.0,519384.0,27,0,0,2.5,0,0.0,0.0
SYN-002036,0.413,mixed_farming,high,masonry,1245.0,446774.0,9,0,1,6.8,0,0.0,0.0
SYN-002037,0.592,viticulture,high,masonry,1302.0,721862.0,17,0,1,7.4,0,0.0,0.0
SYN-002038,0.595,crop_farming,medium,mixed,995.0,403128.0,37,1,1,14.3,0,0.0,0.0
SYN-002039,0.6,mixed_farming,medium,wood,621.0,415406.0,25,0,1,5.3,1,12829.56,12829.56
SYN-002040,0.972,mixed_farming,medium,masonry,3639.0,1545277.0,40,0,1,9.1,0,0.0,0.0
SYN-002041,0.499,crop_farming,low,masonry,3012.0,982516.0,18,0,1,13.7,0,0.0,0.0
SYN-002042,0.562,mixed_farming,medium,wood,3407.0,1408424.0,75,0,1,10.6,0,0.0,0.0
SYN-002043,0.899,mixed_farming,medium,mixed,854.0,253426.0,6,0,1,12.8,0,0.0,0.0
SYN-002044,0.955,viticulture,medium,masonry,778.0,415949.0,34,0,1,12.5,0,0.0,0.0
SYN-002045,0.681,viticulture,low,wood,926.0,377378.0,15,0,0,18.6,0,0.0,0.0
SYN-002046,0.724,crop_farming,medium,masonry,2436.0,1019169.0,42,0,1,4.5,0,0.0,0.0
SYN-002047,0.432,livestock,medium,masonry,1212.0,478294.0,39,2,1,19.4,0,0.0,0.0
SYN-002048,0.885,livestock,medium,masonry,851.0,329681.0,66,0,0,3.5,0,0.0,0.0
SYN-002049,0.757,crop_farming,high,mixed,1535.0,965084.0,58,1,0,2.1,0,0.0,0.0
SYN-002050,0.687,livestock,medium,masonry,751.0,258457.0,66,0,1,12.2,0,0.0,0.0
SYN-002051,0.582,viticulture,low,wood,502.0,310293.0,35,0,0,4.2,0,0.0,0.0
SYN-002052,0.666,crop_farming,low,masonry,1318.0,541674.0,27,1,1,6.6,0,0.0,0.0
SYN-002053,0.841,livestock,medium,wood,867.0,485010.0,52,0,1,9.0,0,0.0,0.0
SYN-002054,0.448,mixed_farming,medium,masonry,1201.0,428961.0,58,0,1,4.7,0,0.0,0.0
SYN-002055,0.704,livestock,high,masonry,212.0,120956.0,15,0,1,7.9,0,0.0,0.0
SYN-002056,0.421,livestock,low,masonry,679.0,318248.0,71,0,0,8.1,0,0.0,0.0
SYN-002057,0.863,viticulture,low,masonry,1177.0,629157.0,39,1,1,2.5,0,0.0,0.0
SYN-002058,0.527,livestock,medium,masonry,452.0,224833.0,66,0,1,2.7,0,0.0,0.0
SYN-002059,0.942,crop_farming,medium,wood,462.0,164658.0,6,0,1,21.5,0,0.0,0.0
SYN-002060,0.686,crop_farming,high,mixed,1243.0,598187.0,27,1,1,11.4,0,0.0,0.0
SYN-002061,0.674,viticulture,high,mixed,1912.0,965531.0,30,0,1,11.9,0,0.0,0.0
SYN-002062,0.616,crop_farming,medium,masonry,679.0,451334.0,60,0,0,5.5,0,0.0,0.0
SYN-002063,0.71,livestock,high,wood,1022.0,373176.0,20,1,1,1.6,0,0.0,0.0
SYN-002064,0.603,crop_farming,low,masonry,1038.0,412040.0,60,0,1,8.1,0,0.0,0.0
SYN-002065,0.616,livestock,medium,mixed,439.0,258085.0,67,0,1,8.4,0,0.0,0.0
SYN-002066,0.517,viticulture,high,mixed,2616.0,781764.0,20,1,1,12.6,0,0.0,0.0
SYN-002067,0.607,livestock,medium,masonry,1076.0,351988.0,79,1,1,8.4,0,0.0,0.0
SYN-002068,0.887,viticulture,high,masonry,1084.0,508685.0,54,0,0,14.7,0,0.0,0.0
SYN-002069,0.547,crop_farming,low,wood,1544.0,662843.0,41,1,1,2.5,0,0.0,0.0
SYN-002070,0.893,livestock,low,masonry,440.0,206031.0,8,1,1,2.8,0,0.0,0.0
SYN-002071,0.917,mixed_farming,medium,mixed,2204.0,980943.0,41,0,1,8.2,0,0.0,0.0
SYN-002072,0.8,livestock,high,wood,2399.0,1232540.0,22,1,1,11.1,0,0.0,0.0
SYN-002073,0.418,crop_farming,low,masonry,1328.0,711921.0,34,1,1,5.3,0,0.0,0.0
SYN-002074,0.737,mixed_farming,high,masonry,1637.0,483615.0,3,0,1,2.4,0,0.0,0.0
SYN-002075,0.9,livestock,low,masonry,980.0,545844.0,64,0,1,9.1,0,0.0,0.0
SYN-002076,0.619,livestock,medium,mixed,2124.0,1139715.0,11,0,1,11.3,0,0.0,0.0
SYN-002077,0.57,viticulture,medium,masonry,710.0,260666.0,42,0,1,15.7,0,0.0,0.0
SYN-002078,0.593,crop_farming,low,masonry,1187.0,301636.0,9,1,0,2.3,0,0.0,0.0
SYN-002079,0.654,livestock,medium,masonry,1234.0,663715.0,26,0,1,13.1,0,0.0,0.0
SYN-002080,0.442,crop_farming,medium,wood,1182.0,296337.0,76,1,0,4.5,0,0.0,0.0
SYN-002081,0.543,livestock,medium,wood,2428.0,737361.0,15,1,1,13.7,0,0.0,0.0
SYN-002082,0.788,crop_farming,low,mixed,5026.0,2208486.0,14,1,1,27.3,0,0.0,0.0
SYN-002083,0.683,mixed_farming,low,wood,1128.0,567779.0,75,0,1,7.4,0,0.0,0.0
SYN-002084,0.548,crop_farming,high,mixed,1645.0,554919.0,6,0,1,4.6,0,0.0,0.0
SYN-002085,0.959,mixed_farming,medium,wood,719.0,544064.0,78,0,0,6.9,1,15893.32,15893.32
SYN-002086,0.577,crop_farming,high,masonry,2370.0,1093337.0,61,0,0,10.7,0,0.0,0.0
SYN-002087,0.478,livestock,medium,masonry,866.0,454257.0,31,0,0,1.7,0,0.0,0.0
SYN-002088,0.52,livestock,high,wood,9361.0,4197245.0,52,0,0,7.2,0,0.0,0.0
SYN-002089,0.578,mixed_farming,low,masonry,409.0,116357.0,48,0,0,4.7,1,9218.63,9218.63
SYN-002090,0.714,livestock,medium,masonry,4894.0,2396005.0,51,0,1,2.6,0,0.0,0.0
SYN-002091,0.44,livestock,medium,mixed,2308.0,1035722.0,16,0,0,8.3,0,0.0,0.0
SYN-002092,0.913,mixed_farming,low,mixed,584.0,235745.0,72,0,0,15.9,0,0.0,0.0
SYN-002093,0.926,livestock,low,masonry,5473.0,1241033.0,38,0,1,4.2,0,0.0,0.0
SYN-002094,0.591,crop_farming,medium,masonry,663.0,341593.0,54,0,1,10.1,0,0.0,0.0
SYN-002095,0.865,viticulture,high,masonry,988.0,283360.0,58,0,1,10.9,0,0.0,0.0
SYN-002096,0.76,livestock,medium,masonry,522.0,231631.0,54,0,1,8.7,0,0.0,0.0
SYN-002097,0.907,crop_farming,low,masonry,1102.0,355029.0,40,0,1,0.8,0,0.0,0.0
SYN-002098,0.566,livestock,high,masonry,1171.0,539686.0,37,1,1,5.4,0,0.0,0.0
SYN-002099,0.766,crop_farming,low,mixed,2079.0,518361.0,46,0,0,2.9,0,0.0,0.0
SYN-002100,0.444,crop_farming,low,masonry,5913.0,2433834.0,46,0,0,14.9,1,19554.79,19554.79
SYN-002101,0.406,mixed_farming,high,masonry,868.0,398776.0,66,0,1,4.3,0,0.0,0.0
SYN-002102,0.925,crop_farming,medium,mixed,203.0,133392.0,62,1,0,12.1,0,0.0,0.0
SYN-002103,0.577,mixed_farming,high,masonry,1847.0,975314.0,53,1,0,5.7,0,0.0,0.0
SYN-002104,0.667,viticulture,high,masonry,848.0,434534.0,29,0,1,6.6,0,0.0,0.0
SYN-002105,0.539,mixed_farming,medium,masonry,3952.0,1826056.0,40,0,1,10.1,0,0.0,0.0
SYN-002106,0.926,mixed_farming,low,mixed,1185.0,444877.0,3,0,1,2.6,0,0.0,0.0
SYN-002107,0.631,mixed_farming,low,masonry,740.0,472089.0,22,0,0,6.8,0,0.0,0.0
SYN-002108,0.507,viticulture,high,masonry,627.0,349087.0,35,0,1,4.3,0,0.0,0.0
SYN-002109,0.765,livestock,high,mixed,1817.0,648065.0,49,0,0,14.1,0,0.0,0.0
SYN-002110,0.523,crop_farming,medium,mixed,1013.0,547044.0,31,0,0,19.4,0,0.0,0.0
SYN-002111,0.556,livestock,medium,mixed,3146.0,821609.0,5,0,0,13.5,0,0.0,0.0
SYN-002112,0.804,livestock,low,wood,1057.0,538342.0,15,1,0,19.1,0,0.0,0.0
SYN-002113,0.976,crop_farming,low,mixed,3040.0,1212983.0,15,0,0,2.1,0,0.0,0.0
SYN-002114,0.853,mixed_farming,high,masonry,494.0,148016.0,57,0,0,6.1,0,0.0,0.0
SYN-002115,0.474,crop_farming,low,masonry,391.0,355906.0,73,0,0,7.9,0,0.0,0.0
SYN-002116,0.588,viticulture,medium,masonry,2078.0,533446.0,65,0,1,3.3,0,0.0,0.0
SYN-002117,0.878,crop_farming,high,masonry,896.0,469273.0,40,0,1,11.8,0,0.0,0.0
SYN-002118,0.565,crop_farming,medium,masonry,1021.0,493814.0,13,0,0,13.9,0,0.0,0.0
SYN-002119,0.844,crop_farming,medium,masonry,628.0,373114.0,73,0,0,10.3,0,0.0,0.0
SYN-002120,0.683,crop_farming,low,mixed,598.0,263308.0,39,0,1,4.6,0,0.0,0.0
SYN-002121,0.931,crop_farming,low,mixed,1832.0,981216.0,61,0,0,3.6,1,27905.69,27905.69
SYN-002122,0.615,crop_farming,low,masonry,1197.0,590085.0,27,0,1,14.7,0,0.0,0.0
SYN-002123,0.961,crop_farming,low,masonry,608.0,288359.0,27,0,0,4.7,0,0.0,0.0
SYN-002124,0.644,crop_farming,low,masonry,2026.0,726257.0,46,0,1,18.2,0,0.0,0.0
SYN-002125,0.836,livestock,low,masonry,2601.0,973897.0,57,0,1,3.0,0,0.0,0.0
SYN-002126,0.517,livestock,low,masonry,1129.0,395808.0,8,0,1,16.0,0,0.0,0.0
SYN-002127,0.718,livestock,low,masonry,2326.0,1157780.0,33,1,1,4.4,0,0.0,0.0
SYN-002128,0.586,livestock,high,masonry,632.0,238092.0,75,0,0,4.5,0,0.0,0.0
SYN-002129,0.408,crop_farming,low,wood,1764.0,518351.0,49,0,1,1.4,0,0.0,0.0
SYN-002130,0.662,crop_farming,medium,masonry,1346.0,395683.0,6,0,1,2.6,0,0.0,0.0
SYN-002131,0.503,crop_farming,high,mixed,725.0,266400.0,52,2,1,10.6,1,11794.31,11794.31
SYN-002132,0.975,mixed_farming,low,masonry,4603.0,1891542.0,66,0,1,11.9,0,0.0,0.0
SYN-002133,0.885,viticulture,medium,masonry,1410.0,723385.0,69,0,0,40.0,0,0.0,0.0
SYN-002134,0.844,viticulture,high,masonry,825.0,471703.0,16,0,1,11.3,0,0.0,0.0
SYN-002135,0.672,livestock,medium,wood,1228.0,425763.0,15,0,0,13.5,0,0.0,0.0
SYN-002136,0.555,livestock,low,masonry,689.0,177130.0,62,0,1,4.4,0,0.0,0.0
SYN-002137,0.595,livestock,medium,masonry,571.0,258316.0,72,0,1,4.5,0,0.0,0.0
SYN-002138,0.523,mixed_farming,medium,wood,905.0,451847.0,23,0,0,7.4,0,0.0,0.0
SYN-002139,0.731,mixed_farming,medium,masonry,946.0,703441.0,14,0,1,6.9,0,0.0,0.0
SYN-002140,0.887,mixed_farming,low,masonry,719.0,244132.0,64,0,1,9.1,0,0.0,0.0
SYN-002141,0.512,mixed_farming,low,mixed,2733.0,856446.0,62,0,1,1.8,0,0.0,0.0
SYN-002142,0.403,livestock,high,masonry,737.0,433390.0,74,0,0,1.4,1,3518.05,3518.05
SYN-002143,0.475,mixed_farming,low,wood,661.0,325531.0,57,0,0,18.9,0,0.0,0.0
SYN-002144,0.677,mixed_farming,low,masonry,561.0,234604.0,75,0,1,16.9,0,0.0,0.0
SYN-002145,0.411,livestock,medium,mixed,527.0,241196.0,66,1,0,2.1,0,0.0,0.0
SYN-002146,0.642,viticulture,high,masonry,2363.0,751276.0,70,0,1,4.7,0,0.0,0.0
SYN-002147,0.467,crop_farming,low,mixed,1433.0,462966.0,62,0,1,11.9,1,17717.19,17717.19
SYN-002148,0.465,viticulture,low,mixed,1898.0,849140.0,35,0,1,13.9,0,0.0,0.0
SYN-002149,0.828,mixed_farming,medium,mixed,2350.0,1225983.0,9,0,1,20.6,0,0.0,0.0
SYN-002150,1.0,crop_farming,medium,wood,976.0,399509.0,35,0,1,6.4,0,0.0,0.0
SYN-002151,0.517,mixed_farming,medium,mixed,3156.0,1283413.0,22,0,1,4.1,0,0.0,0.0
SYN-002152,0.538,crop_farming,high,masonry,806.0,270467.0,77,0,1,3.5,0,0.0,0.0
SYN-002153,0.578,mixed_farming,low,masonry,595.0,180260.0,29,0,0,2.5,0,0.0,0.0
SYN-002154,0.871,mixed_farming,low,masonry,1545.0,413249.0,72,0,1,17.7,0,0.0,0.0
SYN-002155,0.704,mixed_farming,medium,masonry,1331.0,397801.0,29,0,1,2.1,0,0.0,0.0
SYN-002156,0.742,mixed_farming,low,masonry,1330.0,701391.0,39,1,0,17.7,0,0.0,0.0
SYN-002157,0.728,crop_farming,medium,mixed,2345.0,847927.0,56,0,0,5.9,0,0.0,0.0
SYN-002158,0.962,crop_farming,medium,mixed,1299.0,418691.0,32,0,1,10.7,0,0.0,0.0
SYN-002159,0.421,livestock,low,wood,1485.0,694505.0,56,0,1,9.8,0,0.0,0.0
SYN-002160,0.495,crop_farming,medium,masonry,2933.0,1040440.0,8,0,1,2.4,0,0.0,0.0
SYN-002161,0.629,livestock,low,mixed,1441.0,476406.0,48,0,1,3.7,0,0.0,0.0
SYN-002162,0.693,crop_farming,medium,mixed,1671.0,632059.0,29,0,1,16.5,0,0.0,0.0
SYN-002163,0.468,livestock,medium,wood,482.0,322146.0,14,0,0,7.0,0,0.0,0.0
SYN-002164,0.936,livestock,medium,mixed,13595.0,3416914.0,38,0,0,26.0,0,0.0,0.0
SYN-002165,0.807,mixed_farming,low,masonry,431.0,230676.0,10,0,0,4.4,0,0.0,0.0
SYN-002166,0.959,crop_farming,high,masonry,854.0,383249.0,67,0,0,9.7,0,0.0,0.0
SYN-002167,0.964,mixed_farming,high,wood,837.0,257062.0,73,1,1,3.0,0,0.0,0.0
SYN-002168,0.708,livestock,high,mixed,4771.0,2292709.0,26,0,0,13.1,0,0.0,0.0
SYN-002169,0.912,livestock,high,mixed,820.0,190249.0,27,0,1,8.3,0,0.0,0.0
SYN-002170,0.842,livestock,low,mixed,1615.0,579268.0,25,1,0,2.0,0,0.0,0.0
SYN-002171,0.616,livestock,medium,mixed,841.0,253991.0,68,0,1,10.3,0,0.0,0.0
SYN-002172,0.794,crop_farming,low,mixed,616.0,192066.0,3,0,1,13.7,0,0.0,0.0
SYN-002173,0.972,livestock,high,wood,1756.0,735652.0,11,0,0,8.1,0,0.0,0.0
SYN-002174,0.858,crop_farming,low,wood,760.0,342320.0,4,0,0,5.9,0,0.0,0.0
SYN-002175,0.826,livestock,low,masonry,1387.0,358715.0,50,0,1,6.8,0,0.0,0.0
SYN-002176,0.533,livestock,medium,masonry,1821.0,676915.0,65,0,1,12.6,0,0.0,0.0
SYN-002177,0.899,livestock,low,masonry,4186.0,2019461.0,54,0,0,13.5,0,0.0,0.0
SYN-002178,0.634,mixed_farming,medium,masonry,534.0,231705.0,14,0,1,6.8,0,0.0,0.0
SYN-002179,0.774,crop_farming,low,mixed,1097.0,345648.0,32,1,1,3.0,0,0.0,0.0
SYN-002180,0.807,viticulture,medium,mixed,1127.0,517123.0,78,0,1,15.0,0,0.0,0.0
SYN-002181,0.709,mixed_farming,high,masonry,1213.0,585964.0,67,0,1,10.7,0,0.0,0.0
SYN-002182,0.499,viticulture,medium,masonry,6436.0,2040873.0,5,0,0,3.0,0,0.0,0.0
SYN-002183,0.818,mixed_farming,low,masonry,1083.0,380939.0,13,0,1,7.5,0,0.0,0.0
SYN-002184,0.548,crop_farming,low,mixed,235.0,139252.0,65,1,1,6.8,0,0.0,0.0
SYN-002185,0.559,livestock,low,mixed,1065.0,615404.0,53,1,1,8.4,1,8065.58,8065.58
SYN-002186,0.476,crop_farming,low,masonry,1122.0,550474.0,10,0,0,5.8,0,0.0,0.0
SYN-002187,0.772,mixed_farming,medium,masonry,1036.0,320461.0,20,1,0,14.4,0,0.0,0.0
SYN-002188,0.47,mixed_farming,low,mixed,760.0,422425.0,51,0,1,10.0,0,0.0,0.0
SYN-002189,0.607,crop_farming,low,masonry,513.0,193512.0,64,0,0,6.0,0,0.0,0.0
SYN-002190,0.934,viticulture,low,mixed,4933.0,2411994.0,61,0,0,14.9,0,0.0,0.0
SYN-002191,0.672,crop_farming,high,wood,1491.0,643547.0,7,0,1,6.7,0,0.0,0.0
SYN-002192,0.937,livestock,low,masonry,1070.0,537331.0,19,1,1,13.9,0,0.0,0.0
SYN-002193,0.696,mixed_farming,low,masonry,4832.0,1626321.0,45,1,1,15.6,1,8791.99,8791.99
SYN-002194,0.507,crop_farming,medium,masonry,689.0,441073.0,45,0,0,5.7,0,0.0,0.0
SYN-002195,0.855,mixed_farming,low,masonry,1793.0,704455.0,78,0,1,1.1,0,0.0,0.0
SYN-002196,0.612,mixed_farming,high,masonry,538.0,360830.0,63,0,1,8.4,0,0.0,0.0
SYN-002197,0.98,crop_farming,low,masonry,1974.0,891739.0,23,0,1,10.7,0,0.0,0.0
SYN-002198,0.557,livestock,medium,masonry,580.0,204732.0,14,0,1,14.0,0,0.0,0.0
SYN-002199,0.893,crop_farming,medium,mixed,1646.0,673892.0,4,0,0,1.6,0,0.0,0.0
SYN-002200,0.696,mixed_farming,high,masonry,4314.0,1065382.0,42,1,0,12.9,0,0.0,0.0
SYN-002201,0.905,crop_farming,medium,mixed,1288.0,369623.0,13,0,1,2.8,0,0.0,0.0
SYN-002202,0.51,viticulture,medium,masonry,291.0,166200.0,43,1,0,25.9,0,0.0,0.0
SYN-002203,0.78,mixed_farming,medium,masonry,1240.0,528171.0,51,0,0,8.0,1,28681.03,28681.03
SYN-002204,0.468,crop_farming,medium,masonry,1656.0,389500.0,62,0,1,17.5,0,0.0,0.0
SYN-002205,0.883,livestock,medium,masonry,2177.0,633039.0,43,0,0,21.9,1,35832.5,35832.5
SYN-002206,0.541,mixed_farming,medium,masonry,3158.0,1182330.0,29,0,0,16.7,0,0.0,0.0
SYN-002207,0.657,mixed_farming,medium,mixed,3265.0,1757954.0,69,0,0,19.9,0,0.0,0.0
SYN-002208,0.794,livestock,low,wood,1113.0,426130.0,52,0,1,15.1,0,0.0,0.0
SYN-002209,0.687,crop_farming,low,masonry,789.0,390225.0,54,0,1,12.1,0,0.0,0.0
SYN-002210,0.867,crop_farming,medium,masonry,586.0,226078.0,77,0,0,10.5,0,0.0,0.0
SYN-002211,0.813,viticulture,low,masonry,853.0,252191.0,77,0,0,23.2,0,0.0,0.0
SYN-002212,0.478,livestock,medium,mixed,1652.0,464880.0,57,0,0,9.0,0,0.0,0.0
SYN-002213,0.864,mixed_farming,low,masonry,504.0,204155.0,13,0,0,20.1,1,1538.05,1538.05
SYN-002214,0.654,livestock,medium,masonry,664.0,366368.0,2,0,1,8.1,0,0.0,0.0
SYN-002215,0.759,viticulture,medium,wood,1747.0,671253.0,47,0,0,9.7,0,0.0,0.0
SYN-002216,0.53,crop_farming,medium,wood,796.0,305176.0,13,0,1,14.7,0,0.0,0.0
SYN-002217,0.654,crop_farming,medium,mixed,1541.0,772078.0,74,0,0,17.0,0,0.0,0.0
SYN-002218,0.89,viticulture,low,masonry,714.0,341771.0,32,1,1,6.6,0,0.0,0.0
SYN-002219,0.956,viticulture,low,masonry,1461.0,629340.0,21,0,1,12.8,0,0.0,0.0
SYN-002220,0.963,livestock,medium,masonry,734.0,262862.0,33,0,1,12.4,0,0.0,0.0
SYN-002221,0.82,livestock,high,mixed,352.0,264928.0,57,0,0,3.5,0,0.0,0.0
SYN-002222,0.447,livestock,medium,mixed,2256.0,772092.0,27,1,0,12.5,0,0.0,0.0
SYN-002223,0.666,livestock,medium,masonry,771.0,331589.0,11,0,1,19.9,0,0.0,0.0
SYN-002224,0.516,crop_farming,medium,wood,1031.0,552628.0,36,0,1,3.4,0,0.0,0.0
SYN-002225,0.819,mixed_farming,medium,masonry,773.0,401771.0,38,0,1,5.0,0,0.0,0.0
SYN-002226,0.497,crop_farming,medium,mixed,1727.0,924554.0,76,0,1,8.0,0,0.0,0.0
SYN-002227,0.987,mixed_farming,medium,masonry,1505.0,585262.0,6,0,1,2.5,0,0.0,0.0
SYN-002228,0.517,crop_farming,low,masonry,1724.0,903040.0,65,0,1,12.2,0,0.0,0.0
SYN-002229,0.432,crop_farming,low,masonry,848.0,314685.0,24,0,1,3.9,0,0.0,0.0
SYN-002230,0.906,mixed_farming,medium,mixed,1173.0,664559.0,12,1,1,2.6,0,0.0,0.0
SYN-002231,0.521,livestock,medium,masonry,1589.0,762108.0,11,0,1,13.5,0,0.0,0.0
SYN-002232,0.414,mixed_farming,medium,masonry,3309.0,1123474.0,36,0,0,8.0,0,0.0,0.0
SYN-002233,0.729,crop_farming,low,mixed,1479.0,492340.0,51,0,0,3.7,1,9818.93,9818.93
SYN-002234,0.982,viticulture,low,mixed,631.0,360724.0,55,0,1,5.3,0,0.0,0.0
SYN-002235,0.56,mixed_farming,medium,mixed,1442.0,547992.0,61,0,1,17.3,0,0.0,0.0
SYN-002236,0.645,mixed_farming,low,mixed,1089.0,622627.0,14,0,1,9.0,0,0.0,0.0
SYN-002237,0.542,crop_farming,high,mixed,331.0,173170.0,49,0,1,10.0,0,0.0,0.0
SYN-002238,0.735,livestock,low,mixed,365.0,228803.0,5,1,1,2.8,0,0.0,0.0
SYN-002239,0.594,livestock,medium,masonry,1161.0,419445.0,35,0,0,7.2,0,0.0,0.0
SYN-002240,0.755,livestock,medium,masonry,1226.0,553549.0,77,0,0,12.7,0,0.0,0.0
SYN-002241,0.687,crop_farming,low,masonry,1001.0,531445.0,49,0,1,3.0,0,0.0,0.0
SYN-002242,0.957,crop_farming,low,masonry,2153.0,767770.0,63,0,1,3.2,0,0.0,0.0
SYN-002243,0.802,livestock,low,masonry,660.0,228242.0,5,0,1,4.0,0,0.0,0.0
SYN-002244,0.81,crop_farming,low,masonry,492.0,299723.0,71,0,1,13.7,0,0.0,0.0
SYN-002245,0.692,livestock,low,masonry,709.0,288980.0,31,0,1,3.4,0,0.0,0.0
SYN-002246,0.582,crop_farming,medium,mixed,815.0,228115.0,63,0,0,7.8,0,0.0,0.0
SYN-002247,0.588,crop_farming,low,mixed,1167.0,306270.0,29,0,0,2.3,1,3522.32,3522.32
SYN-002248,0.702,mixed_farming,medium,mixed,722.0,490700.0,55,0,1,3.2,0,0.0,0.0
SYN-002249,0.515,livestock,low,wood,301.0,269827.0,44,0,1,12.2,0,0.0,0.0
SYN-002250,0.479,livestock,high,masonry,228.0,157978.0,62,0,1,15.2,0,0.0,0.0
SYN-002251,0.623,livestock,medium,masonry,1313.0,577601.0,75,0,1,6.0,0,0.0,0.0
SYN-002252,0.478,mixed_farming,high,masonry,582.0,313748.0,43,0,1,2.2,0,0.0,0.0
SYN-002253,0.538,livestock,high,masonry,329.0,183517.0,3,0,1,7.9,0,0.0,0.0
SYN-002254,0.721,mixed_farming,low,masonry,1819.0,722346.0,21,1,0,9.2,0,0.0,0.0
SYN-002255,0.874,viticulture,medium,wood,3309.0,989573.0,27,0,1,3.4,0,0.0,0.0
SYN-002256,0.535,livestock,low,masonry,1140.0,416383.0,8,1,1,6.5,0,0.0,0.0
SYN-002257,0.875,viticulture,high,masonry,1443.0,688473.0,39,0,1,2.9,0,0.0,0.0
SYN-002258,0.409,mixed_farming,medium,masonry,1451.0,702972.0,48,0,1,2.3,0,0.0,0.0
SYN-002259,0.998,crop_farming,medium,masonry,269.0,239122.0,41,0,1,6.4,0,0.0,0.0
SYN-002260,0.71,livestock,high,mixed,2159.0,866426.0,18,1,0,4.2,0,0.0,0.0
SYN-002261,0.686,mixed_farming,high,mixed,2713.0,1029417.0,30,0,1,16.8,0,0.0,0.0
SYN-002262,0.79,viticulture,high,mixed,3999.0,1766982.0,66,0,0,13.9,0,0.0,0.0
SYN-002263,0.685,livestock,low,mixed,912.0,501871.0,11,0,1,8.0,0,0.0,0.0
SYN-002264,0.645,crop_farming,low,masonry,580.0,359168.0,43,0,0,3.5,0,0.0,0.0
SYN-002265,0.623,livestock,low,masonry,2931.0,1608769.0,64,1,1,15.5,0,0.0,0.0
SYN-002266,0.987,crop_farming,medium,mixed,1676.0,539220.0,80,0,0,9.4,0,0.0,0.0
SYN-002267,0.917,mixed_farming,medium,masonry,2140.0,1030772.0,42,0,0,9.6,0,0.0,0.0
SYN-002268,0.701,livestock,low,masonry,796.0,268438.0,31,1,0,5.9,0,0.0,0.0
SYN-002269,0.902,mixed_farming,medium,masonry,1446.0,370247.0,51,0,0,14.0,0,0.0,0.0
SYN-002270,0.489,mixed_farming,low,mixed,611.0,285491.0,34,0,1,5.7,0,0.0,0.0
SYN-002271,0.718,mixed_farming,medium,masonry,1208.0,317772.0,64,0,0,1.6,0,0.0,0.0
SYN-002272,0.67,mixed_farming,high,wood,967.0,656625.0,22,0,1,2.5,0,0.0,0.0
SYN-002273,0.595,mixed_farming,medium,masonry,5560.0,1296261.0,25,0,0,24.5,0,0.0,0.0
SYN-002274,0.951,mixed_farming,medium,masonry,1731.0,498655.0,23,0,1,4.3,1,23302.2,23302.2
SYN-002275,0.899,mixed_farming,low,masonry,299.0,137374.0,63,0,0,19.3,0,0.0,0.0
SYN-002276,0.944,crop_farming,low,masonry,1211.0,559513.0,39,1,1,4.4,0,0.0,0.0
SYN-002277,0.781,livestock,medium,masonry,1540.0,510533.0,59,0,1,8.1,0,0.0,0.0
SYN-002278,0.626,crop_farming,medium,mixed,891.0,411696.0,6,0,1,16.3,0,0.0,0.0
SYN-002279,0.854,mixed_farming,low,masonry,592.0,314396.0,62,0,1,10.3,0,0.0,0.0
SYN-002280,0.465,mixed_farming,high,masonry,1862.0,422128.0,67,1,0,7.5,0,0.0,0.0
SYN-002281,0.912,livestock,medium,masonry,649.0,362491.0,11,0,1,7.3,0,0.0,0.0
SYN-002282,0.417,crop_farming,high,masonry,1762.0,446411.0,8,0,1,12.6,0,0.0,0.0
SYN-002283,0.891,livestock,medium,wood,614.0,330192.0,45,0,1,6.2,0,0.0,0.0
SYN-002284,0.822,mixed_farming,high,masonry,857.0,480340.0,73,0,1,24.0,0,0.0,0.0
SYN-002285,0.453,crop_farming,low,mixed,2256.0,1123774.0,68,0,1,2.0,0,0.0,0.0
SYN-002286,0.488,crop_farming,low,masonry,1666.0,755862.0,32,0,1,4.6,0,0.0,0.0
SYN-002287,0.671,mixed_farming,high,masonry,1237.0,733643.0,75,0,0,4.1,0,0.0,0.0
SYN-002288,0.58,mixed_farming,high,mixed,1189.0,344645.0,37,1,1,6.7,0,0.0,0.0
SYN-002289,0.92,crop_farming,medium,masonry,1285.0,773363.0,54,0,0,9.1,0,0.0,0.0
SYN-002290,0.516,crop_farming,low,wood,725.0,216041.0,78,0,1,28.6,0,0.0,0.0
SYN-002291,0.65,viticulture,low,masonry,452.0,231641.0,15,0,1,5.4,0,0.0,0.0
SYN-002292,0.556,mixed_farming,medium,masonry,1755.0,643640.0,60,0,1,12.0,0,0.0,0.0
SYN-002293,0.476,mixed_farming,high,wood,3277.0,1538234.0,34,0,1,3.2,0,0.0,0.0
SYN-002294,0.556,livestock,low,masonry,1795.0,878463.0,23,0,0,2.7,0,0.0,0.0
SYN-002295,0.916,crop_farming,low,wood,1430.0,476919.0,34,1,1,12.4,0,0.0,0.0
SYN-002296,0.829,crop_farming,medium,wood,553.0,179789.0,25,0,1,9.0,0,0.0,0.0
SYN-002297,0.949,mixed_farming,medium,masonry,2143.0,1019643.0,49,1,0,3.8,0,0.0,0.0
SYN-002298,0.643,crop_farming,medium,masonry,1657.0,855584.0,12,2,1,8.3,0,0.0,0.0
SYN-002299,0.544,crop_farming,medium,mixed,1986.0,552657.0,48,1,1,4.3,0,0.0,0.0
SYN-002300,0.416,mixed_farming,high,masonry,2373.0,1130979.0,52,1,0,13.8,0,0.0,0.0
SYN-002301,0.697,viticulture,low,mixed,3398.0,1334076.0,65,1,0,7.4,1,36828.63,36828.63
SYN-002302,0.424,mixed_farming,medium,masonry,587.0,295884.0,53,0,1,1.7,0,0.0,0.0
SYN-002303,0.403,livestock,medium,masonry,524.0,156265.0,56,1,1,17.9,0,0.0,0.0
SYN-002304,0.763,livestock,medium,masonry,1334.0,792312.0,72,0,1,16.6,0,0.0,0.0
SYN-002305,0.499,livestock,high,mixed,665.0,200013.0,48,2,1,10.7,0,0.0,0.0
SYN-002306,0.736,livestock,medium,mixed,595.0,333051.0,23,0,1,3.8,0,0.0,0.0
SYN-002307,0.744,livestock,medium,mixed,2679.0,830080.0,61,0,0,1.0,0,0.0,0.0
SYN-002308,0.834,livestock,low,masonry,629.0,315805.0,6,0,0,10.3,0,0.0,0.0
SYN-002309,0.63,mixed_farming,medium,masonry,1203.0,409262.0,32,1,0,13.6,0,0.0,0.0
SYN-002310,0.823,mixed_farming,low,masonry,420.0,235346.0,18,0,1,2.9,0,0.0,0.0
SYN-002311,0.62,viticulture,low,masonry,1263.0,348335.0,66,0,1,10.9,0,0.0,0.0
SYN-002312,0.459,crop_farming,medium,masonry,2615.0,871267.0,78,0,1,4.3,0,0.0,0.0
SYN-002313,0.586,livestock,medium,mixed,2666.0,993026.0,27,0,1,11.7,0,0.0,0.0
SYN-002314,0.405,crop_farming,high,masonry,2390.0,1040664.0,80,0,1,2.9,0,0.0,0.0
SYN-002315,0.677,livestock,medium,masonry,1152.0,478177.0,77,0,1,12.6,0,0.0,0.0
SYN-002316,0.844,crop_farming,high,mixed,2496.0,628063.0,29,0,1,8.0,0,0.0,0.0
SYN-002317,0.871,crop_farming,low,masonry,1603.0,381929.0,17,1,0,2.3,0,0.0,0.0
SYN-002318,0.539,mixed_farming,medium,wood,911.0,347508.0,40,0,0,3.5,0,0.0,0.0
SYN-002319,0.463,livestock,high,masonry,1553.0,385214.0,70,1,0,13.1,0,0.0,0.0
SYN-002320,0.511,viticulture,medium,masonry,2155.0,610750.0,68,1,0,5.6,0,0.0,0.0
SYN-002321,0.99,crop_farming,high,wood,511.0,189574.0,59,0,1,2.0,0,0.0,0.0
SYN-002322,0.587,crop_farming,medium,mixed,608.0,262562.0,39,0,0,7.4,0,0.0,0.0
SYN-002323,0.658,livestock,low,mixed,1104.0,326524.0,35,1,1,5.6,0,0.0,0.0
SYN-002324,0.445,crop_farming,medium,masonry,548.0,292830.0,77,0,0,8.9,0,0.0,0.0
SYN-002325,0.874,crop_farming,low,masonry,543.0,273563.0,45,0,0,17.2,0,0.0,0.0
SYN-002326,0.669,viticulture,low,mixed,922.0,472165.0,68,1,0,4.9,0,0.0,0.0
SYN-002327,0.452,crop_farming,low,masonry,2310.0,922567.0,67,0,1,3.2,0,0.0,0.0
SYN-002328,0.684,crop_farming,low,mixed,2281.0,620228.0,60,0,1,3.1,0,0.0,0.0
SYN-002329,0.828,livestock,medium,masonry,1493.0,625206.0,71,0,1,17.8,0,0.0,0.0
SYN-002330,0.684,livestock,high,masonry,1363.0,451901.0,51,1,0,1.4,0,0.0,0.0
SYN-002331,0.981,mixed_farming,medium,masonry,4707.0,1842990.0,36,0,1,9.0,0,0.0,0.0
SYN-002332,0.923,livestock,high,mixed,854.0,521061.0,17,1,1,6.6,1,42949.72,42949.72
SYN-002333,0.709,mixed_farming,medium,masonry,1418.0,671662.0,5,1,1,11.1,0,0.0,0.0
SYN-002334,0.964,crop_farming,low,wood,826.0,449327.0,15,0,1,8.8,0,0.0,0.0
SYN-002335,0.887,livestock,low,masonry,525.0,210885.0,79,1,1,7.8,0,0.0,0.0
SYN-002336,0.621,mixed_farming,high,masonry,2618.0,857909.0,70,0,0,14.5,1,23788.39,23788.39
SYN-002337,0.863,mixed_farming,medium,masonry,994.0,537397.0,38,1,1,9.6,0,0.0,0.0
SYN-002338,0.704,livestock,high,mixed,1904.0,524806.0,20,0,1,7.5,0,0.0,0.0
SYN-002339,0.723,livestock,low,mixed,1033.0,280150.0,9,1,1,11.7,0,0.0,0.0
SYN-002340,0.712,crop_farming,medium,masonry,2725.0,1409816.0,20,1,0,7.0,0,0.0,0.0
SYN-002341,0.882,crop_farming,medium,masonry,634.0,277899.0,20,1,1,7.8,1,11699.52,11699.52
SYN-002342,0.951,crop_farming,high,mixed,2583.0,1396649.0,68,0,1,2.0,0,0.0,0.0
SYN-002343,0.592,mixed_farming,low,masonry,2167.0,1067773.0,58,0,1,20.1,0,0.0,0.0
SYN-002344,0.785,crop_farming,high,mixed,377.0,281133.0,4,1,1,10.8,0,0.0,0.0
SYN-002345,0.777,mixed_farming,medium,mixed,866.0,448620.0,1,0,1,10.7,0,0.0,0.0
SYN-002346,0.932,crop_farming,high,masonry,2353.0,782164.0,58,0,0,8.7,0,0.0,0.0
SYN-002347,0.668,mixed_farming,medium,mixed,3513.0,1786352.0,11,0,0,22.3,0,0.0,0.0
SYN-002348,0.514,mixed_farming,medium,mixed,1930.0,917406.0,50,1,1,13.2,0,0.0,0.0
SYN-002349,0.522,crop_farming,medium,masonry,937.0,443269.0,36,0,1,1.1,0,0.0,0.0
SYN-002350,0.431,crop_farming,high,masonry,646.0,338492.0,4,0,0,8.6,0,0.0,0.0
SYN-002351,0.46,crop_farming,low,masonry,1752.0,905318.0,53,0,0,11.9,0,0.0,0.0
SYN-002352,0.581,mixed_farming,medium,mixed,919.0,484872.0,15,0,0,22.9,0,0.0,0.0
SYN-002353,0.462,crop_farming,medium,mixed,945.0,321602.0,19,0,1,4.6,0,0.0,0.0
SYN-002354,0.923,livestock,medium,masonry,1048.0,309155.0,24,0,1,5.5,0,0.0,0.0
SYN-002355,0.617,livestock,medium,masonry,2150.0,747516.0,76,0,0,9.0,0,0.0,0.0
SYN-002356,0.621,mixed_farming,medium,masonry,3921.0,1862429.0,19,0,1,7.4,0,0.0,0.0
SYN-002357,0.855,livestock,medium,masonry,2362.0,634011.0,21,0,1,4.2,0,0.0,0.0
SYN-002358,0.581,livestock,medium,masonry,1220.0,579696.0,14,0,1,3.0,0,0.0,0.0
SYN-002359,0.829,viticulture,medium,masonry,676.0,315001.0,72,0,1,12.3,0,0.0,0.0
SYN-002360,0.893,crop_farming,medium,masonry,1870.0,1037886.0,69,0,1,4.9,0,0.0,0.0
SYN-002361,0.616,mixed_farming,high,mixed,3578.0,1691640.0,77,0,1,11.9,0,0.0,0.0
SYN-002362,0.687,crop_farming,medium,mixed,2327.0,952828.0,74,0,1,6.3,0,0.0,0.0
SYN-002363,0.593,livestock,low,masonry,1387.0,507710.0,41,0,1,5.4,0,0.0,0.0
SYN-002364,0.654,mixed_farming,medium,mixed,882.0,507305.0,15,0,1,12.2,0,0.0,0.0
SYN-002365,0.748,mixed_farming,low,masonry,1517.0,602019.0,34,1,0,3.0,0,0.0,0.0
SYN-002366,0.61,mixed_farming,low,masonry,2567.0,985141.0,47,0,0,4.7,1,14231.67,14231.67
SYN-002367,0.678,crop_farming,medium,wood,1410.0,843431.0,64,1,1,8.6,0,0.0,0.0
SYN-002368,0.698,livestock,medium,masonry,1133.0,505080.0,35,0,1,8.6,0,0.0,0.0
SYN-002369,0.415,livestock,medium,masonry,775.0,419102.0,4,0,0,12.0,0,0.0,0.0
SYN-002370,0.498,livestock,high,masonry,6523.0,2307709.0,31,0,1,10.4,0,0.0,0.0
SYN-002371,0.725,livestock,low,mixed,679.0,304136.0,45,0,1,11.2,0,0.0,0.0
SYN-002372,0.402,livestock,low,masonry,640.0,406387.0,77,2,1,8.6,0,0.0,0.0
SYN-002373,0.823,livestock,low,wood,1348.0,620190.0,49,0,1,4.6,0,0.0,0.0
SYN-002374,0.943,crop_farming,low,masonry,1063.0,660762.0,4,0,0,8.6,0,0.0,0.0
SYN-002375,0.853,livestock,medium,masonry,2357.0,1200100.0,43,0,1,8.4,0,0.0,0.0
SYN-002376,0.588,crop_farming,medium,masonry,2409.0,634186.0,78,0,1,5.6,0,0.0,0.0
SYN-002377,0.67,mixed_farming,medium,mixed,550.0,173965.0,32,0,1,15.8,0,0.0,0.0
SYN-002378,0.79,mixed_farming,low,masonry,742.0,350099.0,26,0,1,9.7,0,0.0,0.0
SYN-002379,0.808,crop_farming,medium,wood,686.0,389943.0,1,2,0,1.9,0,0.0,0.0
SYN-002380,0.986,mixed_farming,low,wood,2018.0,984496.0,46,0,1,0.8,0,0.0,0.0
SYN-002381,0.696,mixed_farming,medium,masonry,1601.0,607231.0,23,0,1,20.3,0,0.0,0.0
SYN-002382,0.55,crop_farming,medium,masonry,952.0,390998.0,75,0,0,30.6,0,0.0,0.0
SYN-002383,0.617,crop_farming,low,masonry,1395.0,614160.0,21,0,1,2.7,0,0.0,0.0
SYN-002384,0.953,crop_farming,high,mixed,583.0,309042.0,52,0,1,4.8,0,0.0,0.0
SYN-002385,0.78,crop_farming,medium,mixed,748.0,340640.0,52,0,1,3.2,0,0.0,0.0
SYN-002386,0.919,mixed_farming,low,masonry,521.0,311827.0,62,0,1,12.2,0,0.0,0.0
SYN-002387,0.834,viticulture,medium,wood,1332.0,524001.0,31,0,1,1.1,0,0.0,0.0
SYN-002388,0.979,crop_farming,medium,masonry,1329.0,484778.0,8,2,1,6.2,0,0.0,0.0
SYN-002389,0.701,mixed_farming,low,mixed,639.0,276687.0,14,0,1,4.0,0,0.0,0.0
SYN-002390,0.97,crop_farming,low,mixed,1594.0,550331.0,46,0,0,12.1,0,0.0,0.0
SYN-002391,0.932,mixed_farming,medium,masonry,2409.0,1186884.0,24,0,1,2.3,0,0.0,0.0
SYN-002392,0.906,mixed_farming,high,masonry,620.0,454087.0,25,0,1,13.6,0,0.0,0.0
SYN-002393,0.963,livestock,medium,masonry,980.0,469659.0,9,0,0,0.9,0,0.0,0.0
SYN-002394,0.715,crop_farming,medium,wood,1692.0,858318.0,34,2,0,3.4,0,0.0,0.0
SYN-002395,0.846,mixed_farming,medium,masonry,1207.0,566426.0,46,1,1,2.0,0,0.0,0.0
SYN-002396,0.733,viticulture,medium,mixed,497.0,409249.0,19,0,1,11.3,0,0.0,0.0
SYN-002397,0.866,crop_farming,low,masonry,910.0,394545.0,60,0,0,5.3,0,0.0,0.0
SYN-002398,0.858,crop_farming,medium,masonry,891.0,459351.0,50,0,0,10.5,0,0.0,0.0
SYN-002399,0.855,crop_farming,high,wood,1085.0,443790.0,31,1,1,3.7,0,0.0,0.0
SYN-002400,0.657,livestock,high,masonry,1115.0,311157.0,43,0,1,3.7,1,3670.5,3670.5
SYN-002401,0.878,mixed_farming,high,mixed,3354.0,1484201.0,64,0,1,4.2,0,0.0,0.0
SYN-002402,0.926,mixed_farming,low,masonry,1058.0,374736.0,11,0,0,13.4,0,0.0,0.0
SYN-002403,0.782,mixed_farming,medium,masonry,397.0,169681.0,26,0,0,6.1,0,0.0,0.0
SYN-002404,0.673,mixed_farming,medium,masonry,1286.0,494581.0,59,0,1,13.6,0,0.0,0.0
SYN-002405,0.912,mixed_farming,low,masonry,3775.0,1981923.0,58,1,0,13.5,0,0.0,0.0
SYN-002406,0.867,crop_farming,low,mixed,1087.0,406585.0,23,0,0,21.4,0,0.0,0.0
SYN-002407,0.682,livestock,medium,masonry,912.0,457908.0,50,0,0,2.7,0,0.0,0.0
SYN-002408,0.748,crop_farming,medium,masonry,994.0,428733.0,47,0,0,15.5,0,0.0,0.0
SYN-002409,0.811,livestock,medium,masonry,1772.0,849191.0,47,0,1,11.8,0,0.0,0.0
SYN-002410,0.813,viticulture,low,mixed,991.0,302325.0,70,0,1,5.4,0,0.0,0.0
SYN-002411,0.587,mixed_farming,medium,mixed,453.0,319240.0,20,0,1,9.5,0,0.0,0.0
SYN-002412,0.576,viticulture,low,mixed,783.0,301886.0,32,0,0,4.5,0,0.0,0.0
SYN-002413,0.932,livestock,low,wood,1162.0,484818.0,35,0,1,2.6,0,0.0,0.0
SYN-002414,0.962,livestock,medium,masonry,1717.0,838159.0,52,0,1,18.6,0,0.0,0.0
SYN-002415,0.641,livestock,low,masonry,830.0,347604.0,56,2,1,2.5,0,0.0,0.0
SYN-002416,0.948,crop_farming,high,masonry,1000.0,444623.0,69,0,1,3.1,0,0.0,0.0
SYN-002417,0.682,crop_farming,medium,masonry,1248.0,331716.0,13,0,1,7.8,0,0.0,0.0
SYN-002418,0.5,livestock,low,mixed,731.0,462724.0,50,0,0,11.1,0,0.0,0.0
SYN-002419,0.84,crop_farming,low,mixed,1142.0,409928.0,14,0,1,14.0,0,0.0,0.0
SYN-002420,0.428,viticulture,medium,masonry,1642.0,826656.0,79,0,0,0.8,0,0.0,0.0
SYN-002421,0.468,crop_farming,low,wood,560.0,271698.0,1,0,1,6.4,0,0.0,0.0
SYN-002422,0.965,crop_farming,low,masonry,1479.0,577498.0,7,0,1,6.2,0,0.0,0.0
SYN-002423,0.711,mixed_farming,medium,mixed,597.0,274649.0,72,0,1,10.3,0,0.0,0.0
SYN-002424,0.56,crop_farming,low,masonry,604.0,359242.0,30,0,1,1.2,0,0.0,0.0
SYN-002425,0.688,viticulture,medium,mixed,788.0,640360.0,28,0,1,13.9,0,0.0,0.0
SYN-002426,0.747,mixed_farming,medium,masonry,2944.0,1557920.0,57,0,0,2.9,0,0.0,0.0
SYN-002427,0.783,crop_farming,low,wood,397.0,144961.0,11,0,1,8.2,0,0.0,0.0
SYN-002428,0.609,mixed_farming,medium,wood,896.0,352570.0,40,0,1,10.5,0,0.0,0.0
SYN-002429,0.632,mixed_farming,medium,masonry,1191.0,396601.0,26,0,1,2.9,0,0.0,0.0
SYN-002430,0.73,mixed_farming,medium,masonry,2588.0,796411.0,21,1,0,9.5,0,0.0,0.0
SYN-002431,0.776,mixed_farming,low,mixed,4299.0,2232735.0,16,0,1,11.6,0,0.0,0.0
SYN-002432,0.953,mixed_farming,medium,mixed,921.0,296880.0,27,0,1,3.8,0,0.0,0.0
SYN-002433,0.635,mixed_farming,low,masonry,1721.0,497139.0,40,1,1,4.9,0,0.0,0.0
SYN-002434,0.925,livestock,medium,mixed,1140.0,283770.0,58,0,1,4.2,1,7229.75,7229.75
SYN-002435,0.996,mixed_farming,low,wood,1135.0,623860.0,16,0,1,10.0,1,9771.13,9771.13
SYN-002436,0.603,viticulture,high,mixed,1448.0,651992.0,63,0,1,10.0,0,0.0,0.0
SYN-002437,0.416,mixed_farming,low,masonry,432.0,181245.0,15,0,1,17.0,0,0.0,0.0
SYN-002438,0.763,mixed_farming,high,wood,1175.0,695183.0,51,1,1,10.0,0,0.0,0.0
SYN-002439,0.942,livestock,high,masonry,1625.0,441775.0,31,0,0,12.2,0,0.0,0.0
SYN-002440,0.432,mixed_farming,medium,masonry,693.0,265018.0,72,1,1,8.7,0,0.0,0.0
SYN-002441,0.518,viticulture,low,wood,1632.0,897798.0,56,0,1,1.8,0,0.0,0.0
SYN-002442,0.806,crop_farming,medium,masonry,394.0,214861.0,42,0,1,16.0,1,8212.7,8212.7
SYN-002443,0.886,crop_farming,high,masonry,1288.0,675435.0,6,0,0,4.5,0,0.0,0.0
SYN-002444,0.452,livestock,medium,mixed,2900.0,1066114.0,66,0,1,13.3,0,0.0,0.0
SYN-002445,0.618,livestock,medium,mixed,1051.0,394299.0,80,1,1,4.8,0,0.0,0.0
SYN-002446,0.543,livestock,low,masonry,642.0,343287.0,9,0,1,10.1,0,0.0,0.0
SYN-002447,0.979,crop_farming,high,masonry,480.0,158616.0,44,0,1,20.3,0,0.0,0.0
SYN-002448,0.809,livestock,low,masonry,1562.0,777202.0,79,0,1,12.3,0,0.0,0.0
SYN-002449,0.685,mixed_farming,low,masonry,2215.0,868116.0,50,0,1,9.6,0,0.0,0.0
SYN-002450,0.917,mixed_farming,low,masonry,1169.0,443022.0,70,0,1,5.0,0,0.0,0.0
SYN-002451,0.723,mixed_farming,medium,masonry,897.0,327710.0,65,0,1,4.4,0,0.0,0.0
SYN-002452,0.947,mixed_farming,high,wood,345.0,239668.0,72,0,0,1.4,0,0.0,0.0
SYN-002453,0.543,mixed_farming,medium,mixed,1314.0,779751.0,24,0,1,1.5,0,0.0,0.0
SYN-002454,0.416,mixed_farming,low,mixed,774.0,244431.0,71,0,0,9.7,0,0.0,0.0
SYN-002455,0.657,mixed_farming,medium,wood,804.0,273270.0,14,0,1,10.3,0,0.0,0.0
SYN-002456,0.523,livestock,medium,wood,3466.0,1526702.0,68,0,1,12.9,0,0.0,0.0
SYN-002457,0.901,mixed_farming,medium,mixed,376.0,224929.0,46,0,1,11.1,0,0.0,0.0
SYN-002458,0.72,crop_farming,low,masonry,410.0,171768.0,7,0,1,2.7,0,0.0,0.0
SYN-002459,0.573,crop_farming,medium,mixed,1409.0,745668.0,56,0,1,9.3,0,0.0,0.0
SYN-002460,0.864,livestock,medium,masonry,943.0,503191.0,73,0,1,28.1,0,0.0,0.0
SYN-002461,0.716,mixed_farming,high,masonry,865.0,255894.0,71,0,0,17.1,0,0.0,0.0
SYN-002462,0.702,mixed_farming,medium,masonry,1447.0,415743.0,14,0,1,10.9,0,0.0,0.0
SYN-002463,0.508,crop_farming,low,masonry,1431.0,406510.0,68,0,1,10.3,0,0.0,0.0
SYN-002464,0.997,mixed_farming,medium,masonry,644.0,359436.0,70,0,1,6.3,0,0.0,0.0
SYN-002465,0.795,crop_farming,low,mixed,825.0,424720.0,78,1,0,4.8,0,0.0,0.0
SYN-002466,0.913,mixed_farming,high,masonry,1252.0,738345.0,45,0,0,14.0,0,0.0,0.0
SYN-002467,0.856,mixed_farming,medium,masonry,1351.0,600446.0,73,0,1,5.9,0,0.0,0.0
SYN-002468,0.702,mixed_farming,low,masonry,1659.0,746806.0,23,0,0,11.1,0,0.0,0.0
SYN-002469,0.406,mixed_farming,medium,wood,830.0,217623.0,42,1,1,4.4,0,0.0,0.0
SYN-002470,0.8,livestock,low,masonry,1519.0,419993.0,26,1,0,16.9,1,7198.03,7198.03
SYN-002471,0.46,livestock,low,masonry,2248.0,1168170.0,29,0,0,9.9,0,0.0,0.0
SYN-002472,0.977,mixed_farming,medium,mixed,1249.0,515697.0,22,0,0,9.0,0,0.0,0.0
SYN-002473,0.55,mixed_farming,medium,mixed,1134.0,695532.0,53,0,1,6.2,0,0.0,0.0
SYN-002474,0.62,livestock,high,masonry,1040.0,380656.0,59,0,0,9.4,0,0.0,0.0
SYN-002475,0.731,livestock,medium,mixed,811.0,365801.0,66,0,0,0.5,0,0.0,0.0
SYN-002476,0.702,crop_farming,low,masonry,659.0,315103.0,59,0,1,12.7,0,0.0,0.0
SYN-002477,0.793,crop_farming,medium,wood,998.0,273015.0,11,0,0,10.3,0,0.0,0.0
SYN-002478,0.87,crop_farming,medium,mixed,1625.0,623911.0,35,0,0,8.0,0,0.0,0.0
SYN-002479,0.855,livestock,low,mixed,680.0,454722.0,50,0,1,2.2,0,0.0,0.0
SYN-002480,0.945,viticulture,high,masonry,1154.0,485303.0,35,0,0,10.5,0,0.0,0.0
SYN-002481,0.682,livestock,high,mixed,1070.0,546561.0,14,0,1,5.5,0,0.0,0.0
SYN-002482,0.721,crop_farming,low,masonry,3849.0,1669721.0,18,0,0,9.6,0,0.0,0.0
SYN-002483,0.924,crop_farming,medium,masonry,1939.0,895801.0,43,0,1,1.8,0,0.0,0.0
SYN-002484,0.569,livestock,medium,mixed,1918.0,926165.0,32,0,0,1.7,0,0.0,0.0
SYN-002485,0.548,mixed_farming,low,mixed,2204.0,850800.0,57,0,1,23.9,0,0.0,0.0
SYN-002486,0.405,livestock,medium,masonry,850.0,404734.0,54,0,1,9.4,0,0.0,0.0
SYN-002487,0.843,mixed_farming,low,wood,2966.0,1131252.0,21,0,1,19.5,0,0.0,0.0
SYN-002488,0.813,mixed_farming,low,masonry,1344.0,752166.0,51,0,0,0.6,0,0.0,0.0
SYN-002489,0.566,crop_farming,high,mixed,1177.0,695100.0,47,0,1,9.1,0,0.0,0.0
SYN-002490,0.478,mixed_farming,medium,masonry,550.0,265087.0,11,0,1,15.1,0,0.0,0.0
SYN-002491,0.426,viticulture,low,masonry,934.0,403896.0,67,0,1,8.5,0,0.0,0.0
SYN-002492,0.693,livestock,medium,wood,385.0,428583.0,59,1,0,8.4,1,34081.08,34081.08
SYN-002493,0.516,crop_farming,high,masonry,1031.0,299596.0,71,0,0,7.8,0,0.0,0.0
SYN-002494,0.876,viticulture,medium,wood,833.0,252615.0,80,0,1,1.7,0,0.0,0.0
SYN-002495,0.97,mixed_farming,high,masonry,935.0,339144.0,23,1,0,18.0,0,0.0,0.0
SYN-002496,0.866,livestock,high,mixed,492.0,238309.0,65,0,0,12.5,0,0.0,0.0
SYN-002497,0.911,livestock,low,masonry,1915.0,512179.0,77,0,1,3.4,0,0.0,0.0
SYN-002498,0.994,crop_farming,medium,mixed,1781.0,565159.0,1,0,1,5.4,0,0.0,0.0
SYN-002499,0.844,mixed_farming,medium,wood,3635.0,1681660.0,52,0,1,3.9,0,0.0,0.0
SYN-002500,0.74,livestock,medium,mixed,3569.0,1604028.0,66,1,1,19.5,0,0.0,0.0
SYN-002501,0.886,crop_farming,medium,masonry,1341.0,386735.0,10,0,1,30.3,0,0.0,0.0
SYN-002502,0.738,mixed_farming,low,mixed,2357.0,744926.0,3,0,1,2.7,0,0.0,0.0
SYN-002503,0.66,viticulture,low,mixed,1436.0,648587.0,25,0,0,1.3,0,0.0,0.0
SYN-002504,0.42,mixed_farming,medium,masonry,918.0,288756.0,11,0,1,5.1,0,0.0,0.0
SYN-002505,0.786,crop_farming,medium,mixed,1012.0,439857.0,16,0,1,5.6,0,0.0,0.0
SYN-002506,0.939,crop_farming,medium,mixed,1836.0,988226.0,20,1,1,1.3,0,0.0,0.0
SYN-002507,0.816,viticulture,medium,mixed,17277.0,6958868.0,20,1,1,6.4,0,0.0,0.0
SYN-002508,0.642,viticulture,low,masonry,2588.0,977587.0,40,1,1,9.3,0,0.0,0.0
SYN-002509,0.77,livestock,low,masonry,1422.0,593716.0,75,1,1,0.5,0,0.0,0.0
SYN-002510,0.888,mixed_farming,medium,wood,1660.0,792398.0,68,0,1,13.7,0,0.0,0.0
SYN-002511,0.859,livestock,medium,mixed,1650.0,616972.0,9,0,1,2.2,0,0.0,0.0
SYN-002512,0.695,livestock,medium,masonry,1143.0,484164.0,66,0,1,0.9,0,0.0,0.0
SYN-002513,0.617,crop_farming,low,wood,1982.0,926195.0,61,0,0,17.1,0,0.0,0.0
SYN-002514,0.638,crop_farming,medium,masonry,1095.0,321022.0,30,0,1,6.8,0,0.0,0.0
SYN-002515,0.945,crop_farming,high,masonry,628.0,254662.0,33,0,1,14.3,0,0.0,0.0
SYN-002516,0.502,mixed_farming,low,mixed,1658.0,615339.0,38,0,1,13.2,0,0.0,0.0
SYN-002517,0.918,crop_farming,low,mixed,1808.0,919262.0,72,0,1,2.3,0,0.0,0.0
SYN-002518,0.517,crop_farming,medium,wood,1102.0,519794.0,14,0,1,3.2,0,0.0,0.0
SYN-002519,0.989,livestock,medium,mixed,1482.0,769775.0,41,0,1,3.1,0,0.0,0.0
SYN-002520,0.669,crop_farming,high,masonry,2263.0,830661.0,77,0,0,11.3,0,0.0,0.0
SYN-002521,0.84,crop_farming,high,masonry,1172.0,535324.0,54,1,1,2.7,0,0.0,0.0
SYN-002522,0.838,livestock,medium,masonry,906.0,447472.0,22,1,0,3.5,0,0.0,0.0
SYN-002523,0.864,livestock,low,wood,764.0,257631.0,66,1,1,0.5,0,0.0,0.0
SYN-002524,0.874,mixed_farming,medium,masonry,1028.0,563794.0,17,0,0,1.0,0,0.0,0.0
SYN-002525,0.423,viticulture,high,masonry,3287.0,1087141.0,20,0,1,8.8,0,0.0,0.0
SYN-002526,0.564,crop_farming,medium,masonry,1065.0,469106.0,80,0,1,3.4,0,0.0,0.0
SYN-002527,0.538,viticulture,high,masonry,1531.0,792964.0,62,1,1,8.2,0,0.0,0.0
SYN-002528,0.819,viticulture,medium,masonry,982.0,470215.0,17,0,0,10.5,0,0.0,0.0
SYN-002529,0.81,mixed_farming,low,mixed,928.0,394389.0,63,0,0,4.2,0,0.0,0.0
SYN-002530,0.578,mixed_farming,medium,masonry,684.0,260499.0,15,0,1,4.7,0,0.0,0.0
SYN-002531,0.876,mixed_farming,medium,wood,1294.0,671572.0,25,0,0,12.8,0,0.0,0.0
SYN-002532,0.587,mixed_farming,low,wood,866.0,323170.0,79,0,1,0.7,0,0.0,0.0
SYN-002533,0.606,mixed_farming,low,masonry,2774.0,1139791.0,30,0,1,9.2,0,0.0,0.0
SYN-002534,0.639,crop_farming,medium,wood,1130.0,541663.0,7,1,1,8.2,0,0.0,0.0
SYN-002535,0.847,viticulture,low,masonry,1177.0,362176.0,80,0,1,9.6,0,0.0,0.0
SYN-002536,0.407,mixed_farming,low,masonry,1078.0,583259.0,3,0,1,0.9,0,0.0,0.0
SYN-002537,0.944,mixed_farming,medium,masonry,1543.0,363780.0,79,0,0,18.2,0,0.0,0.0
SYN-002538,0.815,livestock,medium,mixed,3194.0,1492151.0,37,2,0,10.7,0,0.0,0.0
SYN-002539,0.752,crop_farming,medium,mixed,617.0,357178.0,22,0,0,14.5,0,0.0,0.0
SYN-002540,0.542,livestock,high,masonry,1452.0,592529.0,24,0,1,16.4,0,0.0,0.0
SYN-002541,0.871,livestock,high,mixed,437.0,165274.0,11,0,1,22.9,0,0.0,0.0
SYN-002542,0.924,livestock,medium,mixed,2684.0,889780.0,70,0,1,7.8,0,0.0,0.0
SYN-002543,0.701,livestock,low,mixed,1130.0,498409.0,78,0,1,10.5,0,0.0,0.0
SYN-002544,0.575,crop_farming,medium,masonry,459.0,394551.0,59,1,1,0.8,0,0.0,0.0
SYN-002545,0.628,livestock,low,mixed,529.0,298466.0,18,0,1,5.1,0,0.0,0.0
SYN-002546,0.65,livestock,high,mixed,2057.0,1181421.0,44,0,1,6.2,0,0.0,0.0
SYN-002547,0.584,viticulture,medium,masonry,411.0,372440.0,57,0,1,12.1,0,0.0,0.0
SYN-002548,0.827,crop_farming,medium,mixed,1452.0,631345.0,1,0,0,1.3,0,0.0,0.0
SYN-002549,0.605,livestock,medium,masonry,917.0,398289.0,51,0,1,17.3,0,0.0,0.0
SYN-002550,0.893,crop_farming,medium,mixed,1068.0,554628.0,22,0,1,6.1,0,0.0,0.0
SYN-002551,0.678,livestock,high,mixed,782.0,545018.0,59,0,1,31.3,0,0.0,0.0
SYN-002552,0.777,livestock,low,masonry,652.0,252210.0,72,0,1,4.6,0,0.0,0.0
SYN-002553,0.969,mixed_farming,high,masonry,883.0,463330.0,29,1,0,3.9,0,0.0,0.0
SYN-002554,0.668,viticulture,low,mixed,1758.0,687687.0,20,0,1,1.8,0,0.0,0.0
SYN-002555,0.502,crop_farming,medium,mixed,1002.0,493099.0,33,0,1,13.4,0,0.0,0.0
SYN-002556,0.73,mixed_farming,high,mixed,1594.0,398880.0,3,0,1,7.4,0,0.0,0.0
SYN-002557,0.698,crop_farming,medium,mixed,1035.0,342250.0,21,0,1,7.7,0,0.0,0.0
SYN-002558,0.87,crop_farming,low,masonry,1803.0,729030.0,19,0,1,5.6,0,0.0,0.0
SYN-002559,0.916,livestock,high,masonry,1587.0,485195.0,3,0,0,13.8,0,0.0,0.0
SYN-002560,0.828,crop_farming,high,mixed,853.0,365907.0,61,0,0,8.9,0,0.0,0.0
SYN-002561,0.983,mixed_farming,low,masonry,652.0,261989.0,38,1,1,2.8,0,0.0,0.0
SYN-002562,0.562,mixed_farming,medium,mixed,2256.0,893248.0,69,1,1,5.1,0,0.0,0.0
SYN-002563,0.544,mixed_farming,high,masonry,714.0,421512.0,24,2,1,23.1,0,0.0,0.0
SYN-002564,0.575,livestock,low,masonry,1678.0,894504.0,23,0,1,9.5,0,0.0,0.0
SYN-002565,0.803,mixed_farming,medium,mixed,1237.0,616093.0,35,0,1,7.1,0,0.0,0.0
SYN-002566,0.54,livestock,medium,mixed,897.0,233848.0,19,0,1,18.9,1,1554.79,1554.79
SYN-002567,0.453,crop_farming,low,mixed,1602.0,903152.0,61,0,1,13.6,0,0.0,0.0
SYN-002568,0.987,crop_farming,high,masonry,2949.0,1163982.0,67,1,1,9.6,0,0.0,0.0
SYN-002569,0.589,mixed_farming,low,mixed,1820.0,760279.0,55,0,1,8.0,0,0.0,0.0
SYN-002570,0.533,viticulture,high,masonry,1318.0,853892.0,16,1,0,12.7,0,0.0,0.0
SYN-002571,0.615,crop_farming,medium,mixed,3477.0,1250868.0,63,0,1,2.8,0,0.0,0.0
SYN-002572,0.495,livestock,medium,mixed,408.0,161292.0,30,1,1,11.4,0,0.0,0.0
SYN-002573,0.421,mixed_farming,medium,masonry,588.0,307766.0,79,0,1,9.0,0,0.0,0.0
SYN-002574,0.583,mixed_farming,medium,mixed,896.0,508470.0,31,0,1,16.5,0,0.0,0.0
SYN-002575,0.603,livestock,high,mixed,3049.0,1399463.0,49,0,1,5.6,0,0.0,0.0
SYN-002576,0.887,mixed_farming,medium,masonry,2237.0,1146766.0,32,0,1,7.5,0,0.0,0.0
SYN-002577,0.661,mixed_farming,medium,mixed,397.0,166516.0,71,0,1,6.4,0,0.0,0.0
SYN-002578,0.842,mixed_farming,medium,masonry,913.0,491270.0,7,1,1,3.2,0,0.0,0.0
SYN-002579,0.841,crop_farming,low,wood,513.0,320887.0,79,0,1,4.2,0,0.0,0.0
SYN-002580,0.873,viticulture,low,masonry,1181.0,625017.0,68,0,1,5.9,0,0.0,0.0
SYN-002581,0.951,crop_farming,medium,masonry,2178.0,702845.0,3,0,1,2.7,0,0.0,0.0
SYN-002582,0.699,mixed_farming,medium,mixed,2285.0,736860.0,18,0,1,6.1,0,0.0,0.0
SYN-002583,0.462,crop_farming,medium,masonry,1443.0,654393.0,27,1,0,6.3,0,0.0,0.0
SYN-002584,0.423,crop_farming,medium,wood,919.0,486776.0,30,0,1,1.7,0,0.0,0.0
SYN-002585,0.512,crop_farming,medium,masonry,1139.0,570554.0,47,1,0,2.8,0,0.0,0.0
SYN-002586,0.898,livestock,medium,masonry,1890.0,891741.0,51,0,1,28.2,0,0.0,0.0
SYN-002587,0.745,livestock,medium,masonry,5573.0,2885338.0,14,0,0,10.3,0,0.0,0.0
SYN-002588,0.484,crop_farming,high,masonry,561.0,298140.0,65,1,1,8.9,0,0.0,0.0
SYN-002589,0.48,livestock,low,masonry,3404.0,1721276.0,1,0,0,9.9,0,0.0,0.0
SYN-002590,0.935,livestock,medium,masonry,1420.0,329570.0,47,0,0,5.1,0,0.0,0.0
SYN-002591,0.712,mixed_farming,low,masonry,2066.0,621900.0,60,0,1,13.4,0,0.0,0.0
SYN-002592,0.503,mixed_farming,high,masonry,1367.0,442307.0,29,0,1,16.7,0,0.0,0.0
SYN-002593,0.938,mixed_farming,medium,masonry,3019.0,1624724.0,34,0,1,8.2,0,0.0,0.0
SYN-002594,0.832,crop_farming,medium,masonry,1502.0,663845.0,1,1,1,11.1,0,0.0,0.0
SYN-002595,0.687,crop_farming,high,masonry,795.0,318488.0,12,1,1,3.3,0,0.0,0.0
SYN-002596,0.679,viticulture,medium,masonry,1624.0,397050.0,40,0,0,15.7,0,0.0,0.0
SYN-002597,0.804,crop_farming,low,masonry,2521.0,747696.0,10,0,0,10.3,0,0.0,0.0
SYN-002598,0.603,livestock,medium,masonry,1212.0,506709.0,45,0,0,12.8,0,0.0,0.0
SYN-002599,1.0,viticulture,low,masonry,315.0,300886.0,73,0,0,7.0,0,0.0,0.0
SYN-002600,0.871,viticulture,high,masonry,1125.0,593130.0,29,0,0,8.4,0,0.0,0.0
SYN-002601,0.785,livestock,medium,wood,1292.0,664706.0,57,0,0,10.0,1,11396.0,11396.0
SYN-002602,0.812,mixed_farming,medium,masonry,1177.0,787876.0,51,0,0,14.2,0,0.0,0.0
SYN-002603,0.998,livestock,high,masonry,878.0,369438.0,59,0,1,2.7,0,0.0,0.0
SYN-002604,0.406,mixed_farming,medium,mixed,2864.0,1576033.0,64,0,1,15.3,0,0.0,0.0
SYN-002605,0.414,crop_farming,medium,masonry,259.0,152342.0,57,0,1,20.3,0,0.0,0.0
SYN-002606,0.871,crop_farming,low,masonry,1288.0,402518.0,3,0,0,6.7,0,0.0,0.0
SYN-002607,0.526,mixed_farming,medium,mixed,1300.0,420027.0,65,0,1,7.5,0,0.0,0.0
SYN-002608,0.811,crop_farming,high,mixed,4730.0,1647341.0,65,0,1,17.2,0,0.0,0.0
SYN-002609,0.702,mixed_farming,high,wood,1201.0,546487.0,32,0,0,28.2,0,0.0,0.0
SYN-002610,0.591,livestock,medium,wood,1619.0,596718.0,48,1,1,3.2,0,0.0,0.0
SYN-002611,0.539,mixed_farming,low,mixed,1315.0,700333.0,66,0,1,8.5,0,0.0,0.0
SYN-002612,0.866,mixed_farming,low,mixed,1289.0,582538.0,27,0,0,2.0,0,0.0,0.0
SYN-002613,0.503,livestock,high,masonry,3812.0,1129395.0,14,0,1,3.1,0,0.0,0.0
SYN-002614,0.495,mixed_farming,low,wood,588.0,273948.0,56,0,1,12.3,0,0.0,0.0
SYN-002615,0.665,crop_farming,medium,mixed,785.0,393244.0,26,0,0,7.9,0,0.0,0.0
SYN-002616,0.472,livestock,medium,masonry,1979.0,664789.0,57,0,1,11.7,0,0.0,0.0
SYN-002617,0.785,crop_farming,low,masonry,1432.0,390606.0,33,0,1,9.4,0,0.0,0.0
SYN-002618,0.995,mixed_farming,medium,mixed,1008.0,477027.0,61,1,1,7.7,0,0.0,0.0
SYN-002619,0.849,mixed_farming,high,masonry,1158.0,430069.0,15,0,1,15.8,0,0.0,0.0
SYN-002620,0.762,viticulture,medium,mixed,2195.0,577763.0,34,0,1,18.3,0,0.0,0.0
SYN-002621,0.637,mixed_farming,medium,masonry,1661.0,637225.0,44,0,0,7.0,0,0.0,0.0
SYN-002622,0.993,viticulture,medium,mixed,762.0,373388.0,47,0,0,3.3,0,0.0,0.0
SYN-002623,0.928,crop_farming,high,masonry,1415.0,343875.0,68,0,0,10.4,0,0.0,0.0
SYN-002624,0.892,viticulture,medium,mixed,1173.0,560302.0,39,0,1,3.0,0,0.0,0.0
SYN-002625,0.538,livestock,medium,masonry,1645.0,700141.0,80,1,0,1.6,0,0.0,0.0
SYN-002626,0.474,livestock,medium,masonry,984.0,268788.0,30,1,0,3.8,0,0.0,0.0
SYN-002627,0.507,livestock,low,masonry,553.0,366365.0,67,0,0,3.6,0,0.0,0.0
SYN-002628,0.555,livestock,low,masonry,1876.0,785640.0,11,0,0,12.4,0,0.0,0.0
SYN-002629,0.449,crop_farming,high,masonry,1731.0,920527.0,39,0,1,21.5,0,0.0,0.0
SYN-002630,0.933,crop_farming,medium,mixed,3041.0,921389.0,74,0,1,18.3,0,0.0,0.0
SYN-002631,0.511,crop_farming,low,masonry,515.0,201171.0,75,0,1,5.5,0,0.0,0.0
SYN-002632,0.536,livestock,low,mixed,1158.0,513667.0,11,0,0,8.4,0,0.0,0.0
SYN-002633,0.933,mixed_farming,high,mixed,1043.0,587434.0,27,0,0,6.3,0,0.0,0.0
SYN-002634,0.975,mixed_farming,medium,masonry,937.0,482056.0,52,0,1,16.0,0,0.0,0.0
SYN-002635,0.533,livestock,medium,wood,445.0,211361.0,4,0,1,10.2,0,0.0,0.0
SYN-002636,0.577,livestock,low,mixed,606.0,285254.0,32,0,1,13.3,0,0.0,0.0
SYN-002637,0.88,livestock,high,mixed,1445.0,428705.0,74,0,0,3.8,0,0.0,0.0
SYN-002638,0.982,crop_farming,high,mixed,876.0,491273.0,66,0,1,32.5,0,0.0,0.0
SYN-002639,0.79,mixed_farming,medium,mixed,708.0,393305.0,40,0,0,2.0,0,0.0,0.0
SYN-002640,0.666,crop_farming,low,wood,3071.0,936476.0,38,0,0,3.0,0,0.0,0.0
SYN-002641,0.805,mixed_farming,medium,masonry,5670.0,1732855.0,29,0,1,13.3,0,0.0,0.0
SYN-002642,0.868,mixed_farming,high,masonry,1168.0,438641.0,15,0,1,2.0,1,9525.3,9525.3
SYN-002643,0.468,livestock,medium,mixed,456.0,201815.0,56,0,1,21.5,0,0.0,0.0
SYN-002644,0.661,mixed_farming,high,masonry,1568.0,501186.0,13,0,1,17.9,1,15805.51,15805.51
SYN-002645,0.914,crop_farming,medium,mixed,312.0,126973.0,60,1,1,12.1,0,0.0,0.0
SYN-002646,0.823,mixed_farming,low,masonry,504.0,426739.0,32,1,1,4.2,0,0.0,0.0
SYN-002647,0.492,mixed_farming,medium,masonry,1586.0,778650.0,64,0,1,13.3,0,0.0,0.0
SYN-002648,0.853,mixed_farming,high,wood,493.0,180928.0,43,0,1,6.8,0,0.0,0.0
SYN-002649,0.8,mixed_farming,low,masonry,1000.0,494603.0,78,0,1,3.5,0,0.0,0.0
SYN-002650,0.559,mixed_farming,low,masonry,462.0,135396.0,51,0,0,7.0,0,0.0,0.0
SYN-002651,0.606,viticulture,medium,mixed,1257.0,595888.0,74,0,1,6.8,1,908.07,908.07
SYN-002652,0.589,livestock,medium,mixed,2515.0,1346416.0,68,1,1,7.4,0,0.0,0.0
SYN-002653,0.996,mixed_farming,high,mixed,814.0,439183.0,59,0,0,11.6,0,0.0,0.0
SYN-002654,0.51,mixed_farming,low,masonry,1197.0,507401.0,30,0,1,5.3,0,0.0,0.0
SYN-002655,0.898,livestock,low,wood,713.0,341738.0,5,0,1,6.1,0,0.0,0.0
SYN-002656,0.718,viticulture,low,mixed,746.0,338552.0,63,0,1,7.3,0,0.0,0.0
SYN-002657,0.928,livestock,medium,mixed,706.0,318855.0,49,0,1,16.8,0,0.0,0.0
SYN-002658,0.989,livestock,medium,masonry,2020.0,994337.0,18,0,1,23.8,0,0.0,0.0
SYN-002659,0.977,crop_farming,medium,masonry,484.0,278520.0,6,0,0,3.5,0,0.0,0.0
SYN-002660,0.913,crop_farming,medium,masonry,977.0,524800.0,71,0,1,6.4,0,0.0,0.0
SYN-002661,0.648,mixed_farming,low,mixed,1582.0,762855.0,45,1,1,9.6,0,0.0,0.0
SYN-002662,0.563,livestock,medium,masonry,2189.0,910044.0,8,1,0,2.1,0,0.0,0.0
SYN-002663,0.592,livestock,high,masonry,1614.0,800665.0,70,0,1,6.6,0,0.0,0.0
SYN-002664,0.792,crop_farming,medium,mixed,1156.0,638831.0,65,0,0,12.6,0,0.0,0.0
SYN-002665,0.605,livestock,low,masonry,837.0,493253.0,37,0,1,8.8,0,0.0,0.0
SYN-002666,0.661,mixed_farming,medium,masonry,2212.0,1106044.0,22,0,1,3.1,0,0.0,0.0
SYN-002667,0.448,mixed_farming,low,masonry,690.0,360026.0,17,0,0,40.0,0,0.0,0.0
SYN-002668,0.863,crop_farming,low,wood,696.0,452120.0,53,0,1,13.4,0,0.0,0.0
SYN-002669,0.467,livestock,low,mixed,2919.0,800161.0,20,0,1,12.2,0,0.0,0.0
SYN-002670,0.602,livestock,low,mixed,1532.0,602490.0,44,0,0,4.9,0,0.0,0.0
SYN-002671,0.754,mixed_farming,low,wood,1567.0,598399.0,2,0,1,19.5,0,0.0,0.0
SYN-002672,0.719,livestock,medium,mixed,1788.0,432164.0,47,0,0,8.9,0,0.0,0.0
SYN-002673,0.936,livestock,low,masonry,1139.0,506625.0,31,0,1,2.8,0,0.0,0.0
SYN-002674,0.795,livestock,medium,mixed,476.0,260994.0,79,1,0,8.9,0,0.0,0.0
SYN-002675,0.873,mixed_farming,high,wood,1427.0,662587.0,55,0,1,11.2,0,0.0,0.0
SYN-002676,0.582,livestock,medium,masonry,1198.0,302953.0,48,0,0,0.9,0,0.0,0.0
SYN-002677,0.479,livestock,medium,mixed,693.0,183886.0,36,0,1,2.4,0,0.0,0.0
SYN-002678,0.846,mixed_farming,medium,masonry,597.0,221012.0,18,0,1,10.3,0,0.0,0.0
SYN-002679,0.492,mixed_farming,low,mixed,1176.0,407951.0,59,0,1,5.3,0,0.0,0.0
SYN-002680,0.9,livestock,medium,mixed,501.0,170804.0,33,0,0,18.2,0,0.0,0.0
SYN-002681,0.966,mixed_farming,medium,wood,1104.0,264497.0,13,0,1,9.8,0,0.0,0.0
SYN-002682,0.57,mixed_farming,high,mixed,1021.0,731633.0,8,0,1,8.5,0,0.0,0.0
SYN-002683,0.857,crop_farming,high,masonry,1122.0,324600.0,46,0,1,7.3,0,0.0,0.0
SYN-002684,0.662,mixed_farming,high,masonry,1575.0,449408.0,27,1,1,16.6,0,0.0,0.0
SYN-002685,0.579,crop_farming,medium,wood,1816.0,960884.0,4,0,1,11.5,0,0.0,0.0
SYN-002686,0.659,mixed_farming,medium,masonry,763.0,454947.0,24,1,1,11.0,0,0.0,0.0
SYN-002687,0.788,crop_farming,high,masonry,2133.0,1013841.0,80,0,1,17.3,0,0.0,0.0
SYN-002688,0.993,mixed_farming,high,mixed,1051.0,375250.0,52,0,0,19.1,0,0.0,0.0
SYN-002689,0.58,crop_farming,medium,masonry,3788.0,1039363.0,10,0,0,2.8,0,0.0,0.0
SYN-002690,0.824,livestock,high,masonry,828.0,371043.0,74,0,1,37.6,0,0.0,0.0
SYN-002691,0.601,viticulture,high,masonry,425.0,359562.0,79,0,1,1.3,0,0.0,0.0
SYN-002692,0.551,livestock,medium,masonry,2084.0,927657.0,23,1,1,8.9,0,0.0,0.0
SYN-002693,0.779,mixed_farming,low,mixed,1598.0,825774.0,39,0,1,2.9,0,0.0,0.0
SYN-002694,0.857,viticulture,low,masonry,2647.0,997029.0,68,0,1,12.9,0,0.0,0.0
SYN-002695,0.83,mixed_farming,medium,masonry,1482.0,831672.0,39,0,0,14.1,0,0.0,0.0
SYN-002696,0.966,crop_farming,low,mixed,5547.0,2552851.0,71,0,1,2.9,0,0.0,0.0
SYN-002697,0.464,mixed_farming,medium,masonry,1072.0,275890.0,44,0,0,16.2,0,0.0,0.0
SYN-002698,0.724,crop_farming,medium,mixed,2393.0,817458.0,51,0,1,0.5,0,0.0,0.0
SYN-002699,0.575,livestock,high,masonry,861.0,367000.0,66,0,1,13.1,0,0.0,0.0
SYN-002700,0.89,mixed_farming,high,masonry,1668.0,590033.0,56,0,1,1.7,0,0.0,0.0
SYN-002701,0.437,mixed_farming,medium,mixed,1883.0,720683.0,3,0,1,18.4,0,0.0,0.0
SYN-002702,0.505,livestock,medium,mixed,2082.0,855616.0,64,0,1,6.5,0,0.0,0.0
SYN-002703,0.863,livestock,low,wood,2007.0,965183.0,7,0,1,4.4,0,0.0,0.0
SYN-002704,0.613,mixed_farming,medium,masonry,150.0,165345.0,30,0,1,19.9,0,0.0,0.0
SYN-002705,0.809,mixed_farming,low,masonry,1159.0,471123.0,2,0,1,13.1,0,0.0,0.0
SYN-002706,0.999,livestock,medium,masonry,834.0,466414.0,79,1,1,6.6,0,0.0,0.0
SYN-002707,0.676,mixed_farming,high,masonry,948.0,314791.0,50,1,1,8.7,0,0.0,0.0
SYN-002708,0.72,crop_farming,medium,masonry,1008.0,522984.0,31,1,1,20.9,0,0.0,0.0
SYN-002709,0.985,crop_farming,medium,wood,2288.0,854397.0,68,0,1,6.5,0,0.0,0.0
SYN-002710,0.848,mixed_farming,medium,mixed,1383.0,527195.0,7,0,0,2.9,0,0.0,0.0
SYN-002711,0.518,viticulture,high,masonry,871.0,456389.0,19,1,1,9.1,0,0.0,0.0
SYN-002712,0.883,crop_farming,medium,masonry,467.0,182467.0,59,0,0,5.6,0,0.0,0.0
SYN-002713,0.71,crop_farming,medium,masonry,3283.0,1575943.0,74,0,0,11.2,0,0.0,0.0
SYN-002714,0.872,crop_farming,low,masonry,796.0,377803.0,27,0,1,10.8,0,0.0,0.0
SYN-002715,0.759,mixed_farming,medium,mixed,1113.0,470389.0,55,2,1,8.1,0,0.0,0.0
SYN-002716,0.536,crop_farming,low,wood,4867.0,2103408.0,3,0,1,4.2,0,0.0,0.0
SYN-002717,0.889,livestock,medium,masonry,810.0,258908.0,19,0,1,7.3,0,0.0,0.0
SYN-002718,0.401,viticulture,medium,masonry,1013.0,492909.0,15,0,1,10.0,0,0.0,0.0
SYN-002719,0.933,crop_farming,low,masonry,1409.0,581707.0,40,0,0,4.8,0,0.0,0.0
SYN-002720,0.891,livestock,medium,masonry,427.0,205710.0,30,0,1,6.5,1,14943.87,14943.87
SYN-002721,0.982,livestock,low,wood,396.0,288957.0,8,0,0,14.3,0,0.0,0.0
SYN-002722,0.421,mixed_farming,low,mixed,886.0,329882.0,18,0,1,5.3,0,0.0,0.0
SYN-002723,0.663,livestock,low,mixed,906.0,274159.0,8,1,1,5.8,0,0.0,0.0
SYN-002724,0.501,livestock,low,mixed,1322.0,593795.0,11,0,1,4.5,0,0.0,0.0
SYN-002725,0.624,crop_farming,high,masonry,642.0,235855.0,53,0,0,6.1,0,0.0,0.0
SYN-002726,0.616,mixed_farming,high,mixed,1607.0,679098.0,14,0,1,2.7,0,0.0,0.0
SYN-002727,0.759,mixed_farming,medium,mixed,298.0,173969.0,5,1,1,8.3,0,0.0,0.0
SYN-002728,0.662,crop_farming,medium,masonry,1158.0,400260.0,51,1,1,6.0,0,0.0,0.0
SYN-002729,0.979,livestock,medium,masonry,1532.0,571791.0,60,0,0,10.6,0,0.0,0.0
SYN-002730,0.567,mixed_farming,high,mixed,1500.0,772703.0,11,0,1,8.1,0,0.0,0.0
SYN-002731,0.651,crop_farming,medium,wood,1090.0,587282.0,30,0,1,6.3,0,0.0,0.0
SYN-002732,0.82,crop_farming,low,masonry,789.0,246074.0,63,0,1,14.7,0,0.0,0.0
SYN-002733,0.566,livestock,medium,wood,1070.0,534928.0,13,1,1,21.6,0,0.0,0.0
SYN-002734,0.834,livestock,high,wood,2703.0,803585.0,68,0,1,6.0,0,0.0,0.0
SYN-002735,0.825,crop_farming,low,wood,821.0,479069.0,49,0,1,13.1,0,0.0,0.0
SYN-002736,0.827,livestock,medium,masonry,2289.0,780014.0,58,0,1,6.9,0,0.0,0.0
SYN-002737,0.805,crop_farming,medium,masonry,2538.0,744155.0,67,0,0,4.3,0,0.0,0.0
SYN-002738,0.89,livestock,medium,mixed,392.0,218446.0,20,0,1,10.6,0,0.0,0.0
SYN-002739,0.997,mixed_farming,medium,masonry,1115.0,357337.0,19,0,1,10.1,0,0.0,0.0
SYN-002740,0.433,livestock,medium,masonry,642.0,280333.0,47,0,1,11.7,0,0.0,0.0
SYN-002741,0.698,crop_farming,high,mixed,457.0,233571.0,63,0,0,8.5,0,0.0,0.0
SYN-002742,0.888,mixed_farming,medium,masonry,2028.0,1085594.0,5,0,1,7.5,0,0.0,0.0
SYN-002743,0.4,crop_farming,low,masonry,1649.0,731571.0,49,0,0,7.4,0,0.0,0.0
SYN-002744,0.727,mixed_farming,high,wood,1438.0,634749.0,76,1,1,13.9,0,0.0,0.0
SYN-002745,0.796,livestock,medium,masonry,599.0,301031.0,50,0,1,10.4,0,0.0,0.0
SYN-002746,0.515,mixed_farming,medium,wood,1390.0,753233.0,1,0,0,9.7,0,0.0,0.0
SYN-002747,0.64,crop_farming,medium,masonry,517.0,207374.0,14,0,0,8.7,0,0.0,0.0
SYN-002748,0.874,crop_farming,high,masonry,1274.0,331733.0,18,0,1,5.3,0,0.0,0.0
SYN-002749,0.44,livestock,medium,masonry,788.0,361196.0,31,0,0,8.4,0,0.0,0.0
SYN-002750,0.481,crop_farming,low,masonry,2399.0,776185.0,7,0,1,14.6,0,0.0,0.0
SYN-002751,0.891,crop_farming,low,masonry,957.0,318638.0,64,0,1,5.4,0,0.0,0.0
SYN-002752,0.886,mixed_farming,low,mixed,1409.0,555828.0,80,0,0,4.6,0,0.0,0.0
SYN-002753,0.754,mixed_farming,medium,wood,1410.0,525528.0,31,1,1,2.7,0,0.0,0.0
SYN-002754,0.65,crop_farming,low,masonry,1154.0,357383.0,4,0,0,13.1,0,0.0,0.0
SYN-002755,0.463,mixed_farming,medium,masonry,1298.0,632754.0,53,0,1,26.1,0,0.0,0.0
SYN-002756,0.887,mixed_farming,medium,mixed,1477.0,642750.0,1,0,0,24.2,1,22651.44,22651.44
SYN-002757,0.545,mixed_farming,high,masonry,677.0,200388.0,29,0,1,1.7,0,0.0,0.0
SYN-002758,0.948,mixed_farming,medium,masonry,1575.0,413655.0,9,0,0,4.9,0,0.0,0.0
SYN-002759,0.866,mixed_farming,high,masonry,2125.0,761711.0,51,1,1,9.1,0,0.0,0.0
SYN-002760,0.449,livestock,high,masonry,1569.0,560869.0,71,1,1,15.6,0,0.0,0.0
SYN-002761,0.781,mixed_farming,low,masonry,963.0,256263.0,31,0,1,1.7,0,0.0,0.0
SYN-002762,0.952,viticulture,medium,masonry,1357.0,438068.0,33,0,1,3.1,0,0.0,0.0
SYN-002763,0.928,crop_farming,low,mixed,957.0,568915.0,42,0,1,6.3,0,0.0,0.0
SYN-002764,0.768,livestock,high,masonry,1122.0,312698.0,76,0,1,4.5,0,0.0,0.0
SYN-002765,0.503,crop_farming,medium,masonry,560.0,212863.0,55,0,1,4.6,0,0.0,0.0
SYN-002766,0.808,viticulture,low,masonry,2972.0,1189838.0,77,1,0,7.5,0,0.0,0.0
SYN-002767,0.8,livestock,low,masonry,4264.0,1593887.0,25,0,1,10.7,0,0.0,0.0
SYN-002768,0.753,mixed_farming,medium,wood,767.0,317531.0,59,0,0,4.2,0,0.0,0.0
SYN-002769,0.559,mixed_farming,high,mixed,2020.0,1064199.0,76,0,1,8.6,0,0.0,0.0
SYN-002770,0.94,viticulture,medium,wood,3126.0,1415483.0,14,0,1,8.6,0,0.0,0.0
SYN-002771,0.702,crop_farming,low,masonry,650.0,293828.0,35,0,0,6.8,0,0.0,0.0
SYN-002772,0.578,mixed_farming,low,masonry,298.0,238235.0,78,0,1,3.0,0,0.0,0.0
SYN-002773,0.553,mixed_farming,medium,masonry,3248.0,1557242.0,42,0,1,3.3,0,0.0,0.0
SYN-002774,0.569,crop_farming,medium,masonry,1204.0,330951.0,36,0,1,5.7,0,0.0,0.0
SYN-002775,0.677,mixed_farming,low,mixed,865.0,532773.0,50,0,1,6.6,0,0.0,0.0
SYN-002776,0.539,livestock,low,masonry,1250.0,338596.0,38,0,0,15.3,0,0.0,0.0
SYN-002777,0.71,mixed_farming,high,masonry,953.0,511995.0,40,0,1,15.7,0,0.0,0.0
SYN-002778,0.515,livestock,medium,masonry,8297.0,2500428.0,51,1,0,10.5,0,0.0,0.0
SYN-002779,0.563,crop_farming,medium,masonry,858.0,405895.0,15,0,0,0.5,0,0.0,0.0
SYN-002780,0.472,crop_farming,medium,masonry,1499.0,757653.0,58,0,0,2.3,0,0.0,0.0
SYN-002781,0.614,crop_farming,medium,mixed,2807.0,1191766.0,66,0,1,13.8,0,0.0,0.0
SYN-002782,0.644,crop_farming,medium,wood,2798.0,834904.0,77,1,1,3.8,0,0.0,0.0
SYN-002783,0.642,mixed_farming,low,masonry,2471.0,1266660.0,61,0,1,10.9,0,0.0,0.0
SYN-002784,0.835,livestock,low,masonry,919.0,502608.0,78,0,1,3.5,0,0.0,0.0
SYN-002785,0.69,crop_farming,high,masonry,1098.0,306292.0,42,1,0,9.7,0,0.0,0.0
SYN-002786,0.816,mixed_farming,high,masonry,295.0,135092.0,34,0,1,11.0,0,0.0,0.0
SYN-002787,0.42,mixed_farming,medium,mixed,1155.0,533568.0,56,0,0,6.6,0,0.0,0.0
SYN-002788,0.662,livestock,low,masonry,1238.0,665706.0,12,0,1,5.9,0,0.0,0.0
SYN-002789,0.454,viticulture,low,wood,1963.0,554344.0,35,0,1,6.3,0,0.0,0.0
SYN-002790,0.677,livestock,low,wood,3894.0,917302.0,74,0,0,12.2,0,0.0,0.0
SYN-002791,0.769,mixed_farming,high,masonry,1924.0,800252.0,2,0,0,8.0,0,0.0,0.0
SYN-002792,0.878,crop_farming,high,wood,2431.0,1149158.0,10,0,0,2.3,0,0.0,0.0
SYN-002793,0.73,mixed_farming,medium,mixed,1198.0,374037.0,53,0,1,6.5,0,0.0,0.0
SYN-002794,0.628,viticulture,high,wood,2793.0,1124273.0,45,0,1,12.7,0,0.0,0.0
SYN-002795,0.559,mixed_farming,low,masonry,1221.0,646110.0,62,0,1,15.7,0,0.0,0.0
SYN-002796,0.974,livestock,medium,wood,2544.0,606510.0,14,0,0,14.7,0,0.0,0.0
SYN-002797,0.519,mixed_farming,low,masonry,2045.0,690805.0,35,1,1,7.2,0,0.0,0.0
SYN-002798,0.425,livestock,low,masonry,1564.0,605376.0,29,0,1,3.1,0,0.0,0.0
SYN-002799,0.476,mixed_farming,high,wood,445.0,223688.0,76,0,0,7.2,0,0.0,0.0
SYN-002800,0.999,mixed_farming,high,masonry,2467.0,1060226.0,43,0,1,21.2,0,0.0,0.0
SYN-002801,0.944,viticulture,low,masonry,1550.0,798264.0,10,0,0,3.2,0,0.0,0.0
SYN-002802,0.592,livestock,low,masonry,1913.0,763470.0,57,0,1,1.8,0,0.0,0.0
SYN-002803,0.402,crop_farming,medium,masonry,1486.0,453291.0,50,0,1,4.1,0,0.0,0.0
SYN-002804,0.86,mixed_farming,low,masonry,1662.0,749263.0,79,0,1,12.3,0,0.0,0.0
SYN-002805,0.58,crop_farming,medium,masonry,2823.0,967696.0,33,0,1,5.0,0,0.0,0.0
SYN-002806,0.413,crop_farming,medium,masonry,891.0,407404.0,74,0,0,12.4,0,0.0,0.0
SYN-002807,0.674,livestock,low,mixed,1642.0,911794.0,26,0,1,25.9,0,0.0,0.0
SYN-002808,0.654,mixed_farming,low,masonry,731.0,315089.0,42,0,0,9.4,0,0.0,0.0
SYN-002809,0.617,crop_farming,low,mixed,1763.0,742270.0,27,0,1,3.3,0,0.0,0.0
SYN-002810,0.792,crop_farming,high,mixed,1427.0,587010.0,25,0,1,13.3,0,0.0,0.0
SYN-002811,0.836,crop_farming,medium,mixed,804.0,346340.0,47,0,1,32.4,0,0.0,0.0
SYN-002812,0.736,mixed_farming,medium,mixed,1288.0,611740.0,43,0,1,4.1,0,0.0,0.0
SYN-002813,0.408,mixed_farming,low,wood,837.0,455229.0,73,0,1,3.2,0,0.0,0.0
SYN-002814,0.413,crop_farming,medium,masonry,948.0,757235.0,30,0,1,11.8,0,0.0,0.0
SYN-002815,0.929,crop_farming,low,mixed,1526.0,832581.0,49,0,1,8.6,0,0.0,0.0
SYN-002816,0.512,livestock,low,wood,1443.0,565070.0,37,0,1,13.8,0,0.0,0.0
SYN-002817,0.639,crop_farming,medium,mixed,348.0,250751.0,70,0,0,35.5,0,0.0,0.0
SYN-002818,0.462,mixed_farming,medium,masonry,1542.0,934435.0,74,0,0,2.3,0,0.0,0.0
SYN-002819,0.538,livestock,low,mixed,995.0,436615.0,24,0,0,8.1,0,0.0,0.0
SYN-002820,0.691,viticulture,medium,mixed,926.0,252121.0,42,0,0,1.7,0,0.0,0.0
SYN-002821,0.541,crop_farming,high,masonry,583.0,377746.0,30,0,1,4.0,0,0.0,0.0
SYN-002822,0.795,mixed_farming,low,mixed,1177.0,613358.0,4,0,1,0.9,0,0.0,0.0
SYN-002823,0.62,crop_farming,low,mixed,863.0,358777.0,71,0,1,10.1,0,0.0,0.0
SYN-002824,0.873,viticulture,medium,masonry,2773.0,895103.0,55,0,1,5.3,0,0.0,0.0
SYN-002825,0.761,viticulture,low,masonry,389.0,141707.0,76,0,1,8.0,0,0.0,0.0
SYN-002826,0.552,mixed_farming,medium,masonry,648.0,188966.0,23,0,1,8.7,0,0.0,0.0
SYN-002827,0.885,livestock,medium,mixed,620.0,294064.0,27,0,0,6.8,0,0.0,0.0
SYN-002828,0.959,crop_farming,medium,masonry,1434.0,551031.0,18,1,1,2.6,0,0.0,0.0
SYN-002829,0.472,mixed_farming,medium,mixed,2598.0,1091161.0,29,0,1,3.4,0,0.0,0.0
SYN-002830,0.802,mixed_farming,medium,masonry,1681.0,562405.0,62,0,1,5.6,0,0.0,0.0
SYN-002831,0.778,crop_farming,medium,wood,595.0,258741.0,68,0,1,4.7,0,0.0,0.0
SYN-002832,0.802,livestock,low,mixed,917.0,553435.0,14,0,1,15.0,0,0.0,0.0
SYN-002833,0.419,livestock,low,mixed,716.0,574483.0,4,2,1,3.5,0,0.0,0.0
SYN-002834,0.417,mixed_farming,medium,masonry,1686.0,692575.0,49,0,1,1.6,0,0.0,0.0
SYN-002835,0.577,mixed_farming,low,masonry,905.0,320995.0,12,0,0,10.2,0,0.0,0.0
SYN-002836,0.448,mixed_farming,low,mixed,484.0,160321.0,66,0,1,9.9,0,0.0,0.0
SYN-002837,0.62,mixed_farming,low,masonry,1772.0,922338.0,9,0,0,5.3,0,0.0,0.0
SYN-002838,0.923,crop_farming,medium,masonry,2755.0,1371307.0,25,0,1,5.6,0,0.0,0.0
SYN-002839,0.613,livestock,low,masonry,1079.0,426010.0,27,0,0,11.5,0,0.0,0.0
SYN-002840,0.636,crop_farming,medium,masonry,1311.0,441583.0,38,2,1,3.2,0,0.0,0.0
SYN-002841,0.561,mixed_farming,medium,mixed,455.0,226245.0,69,0,0,8.6,0,0.0,0.0
SYN-002842,0.653,livestock,medium,masonry,318.0,175029.0,47,2,1,8.8,0,0.0,0.0
SYN-002843,0.879,livestock,low,masonry,364.0,207094.0,23,0,1,10.1,0,0.0,0.0
SYN-002844,0.899,crop_farming,high,masonry,1177.0,356235.0,52,0,0,13.2,0,0.0,0.0
SYN-002845,0.653,crop_farming,low,masonry,992.0,531089.0,42,0,1,4.9,0,0.0,0.0
SYN-002846,0.638,mixed_farming,high,masonry,1729.0,705966.0,78,0,1,10.4,0,0.0,0.0
SYN-002847,0.517,crop_farming,medium,wood,1066.0,483278.0,77,1,0,8.1,0,0.0,0.0
SYN-002848,0.985,crop_farming,low,wood,2303.0,558573.0,72,1,0,3.2,0,0.0,0.0
SYN-002849,0.587,mixed_farming,medium,wood,2137.0,616425.0,14,0,1,16.3,0,0.0,0.0
SYN-002850,0.606,livestock,medium,masonry,983.0,386763.0,17,0,1,6.8,0,0.0,0.0
SYN-002851,0.658,livestock,medium,masonry,631.0,289078.0,15,0,1,6.6,1,18758.68,18758.68
SYN-002852,0.448,livestock,medium,masonry,349.0,382258.0,44,1,1,7.8,0,0.0,0.0
SYN-002853,0.597,mixed_farming,medium,mixed,3077.0,1451337.0,66,0,1,8.6,0,0.0,0.0
SYN-002854,0.958,livestock,medium,mixed,657.0,407250.0,13,1,1,14.7,0,0.0,0.0
SYN-002855,0.445,mixed_farming,high,mixed,458.0,235588.0,78,0,1,9.3,0,0.0,0.0
SYN-002856,0.544,viticulture,low,masonry,1319.0,363183.0,5,0,1,13.0,0,0.0,0.0
SYN-002857,0.531,mixed_farming,medium,mixed,461.0,274208.0,42,0,1,5.1,0,0.0,0.0
SYN-002858,0.541,livestock,medium,wood,1318.0,584969.0,30,0,0,2.9,0,0.0,0.0
SYN-002859,0.973,mixed_farming,medium,masonry,974.0,492857.0,74,0,1,4.4,0,0.0,0.0
SYN-002860,0.825,livestock,medium,mixed,2209.0,882451.0,26,0,1,6.2,0,0.0,0.0
SYN-002861,0.952,livestock,medium,mixed,2088.0,720359.0,15,1,1,3.8,0,0.0,0.0
SYN-002862,0.915,livestock,medium,masonry,2483.0,1095303.0,46,0,1,8.5,0,0.0,0.0
SYN-002863,0.775,livestock,low,wood,1386.0,774641.0,5,0,1,12.4,0,0.0,0.0
SYN-002864,0.736,crop_farming,low,wood,694.0,345852.0,52,0,1,10.0,0,0.0,0.0
SYN-002865,0.705,livestock,medium,mixed,618.0,198760.0,12,0,1,15.3,0,0.0,0.0
SYN-002866,0.814,crop_farming,low,masonry,858.0,363466.0,31,0,0,5.4,0,0.0,0.0
SYN-002867,0.821,livestock,low,masonry,4431.0,2201570.0,47,0,0,14.8,0,0.0,0.0
SYN-002868,0.76,livestock,low,mixed,1031.0,374844.0,70,0,0,11.4,0,0.0,0.0
SYN-002869,0.669,viticulture,medium,masonry,1346.0,704264.0,56,0,0,8.0,0,0.0,0.0
SYN-002870,0.805,crop_farming,high,masonry,3252.0,1047104.0,68,0,1,2.9,0,0.0,0.0
SYN-002871,0.494,mixed_farming,medium,masonry,1430.0,513701.0,65,0,1,7.7,0,0.0,0.0
SYN-002872,0.731,livestock,low,masonry,745.0,261806.0,58,0,1,7.5,0,0.0,0.0
SYN-002873,0.712,crop_farming,high,mixed,1948.0,546841.0,27,0,0,23.8,0,0.0,0.0
SYN-002874,0.721,crop_farming,low,masonry,917.0,306739.0,29,0,0,9.5,1,4211.22,4211.22
SYN-002875,0.706,crop_farming,high,masonry,1463.0,717208.0,70,0,1,2.3,0,0.0,0.0
SYN-002876,0.85,crop_farming,medium,masonry,1691.0,610113.0,20,0,0,14.1,0,0.0,0.0
SYN-002877,0.854,crop_farming,low,masonry,879.0,305187.0,70,1,1,9.1,0,0.0,0.0
SYN-002878,0.598,livestock,medium,masonry,1368.0,679174.0,10,0,0,12.3,0,0.0,0.0
SYN-002879,0.61,livestock,low,masonry,3429.0,1292644.0,67,2,0,10.9,0,0.0,0.0
SYN-002880,0.41,crop_farming,medium,masonry,807.0,343273.0,21,0,1,14.2,0,0.0,0.0
SYN-002881,0.468,crop_farming,low,masonry,2853.0,1350474.0,58,0,0,15.3,0,0.0,0.0
SYN-002882,0.557,crop_farming,high,mixed,826.0,324031.0,77,1,1,23.3,0,0.0,0.0
SYN-002883,0.859,livestock,medium,masonry,3910.0,1553961.0,74,0,1,14.3,0,0.0,0.0
SYN-002884,0.879,livestock,high,mixed,695.0,367369.0,34,0,1,5.6,0,0.0,0.0
SYN-002885,0.549,livestock,high,masonry,938.0,374813.0,12,0,1,2.8,0,0.0,0.0
SYN-002886,0.922,crop_farming,low,mixed,3230.0,1070451.0,34,0,0,3.3,0,0.0,0.0
SYN-002887,0.625,crop_farming,medium,mixed,3324.0,1769780.0,49,0,1,4.2,0,0.0,0.0
SYN-002888,0.879,viticulture,high,masonry,2063.0,549313.0,38,0,1,5.9,0,0.0,0.0
SYN-002889,0.68,crop_farming,medium,mixed,600.0,272678.0,62,0,0,3.7,0,0.0,0.0
SYN-002890,0.828,crop_farming,low,mixed,1279.0,619042.0,52,1,1,7.4,0,0.0,0.0
SYN-002891,0.614,crop_farming,low,masonry,1213.0,407665.0,3,0,1,4.2,0,0.0,0.0
SYN-002892,0.442,viticulture,low,mixed,695.0,645776.0,74,0,1,8.9,0,0.0,0.0
SYN-002893,0.552,mixed_farming,high,mixed,1906.0,527308.0,22,0,1,9.0,1,14165.78,14165.78
SYN-002894,0.818,mixed_farming,medium,masonry,732.0,237593.0,10,0,0,5.9,0,0.0,0.0
SYN-002895,0.951,viticulture,medium,wood,524.0,267111.0,20,0,1,24.2,1,1731.95,1731.95
SYN-002896,0.777,crop_farming,high,masonry,423.0,123500.0,66,1,1,12.7,0,0.0,0.0
SYN-002897,0.861,viticulture,low,mixed,3689.0,1362236.0,64,0,1,9.8,0,0.0,0.0
SYN-002898,0.408,crop_farming,medium,wood,870.0,382169.0,36,0,0,18.0,0,0.0,0.0
SYN-002899,0.856,mixed_farming,low,wood,882.0,403792.0,41,0,0,7.2,0,0.0,0.0
SYN-002900,0.901,livestock,low,mixed,620.0,330325.0,22,1,1,10.4,0,0.0,0.0
SYN-002901,0.648,livestock,low,mixed,2949.0,992828.0,79,1,1,16.6,0,0.0,0.0
SYN-002902,0.696,viticulture,low,masonry,494.0,155293.0,44,0,1,30.4,0,0.0,0.0
SYN-002903,0.431,crop_farming,medium,masonry,554.0,340283.0,10,0,0,3.9,0,0.0,0.0
SYN-002904,0.505,viticulture,medium,wood,983.0,526880.0,44,0,1,4.2,0,0.0,0.0
SYN-002905,0.434,livestock,low,masonry,1195.0,338561.0,6,1,1,19.2,0,0.0,0.0
SYN-002906,0.839,mixed_farming,low,mixed,1860.0,851607.0,11,0,1,9.3,0,0.0,0.0
SYN-002907,0.88,viticulture,medium,masonry,781.0,433435.0,18,0,0,7.5,0,0.0,0.0
SYN-002908,0.465,crop_farming,low,masonry,3307.0,1246891.0,8,0,1,9.6,0,0.0,0.0
SYN-002909,0.953,viticulture,high,masonry,785.0,455528.0,69,0,0,20.2,0,0.0,0.0
SYN-002910,0.904,livestock,high,masonry,629.0,298562.0,51,0,1,12.8,0,0.0,0.0
SYN-002911,0.746,mixed_farming,medium,masonry,591.0,290838.0,41,0,1,9.7,0,0.0,0.0
SYN-002912,0.987,crop_farming,medium,masonry,733.0,423141.0,59,1,0,4.1,0,0.0,0.0
SYN-002913,0.929,livestock,medium,wood,567.0,314364.0,50,0,0,7.8,0,0.0,0.0
SYN-002914,0.534,mixed_farming,medium,mixed,1975.0,767148.0,50,0,1,11.9,0,0.0,0.0
SYN-002915,0.972,livestock,high,mixed,632.0,175917.0,46,0,1,8.9,0,0.0,0.0
SYN-002916,0.666,crop_farming,high,masonry,1112.0,399855.0,29,0,0,24.6,0,0.0,0.0
SYN-002917,0.493,crop_farming,medium,masonry,621.0,348033.0,1,0,0,10.5,1,3989.37,3989.37
SYN-002918,0.52,mixed_farming,medium,mixed,565.0,434558.0,45,0,0,7.4,0,0.0,0.0
SYN-002919,0.811,crop_farming,high,masonry,2488.0,724800.0,63,0,1,13.8,0,0.0,0.0
SYN-002920,0.993,mixed_farming,low,masonry,3435.0,1296080.0,73,1,0,26.0,0,0.0,0.0
SYN-002921,0.667,viticulture,medium,wood,2765.0,711323.0,20,1,1,18.6,1,3513.06,3513.06
SYN-002922,0.744,crop_farming,medium,masonry,466.0,159211.0,74,0,1,2.4,0,0.0,0.0
SYN-002923,0.58,crop_farming,medium,wood,510.0,232756.0,5,0,0,11.0,0,0.0,0.0
SYN-002924,0.907,mixed_farming,medium,masonry,4385.0,2295721.0,19,1,0,12.5,0,0.0,0.0
SYN-002925,0.469,crop_farming,low,masonry,1027.0,378011.0,68,0,1,20.2,0,0.0,0.0
SYN-002926,0.749,mixed_farming,low,masonry,496.0,159777.0,8,2,1,3.6,0,0.0,0.0
SYN-002927,0.752,mixed_farming,medium,wood,2449.0,698773.0,39,0,1,12.0,0,0.0,0.0
SYN-002928,0.401,mixed_farming,high,mixed,1266.0,534079.0,53,0,0,3.8,0,0.0,0.0
SYN-002929,0.964,livestock,high,mixed,1755.0,849313.0,4,0,1,1.5,0,0.0,0.0
SYN-002930,0.985,mixed_farming,medium,masonry,283.0,177587.0,14,0,0,5.3,0,0.0,0.0
SYN-002931,0.68,mixed_farming,low,wood,980.0,353717.0,31,0,0,11.4,0,0.0,0.0
SYN-002932,0.835,crop_farming,medium,mixed,2246.0,719841.0,65,0,0,19.3,0,0.0,0.0
SYN-002933,0.909,livestock,medium,mixed,799.0,193896.0,61,0,1,5.1,0,0.0,0.0
SYN-002934,0.47,mixed_farming,medium,mixed,2705.0,1436809.0,23,0,1,5.1,0,0.0,0.0
SYN-002935,0.451,mixed_farming,medium,mixed,515.0,342204.0,32,0,1,10.0,0,0.0,0.0
SYN-002936,0.814,livestock,low,mixed,1126.0,397290.0,13,0,1,10.1,0,0.0,0.0
SYN-002937,0.736,livestock,medium,masonry,3531.0,1414865.0,36,1,1,8.8,1,10432.56,10432.56
SYN-002938,0.808,crop_farming,medium,wood,574.0,248871.0,66,1,0,3.2,0,0.0,0.0
SYN-002939,0.743,crop_farming,medium,masonry,1446.0,339020.0,8,2,0,4.5,0,0.0,0.0
SYN-002940,0.836,crop_farming,high,wood,1773.0,739654.0,17,0,1,21.8,0,0.0,0.0
SYN-002941,0.493,viticulture,medium,masonry,1286.0,649670.0,24,0,0,16.7,0,0.0,0.0
SYN-002942,0.529,crop_farming,high,masonry,1030.0,423852.0,1,1,0,6.8,0,0.0,0.0
SYN-002943,0.542,mixed_farming,medium,masonry,686.0,241664.0,73,1,1,11.4,0,0.0,0.0
SYN-002944,0.65,crop_farming,medium,mixed,1377.0,585499.0,66,0,1,12.5,0,0.0,0.0
SYN-002945,0.856,crop_farming,high,masonry,1134.0,485290.0,27,0,0,8.6,0,0.0,0.0
SYN-002946,0.899,livestock,high,mixed,476.0,203910.0,8,1,0,1.6,0,0.0,0.0
SYN-002947,0.641,livestock,high,mixed,2477.0,1124362.0,41,0,0,12.5,0,0.0,0.0
SYN-002948,0.761,mixed_farming,high,masonry,671.0,273086.0,34,0,1,1.8,0,0.0,0.0
SYN-002949,0.577,viticulture,medium,masonry,485.0,251743.0,12,0,1,3.8,0,0.0,0.0
SYN-002950,0.685,mixed_farming,low,mixed,823.0,457168.0,32,1,1,16.4,0,0.0,0.0
SYN-002951,0.965,crop_farming,medium,wood,678.0,250254.0,74,0,1,5.5,0,0.0,0.0
SYN-002952,0.562,mixed_farming,high,masonry,1025.0,475608.0,12,1,1,7.2,0,0.0,0.0
SYN-002953,0.873,crop_farming,medium,wood,540.0,278107.0,71,0,0,3.4,0,0.0,0.0
SYN-002954,0.425,viticulture,medium,masonry,1622.0,704773.0,3,0,1,3.4,0,0.0,0.0
SYN-002955,0.607,livestock,high,mixed,2974.0,1448647.0,36,0,1,13.0,0,0.0,0.0
SYN-002956,0.795,livestock,high,mixed,1298.0,746012.0,7,2,1,9.7,0,0.0,0.0
SYN-002957,0.866,crop_farming,high,masonry,474.0,198697.0,56,0,1,9.6,0,0.0,0.0
SYN-002958,0.755,crop_farming,medium,masonry,669.0,371857.0,35,0,1,13.1,0,0.0,0.0
SYN-002959,0.922,crop_farming,medium,mixed,1399.0,570505.0,49,0,1,4.3,0,0.0,0.0
SYN-002960,0.892,viticulture,high,masonry,337.0,439457.0,77,1,0,6.8,0,0.0,0.0
SYN-002961,0.771,mixed_farming,low,masonry,544.0,516222.0,71,0,1,4.2,0,0.0,0.0
SYN-002962,0.609,viticulture,low,masonry,415.0,222131.0,58,0,1,5.5,0,0.0,0.0
SYN-002963,0.618,crop_farming,high,mixed,1306.0,322217.0,28,0,0,4.7,0,0.0,0.0
SYN-002964,0.769,mixed_farming,medium,masonry,4941.0,1438004.0,58,0,1,11.6,1,10754.4,10754.4
SYN-002965,0.794,crop_farming,medium,masonry,534.0,314628.0,44,0,0,19.4,0,0.0,0.0
SYN-002966,0.637,livestock,low,wood,2060.0,486180.0,54,1,1,4.1,0,0.0,0.0
SYN-002967,0.639,livestock,medium,mixed,840.0,338779.0,56,0,1,12.9,0,0.0,0.0
SYN-002968,0.506,crop_farming,high,masonry,514.0,246703.0,62,0,0,18.2,0,0.0,0.0
SYN-002969,0.4,livestock,medium,masonry,3350.0,1637177.0,59,0,1,4.8,0,0.0,0.0
SYN-002970,0.677,crop_farming,medium,masonry,4934.0,2326575.0,43,0,1,6.3,0,0.0,0.0
SYN-002971,0.899,livestock,medium,masonry,1584.0,411290.0,16,0,1,7.9,0,0.0,0.0
SYN-002972,0.86,mixed_farming,high,masonry,1534.0,692001.0,79,0,1,17.9,0,0.0,0.0
SYN-002973,0.996,crop_farming,high,masonry,1262.0,627659.0,6,1,0,16.2,0,0.0,0.0
SYN-002974,0.802,viticulture,medium,masonry,1101.0,337169.0,49,0,1,0.5,0,0.0,0.0
SYN-002975,0.54,livestock,medium,mixed,1512.0,617947.0,19,0,0,7.1,0,0.0,0.0
SYN-002976,0.806,mixed_farming,low,masonry,1881.0,792542.0,51,0,0,9.9,0,0.0,0.0
SYN-002977,0.897,mixed_farming,medium,masonry,3573.0,1196866.0,37,0,0,11.1,0,0.0,0.0
SYN-002978,0.785,mixed_farming,low,wood,863.0,326828.0,2,0,1,11.6,0,0.0,0.0
SYN-002979,0.689,mixed_farming,medium,masonry,1317.0,348019.0,75,0,1,10.6,0,0.0,0.0
SYN-002980,0.771,mixed_farming,medium,mixed,1144.0,560986.0,61,0,1,18.2,0,0.0,0.0
SYN-002981,0.415,mixed_farming,low,masonry,2358.0,803006.0,27,2,1,4.2,0,0.0,0.0
SYN-002982,0.559,crop_farming,low,mixed,5768.0,2094409.0,29,1,1,9.8,0,0.0,0.0
SYN-002983,0.495,crop_farming,low,masonry,2412.0,956719.0,45,1,1,11.7,0,0.0,0.0
SYN-002984,0.648,mixed_farming,low,masonry,2036.0,514582.0,62,0,1,5.6,0,0.0,0.0
SYN-002985,0.936,crop_farming,medium,mixed,2187.0,774680.0,80,0,1,7.5,0,0.0,0.0
SYN-002986,0.513,crop_farming,low,masonry,2762.0,741446.0,68,0,1,1.1,0,0.0,0.0
SYN-002987,0.443,crop_farming,low,masonry,5822.0,1702670.0,7,0,1,4.7,0,0.0,0.0
SYN-002988,0.866,livestock,high,masonry,405.0,191067.0,2,1,1,2.4,0,0.0,0.0
SYN-002989,0.921,crop_farming,low,masonry,1790.0,685602.0,15,1,0,8.4,0,0.0,0.0
SYN-002990,0.719,mixed_farming,high,masonry,226.0,188567.0,31,0,1,6.3,0,0.0,0.0
SYN-002991,0.626,mixed_farming,medium,masonry,2249.0,600560.0,4,0,1,7.2,0,0.0,0.0
SYN-002992,0.658,mixed_farming,medium,masonry,1734.0,561837.0,73,0,1,12.9,0,0.0,0.0
SYN-002993,0.795,livestock,medium,mixed,849.0,253242.0,53,0,1,4.9,0,0.0,0.0
SYN-002994,0.899,livestock,low,mixed,214.0,163181.0,11,0,1,14.7,0,0.0,0.0
SYN-002995,0.514,livestock,high,masonry,1201.0,352886.0,69,0,1,12.4,0,0.0,0.0
SYN-002996,0.941,livestock,high,wood,1401.0,456862.0,60,0,0,6.3,0,0.0,0.0
SYN-002997,0.794,mixed_farming,low,masonry,1163.0,475183.0,25,0,1,7.0,0,0.0,0.0
SYN-002998,0.843,crop_farming,medium,masonry,809.0,459651.0,26,1,0,15.7,0,0.0,0.0
SYN-002999,0.452,viticulture,medium,mixed,677.0,241089.0,56,0,1,6.1,0,0.0,0.0
SYN-003000,0.951,crop_farming,high,mixed,1172.0,579745.0,41,0,1,8.3,0,0.0,0.0
SYN-003001,0.717,mixed_farming,high,masonry,720.0,200874.0,77,1,1,6.8,0,0.0,0.0
SYN-003002,0.617,mixed_farming,low,wood,2051.0,772882.0,73,1,1,17.5,0,0.0,0.0
SYN-003003,0.639,crop_farming,high,wood,1152.0,547359.0,75,0,1,10.0,0,0.0,0.0
SYN-003004,0.576,mixed_farming,high,masonry,395.0,137504.0,51,0,1,9.5,0,0.0,0.0
SYN-003005,0.498,crop_farming,medium,mixed,1359.0,580077.0,62,0,0,13.6,0,0.0,0.0
SYN-003006,0.421,mixed_farming,low,mixed,1586.0,428031.0,35,1,1,3.4,0,0.0,0.0
SYN-003007,0.559,mixed_farming,high,wood,3469.0,1669028.0,61,1,1,8.1,0,0.0,0.0
SYN-003008,0.698,crop_farming,medium,mixed,2216.0,962068.0,56,1,1,10.3,0,0.0,0.0
SYN-003009,0.8,crop_farming,low,masonry,676.0,377037.0,41,0,1,3.9,0,0.0,0.0
SYN-003010,0.84,mixed_farming,high,mixed,3062.0,883591.0,18,1,1,16.3,0,0.0,0.0
SYN-003011,0.757,crop_farming,medium,masonry,492.0,191905.0,78,1,0,10.3,0,0.0,0.0
SYN-003012,0.47,mixed_farming,high,mixed,1234.0,543879.0,1,1,0,7.8,0,0.0,0.0
SYN-003013,0.659,mixed_farming,medium,mixed,1979.0,735986.0,9,0,0,3.8,0,0.0,0.0
SYN-003014,0.8,mixed_farming,low,mixed,3128.0,1460606.0,50,1,1,5.4,0,0.0,0.0
SYN-003015,0.846,crop_farming,high,masonry,4137.0,1471086.0,32,0,1,4.3,1,10724.07,10724.07
SYN-003016,0.595,mixed_farming,medium,masonry,2775.0,1241614.0,69,0,1,10.1,0,0.0,0.0
SYN-003017,0.957,viticulture,medium,mixed,1109.0,566235.0,4,0,1,20.1,0,0.0,0.0
SYN-003018,0.877,crop_farming,medium,masonry,1767.0,568385.0,56,0,0,7.5,0,0.0,0.0
SYN-003019,0.911,livestock,low,masonry,1402.0,747629.0,20,0,0,18.0,0,0.0,0.0
SYN-003020,0.8,crop_farming,medium,masonry,764.0,419593.0,42,0,1,16.7,0,0.0,0.0
SYN-003021,0.648,livestock,medium,wood,1124.0,290982.0,35,0,1,8.6,1,12317.56,12317.56
SYN-003022,0.961,mixed_farming,high,masonry,3899.0,941605.0,12,0,0,5.8,0,0.0,0.0
SYN-003023,0.941,livestock,high,mixed,1845.0,945301.0,34,0,1,4.6,0,0.0,0.0
SYN-003024,0.897,livestock,medium,masonry,4622.0,1921437.0,7,0,1,1.4,0,0.0,0.0
SYN-003025,0.935,livestock,low,mixed,600.0,315881.0,69,0,0,11.0,0,0.0,0.0
SYN-003026,0.95,crop_farming,medium,masonry,946.0,464311.0,23,0,1,13.2,0,0.0,0.0
SYN-003027,0.848,crop_farming,low,masonry,1588.0,473782.0,9,0,1,9.2,0,0.0,0.0
SYN-003028,0.52,mixed_farming,high,masonry,1964.0,506002.0,78,0,1,7.2,0,0.0,0.0
SYN-003029,0.723,mixed_farming,medium,masonry,1123.0,454383.0,50,0,0,21.7,0,0.0,0.0
SYN-003030,0.77,livestock,high,mixed,2039.0,804379.0,37,0,1,12.2,0,0.0,0.0
SYN-003031,0.864,mixed_farming,medium,mixed,2029.0,1157051.0,39,0,1,10.2,0,0.0,0.0
SYN-003032,0.697,crop_farming,low,mixed,492.0,270081.0,65,0,1,2.5,0,0.0,0.0
SYN-003033,0.708,crop_farming,high,mixed,1978.0,986149.0,33,0,1,8.3,0,0.0,0.0
SYN-003034,0.997,crop_farming,medium,mixed,2435.0,1160331.0,2,0,1,7.5,0,0.0,0.0
SYN-003035,0.671,viticulture,high,wood,1469.0,670044.0,54,0,1,6.9,0,0.0,0.0
SYN-003036,0.478,mixed_farming,high,mixed,367.0,210650.0,38,0,1,11.5,0,0.0,0.0
SYN-003037,0.826,mixed_farming,medium,masonry,1012.0,512819.0,10,2,1,8.2,1,3279.39,3279.39
SYN-003038,0.618,crop_farming,medium,masonry,1611.0,633198.0,20,0,1,22.7,0,0.0,0.0
SYN-003039,0.549,crop_farming,medium,mixed,690.0,373297.0,30,1,1,7.3,0,0.0,0.0
SYN-003040,0.777,mixed_farming,high,mixed,2202.0,651711.0,77,0,0,8.4,0,0.0,0.0
SYN-003041,0.973,livestock,high,mixed,1947.0,1029804.0,65,0,0,18.4,0,0.0,0.0
SYN-003042,0.588,viticulture,low,masonry,1323.0,574600.0,16,0,1,2.6,0,0.0,0.0
SYN-003043,0.623,mixed_farming,medium,mixed,1226.0,473631.0,18,1,0,3.3,0,0.0,0.0
SYN-003044,0.679,livestock,low,masonry,1374.0,479433.0,4,1,1,3.3,0,0.0,0.0
SYN-003045,0.813,mixed_farming,medium,masonry,1209.0,386334.0,17,0,1,16.1,0,0.0,0.0
SYN-003046,0.638,viticulture,high,mixed,526.0,271151.0,13,1,1,8.9,0,0.0,0.0
SYN-003047,0.655,livestock,high,mixed,916.0,326641.0,42,0,0,25.8,0,0.0,0.0
SYN-003048,0.821,mixed_farming,medium,masonry,1270.0,308972.0,6,0,1,11.0,1,1418.57,1418.57
SYN-003049,0.991,viticulture,medium,masonry,3048.0,907909.0,44,0,1,8.2,0,0.0,0.0
SYN-003050,0.59,crop_farming,low,mixed,1900.0,596392.0,26,0,0,2.2,0,0.0,0.0
SYN-003051,0.751,mixed_farming,low,masonry,3156.0,1650456.0,55,0,1,3.4,0,0.0,0.0
SYN-003052,0.877,crop_farming,medium,masonry,486.0,385708.0,80,1,1,5.7,0,0.0,0.0
SYN-003053,0.527,mixed_farming,high,mixed,961.0,361765.0,77,0,0,28.1,1,716.17,716.17
SYN-003054,0.891,mixed_farming,medium,mixed,4666.0,2483849.0,75,0,1,8.3,0,0.0,0.0
SYN-003055,0.613,mixed_farming,low,masonry,748.0,253237.0,46,0,1,17.4,0,0.0,0.0
SYN-003056,0.467,livestock,medium,masonry,738.0,451936.0,46,0,1,6.8,0,0.0,0.0
SYN-003057,0.415,mixed_farming,low,mixed,1016.0,537832.0,47,0,1,1.2,0,0.0,0.0
SYN-003058,0.42,crop_farming,low,masonry,4500.0,1952870.0,67,0,1,3.9,0,0.0,0.0
SYN-003059,0.879,crop_farming,high,masonry,783.0,355193.0,22,0,1,7.8,0,0.0,0.0
SYN-003060,0.805,crop_farming,low,masonry,1741.0,827836.0,32,0,1,9.3,0,0.0,0.0
SYN-003061,0.876,mixed_farming,medium,masonry,1564.0,1026904.0,28,1,1,14.5,0,0.0,0.0
SYN-003062,0.852,livestock,medium,mixed,346.0,151311.0,72,0,0,3.1,0,0.0,0.0
SYN-003063,0.629,crop_farming,low,masonry,1200.0,420535.0,17,0,1,7.1,0,0.0,0.0
SYN-003064,0.96,mixed_farming,low,wood,846.0,414865.0,17,0,1,7.3,0,0.0,0.0
SYN-003065,0.927,livestock,low,masonry,1883.0,548599.0,30,0,1,2.6,0,0.0,0.0
SYN-003066,0.609,livestock,low,mixed,3753.0,1803189.0,33,2,1,2.8,0,0.0,0.0
SYN-003067,0.864,livestock,high,masonry,969.0,268202.0,57,0,0,3.5,0,0.0,0.0
SYN-003068,0.892,crop_farming,medium,mixed,969.0,347540.0,10,0,0,6.9,0,0.0,0.0
SYN-003069,0.693,mixed_farming,medium,wood,6227.0,2058236.0,18,0,1,3.2,0,0.0,0.0
SYN-003070,0.472,livestock,medium,masonry,763.0,445580.0,75,0,0,8.2,0,0.0,0.0
SYN-003071,0.6,crop_farming,high,masonry,506.0,260908.0,52,1,1,15.0,0,0.0,0.0
SYN-003072,0.993,viticulture,low,wood,2967.0,1411885.0,28,0,1,3.1,0,0.0,0.0
SYN-003073,0.83,mixed_farming,high,wood,1173.0,706714.0,78,0,1,22.0,0,0.0,0.0
SYN-003074,0.865,mixed_farming,low,wood,1457.0,670219.0,20,0,0,7.0,0,0.0,0.0
SYN-003075,0.947,mixed_farming,high,masonry,5169.0,2405093.0,52,1,0,13.8,0,0.0,0.0
SYN-003076,0.522,viticulture,low,masonry,487.0,239025.0,18,0,1,8.1,0,0.0,0.0
SYN-003077,0.981,livestock,low,masonry,1067.0,416218.0,55,0,0,5.1,0,0.0,0.0
SYN-003078,0.711,mixed_farming,medium,mixed,543.0,164170.0,38,0,1,4.2,0,0.0,0.0
SYN-003079,0.847,mixed_farming,low,masonry,1507.0,450783.0,12,0,0,6.3,0,0.0,0.0
SYN-003080,0.591,crop_farming,medium,masonry,846.0,675457.0,41,1,0,5.5,0,0.0,0.0
SYN-003081,0.598,crop_farming,medium,mixed,565.0,327213.0,36,1,1,8.0,0,0.0,0.0
SYN-003082,0.616,crop_farming,medium,masonry,1951.0,850487.0,54,0,0,2.7,0,0.0,0.0
SYN-003083,0.609,mixed_farming,low,mixed,1220.0,300079.0,72,0,0,1.6,0,0.0,0.0
SYN-003084,0.438,mixed_farming,medium,masonry,537.0,294035.0,65,0,0,3.9,0,0.0,0.0
SYN-003085,0.586,mixed_farming,low,mixed,559.0,334956.0,27,0,1,7.8,0,0.0,0.0
SYN-003086,0.788,livestock,high,masonry,1387.0,730559.0,57,0,1,2.8,0,0.0,0.0
SYN-003087,0.941,crop_farming,medium,mixed,409.0,245805.0,45,0,1,17.5,0,0.0,0.0
SYN-003088,0.425,livestock,medium,masonry,1405.0,604610.0,40,0,0,6.0,0,0.0,0.0
SYN-003089,0.41,livestock,high,masonry,2895.0,856012.0,18,0,1,13.2,0,0.0,0.0
SYN-003090,0.755,viticulture,medium,masonry,1870.0,525399.0,43,0,1,4.2,0,0.0,0.0
SYN-003091,0.82,mixed_farming,medium,mixed,808.0,289112.0,27,0,1,2.2,0,0.0,0.0
SYN-003092,0.765,viticulture,low,masonry,1449.0,623247.0,79,0,0,0.5,0,0.0,0.0
SYN-003093,0.984,mixed_farming,medium,masonry,537.0,313246.0,37,0,1,5.4,0,0.0,0.0
SYN-003094,0.537,viticulture,medium,mixed,1324.0,653490.0,36,0,1,4.0,0,0.0,0.0
SYN-003095,0.689,livestock,low,masonry,980.0,328709.0,7,1,0,4.1,0,0.0,0.0
SYN-003096,0.95,crop_farming,high,masonry,617.0,252404.0,26,0,1,1.9,0,0.0,0.0
SYN-003097,0.77,crop_farming,low,masonry,1818.0,603455.0,80,0,0,7.1,0,0.0,0.0
SYN-003098,0.746,livestock,medium,masonry,335.0,219621.0,52,1,1,7.3,0,0.0,0.0
SYN-003099,0.96,crop_farming,low,masonry,561.0,347123.0,60,0,1,10.7,0,0.0,0.0
SYN-003100,0.603,crop_farming,medium,masonry,606.0,314838.0,54,0,1,6.8,0,0.0,0.0
SYN-003101,0.494,viticulture,high,masonry,873.0,453833.0,39,0,1,11.6,0,0.0,0.0
SYN-003102,0.478,crop_farming,low,masonry,2820.0,1149845.0,75,1,0,28.1,0,0.0,0.0
SYN-003103,0.893,viticulture,medium,mixed,1979.0,887719.0,25,1,1,10.7,0,0.0,0.0
SYN-003104,0.914,mixed_farming,medium,mixed,1298.0,695162.0,29,0,0,8.6,0,0.0,0.0
SYN-003105,0.54,mixed_farming,high,masonry,1259.0,554971.0,59,0,1,8.7,0,0.0,0.0
SYN-003106,0.674,mixed_farming,low,masonry,1203.0,352238.0,41,0,0,5.0,0,0.0,0.0
SYN-003107,0.751,livestock,medium,mixed,2956.0,999052.0,32,0,1,4.0,0,0.0,0.0
SYN-003108,0.483,mixed_farming,medium,masonry,372.0,281851.0,50,0,1,5.9,0,0.0,0.0
SYN-003109,0.909,crop_farming,medium,mixed,2001.0,540372.0,67,0,0,4.0,0,0.0,0.0
SYN-003110,0.651,viticulture,medium,masonry,871.0,349130.0,57,0,1,4.9,0,0.0,0.0
SYN-003111,0.918,livestock,medium,masonry,1681.0,1008932.0,35,1,0,3.8,0,0.0,0.0
SYN-003112,0.856,crop_farming,medium,masonry,1686.0,498964.0,4,0,0,6.1,0,0.0,0.0
SYN-003113,0.577,mixed_farming,low,mixed,1952.0,637910.0,65,0,1,5.8,0,0.0,0.0
SYN-003114,0.83,mixed_farming,medium,masonry,3393.0,1111546.0,73,0,0,6.7,0,0.0,0.0
SYN-003115,0.844,livestock,medium,masonry,497.0,277286.0,60,0,1,8.8,0,0.0,0.0
SYN-003116,0.587,mixed_farming,medium,masonry,2330.0,767941.0,15,0,1,3.6,0,0.0,0.0
SYN-003117,0.552,crop_farming,low,mixed,1163.0,275055.0,70,0,1,4.7,0,0.0,0.0
SYN-003118,0.894,mixed_farming,medium,masonry,898.0,453022.0,19,1,1,2.4,0,0.0,0.0
SYN-003119,0.807,crop_farming,medium,mixed,4546.0,1756547.0,70,0,0,11.1,0,0.0,0.0
SYN-003120,0.844,crop_farming,medium,masonry,1913.0,443888.0,56,0,1,24.5,0,0.0,0.0
SYN-003121,0.588,crop_farming,high,masonry,924.0,460406.0,41,0,0,8.6,0,0.0,0.0
SYN-003122,0.833,livestock,medium,masonry,2258.0,821114.0,16,1,1,11.1,0,0.0,0.0
SYN-003123,0.829,livestock,medium,wood,1176.0,510356.0,35,0,1,3.4,0,0.0,0.0
SYN-003124,0.6,livestock,low,masonry,915.0,426081.0,11,1,0,19.3,0,0.0,0.0
SYN-003125,0.562,crop_farming,high,masonry,817.0,241765.0,57,0,0,13.1,0,0.0,0.0
SYN-003126,0.659,crop_farming,low,mixed,1477.0,423920.0,76,0,0,1.4,0,0.0,0.0
SYN-003127,0.843,livestock,medium,masonry,813.0,563232.0,67,2,0,6.6,0,0.0,0.0
SYN-003128,0.516,crop_farming,low,masonry,1341.0,474427.0,52,1,1,7.7,0,0.0,0.0
SYN-003129,0.925,mixed_farming,low,masonry,2157.0,615213.0,79,0,1,7.8,0,0.0,0.0
SYN-003130,0.553,viticulture,medium,mixed,1302.0,448467.0,76,0,1,3.1,0,0.0,0.0
SYN-003131,0.904,livestock,low,masonry,4380.0,1605528.0,80,0,1,3.7,0,0.0,0.0
SYN-003132,0.493,viticulture,low,mixed,1222.0,652397.0,6,0,1,3.6,0,0.0,0.0
SYN-003133,0.844,crop_farming,low,mixed,2913.0,1214054.0,78,0,1,10.5,0,0.0,0.0
SYN-003134,0.737,crop_farming,high,masonry,2286.0,1179915.0,3,0,1,7.5,0,0.0,0.0
SYN-003135,0.797,mixed_farming,medium,masonry,3266.0,1221316.0,32,0,0,8.1,0,0.0,0.0
SYN-003136,0.984,mixed_farming,high,mixed,4367.0,1751174.0,23,0,1,4.4,0,0.0,0.0
SYN-003137,0.432,mixed_farming,high,wood,386.0,181681.0,69,0,0,3.6,0,0.0,0.0
SYN-003138,0.489,crop_farming,high,mixed,1440.0,388592.0,4,0,1,1.3,0,0.0,0.0
SYN-003139,0.447,mixed_farming,medium,masonry,1127.0,360946.0,77,0,1,2.4,0,0.0,0.0
SYN-003140,0.712,livestock,low,mixed,1303.0,362717.0,36,0,1,2.2,0,0.0,0.0
SYN-003141,0.882,livestock,low,mixed,936.0,441496.0,7,0,1,26.7,0,0.0,0.0
SYN-003142,0.433,crop_farming,low,wood,851.0,306417.0,77,0,1,1.3,0,0.0,0.0
SYN-003143,0.868,viticulture,medium,masonry,593.0,234651.0,5,1,1,8.8,0,0.0,0.0
SYN-003144,0.66,crop_farming,low,mixed,1291.0,711358.0,29,2,0,11.3,0,0.0,0.0
SYN-003145,0.965,mixed_farming,low,mixed,2224.0,935198.0,22,0,0,1.5,0,0.0,0.0
SYN-003146,0.63,mixed_farming,medium,wood,879.0,510585.0,59,0,1,11.0,0,0.0,0.0
SYN-003147,0.991,mixed_farming,low,mixed,979.0,520359.0,20,0,1,6.9,0,0.0,0.0
SYN-003148,0.734,mixed_farming,low,wood,770.0,346768.0,52,0,0,4.8,0,0.0,0.0
SYN-003149,0.994,mixed_farming,low,masonry,635.0,211461.0,8,0,1,22.9,0,0.0,0.0
SYN-003150,0.779,crop_farming,medium,masonry,1040.0,632452.0,3,0,1,1.3,0,0.0,0.0
SYN-003151,0.608,crop_farming,low,masonry,1515.0,826985.0,6,0,0,8.5,0,0.0,0.0
SYN-003152,0.882,mixed_farming,low,mixed,2744.0,1487098.0,19,0,1,14.0,0,0.0,0.0
SYN-003153,0.692,livestock,low,masonry,558.0,312482.0,40,0,1,6.8,0,0.0,0.0
SYN-003154,0.585,crop_farming,medium,mixed,1188.0,509217.0,51,0,0,20.3,0,0.0,0.0
SYN-003155,0.687,crop_farming,low,wood,2607.0,805382.0,50,0,1,4.2,0,0.0,0.0
SYN-003156,0.923,livestock,low,wood,563.0,235134.0,8,0,0,6.5,1,5156.03,5156.03
SYN-003157,0.839,crop_farming,high,mixed,2762.0,685423.0,30,0,0,19.9,0,0.0,0.0
SYN-003158,0.504,crop_farming,high,mixed,911.0,489936.0,37,0,1,40.0,0,0.0,0.0
SYN-003159,0.903,viticulture,low,masonry,1924.0,813603.0,32,0,0,16.5,0,0.0,0.0
SYN-003160,0.659,livestock,low,masonry,1052.0,567921.0,55,0,1,9.3,0,0.0,0.0
SYN-003161,0.45,viticulture,low,masonry,1633.0,468373.0,40,1,0,1.3,0,0.0,0.0
SYN-003162,0.488,viticulture,medium,mixed,3449.0,1911628.0,28,0,0,4.6,0,0.0,0.0
SYN-003163,0.44,crop_farming,low,masonry,1120.0,445775.0,18,0,1,3.7,0,0.0,0.0
SYN-003164,0.806,mixed_farming,high,masonry,2316.0,1208729.0,25,1,1,17.0,0,0.0,0.0
SYN-003165,0.555,mixed_farming,high,mixed,1449.0,615741.0,67,1,0,10.3,0,0.0,0.0
SYN-003166,0.458,mixed_farming,medium,masonry,727.0,224695.0,58,1,0,6.3,0,0.0,0.0
SYN-003167,0.619,crop_farming,low,mixed,1103.0,560549.0,35,0,1,9.4,0,0.0,0.0
SYN-003168,0.92,crop_farming,high,masonry,1059.0,468342.0,34,0,0,7.5,0,0.0,0.0
SYN-003169,0.777,crop_farming,medium,mixed,484.0,182768.0,24,1,1,8.2,0,0.0,0.0
SYN-003170,0.692,mixed_farming,medium,masonry,1633.0,478834.0,43,0,0,13.6,0,0.0,0.0
SYN-003171,0.84,viticulture,low,mixed,1859.0,972782.0,71,0,1,2.5,0,0.0,0.0
SYN-003172,0.446,mixed_farming,medium,mixed,2055.0,1096739.0,16,2,1,7.1,0,0.0,0.0
SYN-003173,0.93,mixed_farming,high,masonry,3070.0,1274173.0,47,0,1,1.7,0,0.0,0.0
SYN-003174,0.507,viticulture,high,masonry,2253.0,732102.0,64,0,0,8.4,0,0.0,0.0
SYN-003175,0.413,mixed_farming,medium,wood,819.0,283316.0,6,0,1,14.5,0,0.0,0.0
SYN-003176,0.617,crop_farming,medium,masonry,940.0,316524.0,48,0,0,9.4,0,0.0,0.0
SYN-003177,0.435,mixed_farming,medium,mixed,2091.0,936888.0,47,0,1,4.8,0,0.0,0.0
SYN-003178,0.5,livestock,medium,masonry,1561.0,573967.0,78,0,1,7.1,0,0.0,0.0
SYN-003179,0.843,crop_farming,high,mixed,1198.0,490822.0,31,0,0,2.5,0,0.0,0.0
SYN-003180,0.643,livestock,medium,masonry,686.0,441859.0,61,0,0,9.5,0,0.0,0.0
SYN-003181,0.404,viticulture,low,mixed,858.0,515381.0,7,0,1,2.2,0,0.0,0.0
SYN-003182,0.786,crop_farming,low,mixed,1770.0,522129.0,48,0,0,6.5,0,0.0,0.0
SYN-003183,0.824,livestock,medium,masonry,341.0,265742.0,21,0,0,5.2,0,0.0,0.0
SYN-003184,0.941,crop_farming,high,masonry,265.0,149377.0,50,0,0,9.4,0,0.0,0.0
SYN-003185,0.493,crop_farming,low,wood,1902.0,594044.0,49,0,1,7.0,0,0.0,0.0
SYN-003186,0.914,crop_farming,medium,mixed,857.0,372598.0,27,0,0,6.8,0,0.0,0.0
SYN-003187,0.825,mixed_farming,high,wood,1643.0,421932.0,68,0,1,1.0,0,0.0,0.0
SYN-003188,0.738,mixed_farming,medium,mixed,3377.0,803515.0,36,0,1,7.7,0,0.0,0.0
SYN-003189,0.557,crop_farming,low,mixed,627.0,330606.0,21,0,1,7.1,0,0.0,0.0
SYN-003190,0.675,crop_farming,medium,mixed,409.0,181645.0,54,0,0,6.0,0,0.0,0.0
SYN-003191,0.519,crop_farming,medium,wood,1013.0,503608.0,43,0,1,8.0,1,9509.52,9509.52
SYN-003192,0.831,crop_farming,low,masonry,777.0,198191.0,42,1,1,3.0,0,0.0,0.0
SYN-003193,0.822,livestock,medium,masonry,1192.0,554052.0,11,0,1,8.0,0,0.0,0.0
SYN-003194,0.515,mixed_farming,medium,mixed,1719.0,726570.0,77,0,1,8.0,0,0.0,0.0
SYN-003195,0.552,mixed_farming,medium,wood,1499.0,741555.0,30,1,1,2.6,0,0.0,0.0
SYN-003196,0.941,livestock,medium,masonry,1249.0,417374.0,45,0,1,8.6,0,0.0,0.0
SYN-003197,0.683,livestock,low,masonry,2411.0,965829.0,13,0,1,13.9,0,0.0,0.0
SYN-003198,0.731,crop_farming,low,mixed,1874.0,1015009.0,2,0,1,7.7,0,0.0,0.0
SYN-003199,0.975,crop_farming,low,mixed,1077.0,375952.0,58,0,0,2.5,0,0.0,0.0
SYN-003200,0.524,viticulture,low,masonry,1832.0,468870.0,11,0,1,10.9,0,0.0,0.0
SYN-003201,0.776,mixed_farming,medium,mixed,444.0,279185.0,56,0,1,2.4,0,0.0,0.0
SYN-003202,0.864,viticulture,low,masonry,2420.0,1303712.0,4,0,1,3.6,0,0.0,0.0
SYN-003203,0.592,viticulture,medium,masonry,1230.0,358510.0,27,0,1,2.6,0,0.0,0.0
SYN-003204,0.585,mixed_farming,low,mixed,555.0,180176.0,73,0,0,6.4,0,0.0,0.0
SYN-003205,0.938,viticulture,low,masonry,924.0,493750.0,45,0,0,20.1,0,0.0,0.0
SYN-003206,0.46,livestock,low,mixed,2379.0,859274.0,26,0,1,5.1,0,0.0,0.0
SYN-003207,0.494,crop_farming,medium,masonry,736.0,283064.0,10,0,1,4.3,0,0.0,0.0
SYN-003208,0.647,crop_farming,medium,mixed,1583.0,643759.0,67,0,0,28.5,0,0.0,0.0
SYN-003209,0.879,crop_farming,high,masonry,2146.0,491657.0,46,0,1,5.8,0,0.0,0.0
SYN-003210,0.673,crop_farming,low,wood,1231.0,486977.0,36,0,0,3.7,0,0.0,0.0
SYN-003211,0.562,livestock,medium,mixed,691.0,291042.0,63,0,0,2.6,0,0.0,0.0
SYN-003212,0.652,mixed_farming,medium,masonry,1163.0,576537.0,74,0,0,6.5,1,6643.64,6643.64
SYN-003213,0.667,mixed_farming,low,wood,485.0,302748.0,54,0,0,5.9,0,0.0,0.0
SYN-003214,0.836,mixed_farming,low,masonry,882.0,432432.0,39,1,1,16.7,0,0.0,0.0
SYN-003215,0.921,crop_farming,low,masonry,590.0,332026.0,51,0,1,6.1,0,0.0,0.0
SYN-003216,0.593,mixed_farming,low,wood,1176.0,725999.0,69,0,1,0.7,0,0.0,0.0
SYN-003217,0.825,livestock,high,wood,531.0,240677.0,23,0,1,4.2,0,0.0,0.0
SYN-003218,0.821,crop_farming,medium,mixed,1279.0,694013.0,54,0,0,2.5,0,0.0,0.0
SYN-003219,0.86,crop_farming,medium,wood,2531.0,1419951.0,42,0,0,4.8,0,0.0,0.0
SYN-003220,0.745,livestock,medium,masonry,2636.0,780012.0,22,0,1,5.5,0,0.0,0.0
SYN-003221,0.409,crop_farming,medium,masonry,539.0,290216.0,19,1,0,4.0,0,0.0,0.0
SYN-003222,0.794,mixed_farming,medium,masonry,786.0,406496.0,47,0,1,3.8,0,0.0,0.0
SYN-003223,0.767,mixed_farming,low,masonry,2110.0,982883.0,15,1,1,3.5,0,0.0,0.0
SYN-003224,0.767,mixed_farming,medium,mixed,1915.0,925625.0,22,0,1,7.2,0,0.0,0.0
SYN-003225,0.569,crop_farming,low,masonry,813.0,303602.0,31,0,0,6.1,0,0.0,0.0
SYN-003226,0.459,mixed_farming,low,mixed,883.0,495909.0,16,0,1,5.6,0,0.0,0.0
SYN-003227,0.514,mixed_farming,low,masonry,1279.0,448943.0,26,0,1,20.0,0,0.0,0.0
SYN-003228,0.53,crop_farming,medium,masonry,368.0,248082.0,26,0,1,8.3,0,0.0,0.0
SYN-003229,0.504,mixed_farming,medium,mixed,1705.0,848153.0,4,0,1,9.5,0,0.0,0.0
SYN-003230,0.547,livestock,medium,masonry,2450.0,845538.0,24,0,0,7.4,0,0.0,0.0
SYN-003231,0.441,livestock,low,mixed,941.0,403356.0,54,0,1,2.2,0,0.0,0.0
SYN-003232,0.562,crop_farming,high,mixed,482.0,272986.0,40,0,1,0.9,0,0.0,0.0
SYN-003233,0.999,livestock,low,mixed,3036.0,1556160.0,30,0,1,4.0,0,0.0,0.0
SYN-003234,0.707,crop_farming,high,wood,1398.0,633926.0,51,0,0,6.3,0,0.0,0.0
SYN-003235,0.607,crop_farming,medium,wood,1921.0,819704.0,16,0,1,7.5,0,0.0,0.0
SYN-003236,0.832,crop_farming,medium,masonry,514.0,249975.0,78,0,1,3.3,0,0.0,0.0
SYN-003237,0.682,viticulture,medium,mixed,515.0,149308.0,6,0,1,13.4,0,0.0,0.0
SYN-003238,0.418,crop_farming,medium,masonry,1586.0,392791.0,38,0,0,2.8,0,0.0,0.0
SYN-003239,0.728,livestock,medium,masonry,2364.0,884637.0,64,0,1,6.1,0,0.0,0.0
SYN-003240,0.582,livestock,low,mixed,582.0,299550.0,61,0,1,8.6,0,0.0,0.0
SYN-003241,0.743,mixed_farming,medium,mixed,1134.0,294620.0,37,0,1,8.0,0,0.0,0.0
SYN-003242,0.504,livestock,low,mixed,432.0,133075.0,40,0,0,27.3,0,0.0,0.0
SYN-003243,0.69,viticulture,medium,mixed,768.0,263322.0,71,0,1,10.0,0,0.0,0.0
SYN-003244,0.516,crop_farming,medium,mixed,1025.0,587131.0,35,0,1,7.5,0,0.0,0.0
SYN-003245,0.579,crop_farming,high,mixed,1665.0,434851.0,4,0,1,14.5,0,0.0,0.0
SYN-003246,0.812,livestock,medium,masonry,308.0,183542.0,33,0,1,12.1,0,0.0,0.0
SYN-003247,0.537,livestock,low,masonry,2859.0,1337791.0,4,0,1,2.2,0,0.0,0.0
SYN-003248,0.65,mixed_farming,medium,masonry,1085.0,538086.0,71,0,1,5.9,0,0.0,0.0
SYN-003249,0.444,mixed_farming,low,mixed,2811.0,1303017.0,18,0,0,11.4,0,0.0,0.0
SYN-003250,0.812,livestock,medium,masonry,1909.0,652371.0,12,1,0,9.3,2,12839.29,25678.57
SYN-003251,0.723,viticulture,medium,masonry,2109.0,580500.0,51,0,1,5.5,0,0.0,0.0
SYN-003252,0.888,livestock,medium,masonry,4506.0,1228521.0,24,0,1,15.9,0,0.0,0.0
SYN-003253,0.721,crop_farming,low,mixed,729.0,378943.0,60,0,0,22.9,0,0.0,0.0
SYN-003254,0.997,livestock,low,masonry,1324.0,428811.0,58,0,1,4.5,0,0.0,0.0
SYN-003255,0.545,crop_farming,medium,masonry,637.0,349863.0,42,0,1,28.0,0,0.0,0.0
SYN-003256,0.845,mixed_farming,low,masonry,1134.0,355646.0,24,0,1,12.4,0,0.0,0.0
SYN-003257,0.659,crop_farming,low,masonry,1935.0,744194.0,23,0,1,8.2,0,0.0,0.0
SYN-003258,0.626,livestock,medium,masonry,2522.0,833399.0,1,1,0,13.5,0,0.0,0.0
SYN-003259,0.839,livestock,medium,wood,945.0,384673.0,71,0,1,2.9,0,0.0,0.0
SYN-003260,0.973,crop_farming,low,masonry,554.0,255611.0,18,1,0,12.5,0,0.0,0.0
SYN-003261,0.853,crop_farming,medium,masonry,1271.0,516448.0,38,1,1,7.9,0,0.0,0.0
SYN-003262,0.598,mixed_farming,high,mixed,697.0,247611.0,3,0,1,14.8,0,0.0,0.0
SYN-003263,0.706,crop_farming,medium,mixed,832.0,423584.0,41,1,1,12.1,0,0.0,0.0
SYN-003264,0.53,livestock,low,masonry,1875.0,880950.0,24,0,0,18.5,0,0.0,0.0
SYN-003265,0.772,livestock,low,masonry,1662.0,754741.0,41,0,1,3.2,0,0.0,0.0
SYN-003266,0.642,crop_farming,low,wood,2084.0,607218.0,27,0,1,11.3,0,0.0,0.0
SYN-003267,0.537,crop_farming,medium,wood,973.0,465207.0,62,0,1,4.6,0,0.0,0.0
SYN-003268,0.413,mixed_farming,medium,masonry,2335.0,859950.0,77,0,1,10.9,0,0.0,0.0
SYN-003269,0.955,viticulture,low,mixed,1223.0,502767.0,52,0,1,9.0,0,0.0,0.0
SYN-003270,0.447,crop_farming,low,masonry,1008.0,302427.0,65,0,1,5.4,0,0.0,0.0
SYN-003271,0.598,viticulture,low,masonry,593.0,394120.0,37,0,1,4.9,0,0.0,0.0
SYN-003272,0.514,mixed_farming,low,masonry,312.0,402501.0,10,0,0,2.2,0,0.0,0.0
SYN-003273,0.696,mixed_farming,high,mixed,439.0,231275.0,29,0,1,13.6,0,0.0,0.0
SYN-003274,0.517,mixed_farming,low,masonry,1394.0,359426.0,10,0,1,9.8,0,0.0,0.0
SYN-003275,0.842,mixed_farming,low,masonry,672.0,330703.0,4,0,1,6.6,0,0.0,0.0
SYN-003276,0.535,mixed_farming,medium,masonry,416.0,216274.0,80,0,0,9.2,0,0.0,0.0
SYN-003277,0.511,livestock,low,masonry,923.0,443057.0,39,0,0,21.3,0,0.0,0.0
SYN-003278,0.53,livestock,low,masonry,1454.0,365793.0,54,0,1,6.3,0,0.0,0.0
SYN-003279,0.579,livestock,medium,masonry,1587.0,502105.0,35,1,1,5.8,0,0.0,0.0
SYN-003280,0.785,crop_farming,low,mixed,1189.0,576282.0,51,0,1,5.0,0,0.0,0.0
SYN-003281,0.526,mixed_farming,low,masonry,1165.0,572684.0,24,0,1,11.2,0,0.0,0.0
SYN-003282,0.818,crop_farming,medium,masonry,854.0,229698.0,48,0,1,4.0,0,0.0,0.0
SYN-003283,0.658,crop_farming,medium,mixed,1830.0,942742.0,43,0,1,6.7,0,0.0,0.0
SYN-003284,0.518,crop_farming,low,masonry,1080.0,599332.0,12,1,0,4.5,0,0.0,0.0
SYN-003285,0.544,crop_farming,high,masonry,1153.0,422364.0,44,0,0,10.1,0,0.0,0.0
SYN-003286,0.716,mixed_farming,low,wood,2379.0,1043990.0,22,0,1,8.0,0,0.0,0.0
SYN-003287,0.627,mixed_farming,high,mixed,2028.0,680622.0,45,0,1,11.6,0,0.0,0.0
SYN-003288,0.708,livestock,high,masonry,1075.0,603334.0,35,0,1,1.9,0,0.0,0.0
SYN-003289,0.888,crop_farming,medium,masonry,980.0,517390.0,26,0,1,4.8,0,0.0,0.0
SYN-003290,0.427,livestock,low,masonry,975.0,521038.0,36,0,1,7.4,0,0.0,0.0
SYN-003291,0.636,livestock,high,masonry,326.0,150250.0,6,0,0,11.3,0,0.0,0.0
SYN-003292,0.649,mixed_farming,medium,wood,2472.0,753448.0,78,0,1,7.1,0,0.0,0.0
SYN-003293,0.551,livestock,low,mixed,777.0,409316.0,47,1,1,7.2,0,0.0,0.0
SYN-003294,0.665,livestock,medium,masonry,2112.0,931497.0,4,1,1,14.2,0,0.0,0.0
SYN-003295,0.74,livestock,medium,masonry,1245.0,515669.0,12,0,1,5.0,0,0.0,0.0
SYN-003296,0.751,viticulture,high,masonry,2995.0,778863.0,2,0,1,9.7,0,0.0,0.0
SYN-003297,0.802,mixed_farming,medium,masonry,1710.0,591845.0,21,1,1,11.7,0,0.0,0.0
SYN-003298,0.446,livestock,high,masonry,2193.0,1036949.0,74,0,0,3.8,0,0.0,0.0
SYN-003299,0.676,livestock,medium,masonry,825.0,264205.0,59,0,0,6.1,0,0.0,0.0
SYN-003300,0.855,crop_farming,medium,wood,526.0,297011.0,71,1,1,10.8,0,0.0,0.0
SYN-003301,0.673,viticulture,medium,mixed,1334.0,569312.0,39,1,1,6.1,0,0.0,0.0
SYN-003302,0.794,livestock,high,wood,349.0,202244.0,24,0,0,9.5,1,34214.02,34214.02
SYN-003303,0.754,crop_farming,high,wood,894.0,321597.0,31,0,1,6.1,0,0.0,0.0
SYN-003304,0.679,viticulture,high,wood,559.0,295201.0,26,0,1,19.1,0,0.0,0.0
SYN-003305,0.447,mixed_farming,medium,wood,702.0,445891.0,70,0,1,9.0,0,0.0,0.0
SYN-003306,0.78,crop_farming,medium,masonry,1785.0,714193.0,48,0,1,4.1,0,0.0,0.0
SYN-003307,0.721,crop_farming,low,masonry,1710.0,436707.0,67,0,1,8.1,0,0.0,0.0
SYN-003308,0.403,crop_farming,high,masonry,1091.0,580575.0,17,0,1,5.3,0,0.0,0.0
SYN-003309,0.524,mixed_farming,low,mixed,1492.0,545300.0,73,0,1,7.9,0,0.0,0.0
SYN-003310,0.437,crop_farming,low,mixed,853.0,503548.0,71,1,1,14.5,0,0.0,0.0
SYN-003311,0.742,viticulture,medium,masonry,5868.0,1631056.0,48,0,1,5.6,0,0.0,0.0
SYN-003312,0.409,viticulture,medium,mixed,1474.0,801621.0,22,0,1,6.2,0,0.0,0.0
SYN-003313,0.905,livestock,medium,mixed,826.0,647478.0,48,1,1,1.5,0,0.0,0.0
SYN-003314,0.968,mixed_farming,low,mixed,2141.0,772660.0,5,0,0,8.3,0,0.0,0.0
SYN-003315,0.985,crop_farming,low,masonry,2714.0,821830.0,16,0,1,5.8,0,0.0,0.0
SYN-003316,0.536,crop_farming,low,masonry,733.0,320785.0,43,0,1,12.0,0,0.0,0.0
SYN-003317,0.697,mixed_farming,low,masonry,482.0,145540.0,78,0,0,3.2,0,0.0,0.0
SYN-003318,0.935,crop_farming,low,masonry,548.0,238431.0,59,0,0,10.8,0,0.0,0.0
SYN-003319,0.812,crop_farming,medium,mixed,784.0,370823.0,19,0,1,10.2,0,0.0,0.0
SYN-003320,0.579,livestock,low,masonry,1170.0,661865.0,77,0,1,8.2,0,0.0,0.0
SYN-003321,0.9,crop_farming,medium,masonry,420.0,271488.0,39,0,1,18.8,1,7762.28,7762.28
SYN-003322,0.744,livestock,low,masonry,923.0,425084.0,50,0,1,25.4,0,0.0,0.0
SYN-003323,0.838,mixed_farming,medium,mixed,1059.0,458619.0,65,0,0,15.0,0,0.0,0.0
SYN-003324,0.982,mixed_farming,high,masonry,1497.0,542460.0,9,0,1,1.1,0,0.0,0.0
SYN-003325,0.999,mixed_farming,low,wood,1804.0,919344.0,16,1,1,4.2,0,0.0,0.0
SYN-003326,0.703,mixed_farming,low,masonry,1573.0,673091.0,53,0,1,2.8,0,0.0,0.0
SYN-003327,0.494,livestock,medium,wood,3885.0,2035831.0,35,0,1,3.6,0,0.0,0.0
SYN-003328,0.772,mixed_farming,low,masonry,2468.0,739052.0,8,0,1,15.6,0,0.0,0.0
SYN-003329,0.786,livestock,high,masonry,1400.0,543523.0,12,0,1,22.2,1,14264.78,14264.78
SYN-003330,0.743,crop_farming,high,wood,645.0,315786.0,16,1,0,15.2,0,0.0,0.0
SYN-003331,0.653,viticulture,medium,mixed,781.0,400961.0,40,0,1,9.5,0,0.0,0.0
SYN-003332,0.749,crop_farming,high,mixed,479.0,199304.0,24,0,1,3.0,0,0.0,0.0
SYN-003333,0.72,crop_farming,medium,mixed,1339.0,601420.0,73,0,1,6.9,0,0.0,0.0
SYN-003334,0.967,crop_farming,medium,masonry,1503.0,510012.0,5,0,0,12.5,0,0.0,0.0
SYN-003335,0.903,livestock,low,mixed,2165.0,603438.0,35,0,1,24.9,0,0.0,0.0
SYN-003336,0.636,livestock,low,masonry,1442.0,461902.0,30,0,0,16.8,0,0.0,0.0
SYN-003337,0.743,livestock,low,mixed,2404.0,814516.0,11,1,0,5.4,0,0.0,0.0
SYN-003338,0.74,mixed_farming,medium,wood,2437.0,785476.0,62,0,0,5.9,0,0.0,0.0
SYN-003339,0.706,crop_farming,medium,wood,621.0,253754.0,61,1,1,6.6,0,0.0,0.0
SYN-003340,0.435,livestock,low,mixed,865.0,475722.0,5,0,1,11.9,0,0.0,0.0
SYN-003341,0.828,livestock,medium,mixed,1203.0,410956.0,44,0,1,3.7,0,0.0,0.0
SYN-003342,0.839,mixed_farming,low,masonry,766.0,207437.0,40,0,1,7.4,0,0.0,0.0
SYN-003343,0.691,crop_farming,low,masonry,1035.0,721068.0,5,0,1,9.7,0,0.0,0.0
SYN-003344,0.941,crop_farming,low,wood,1474.0,796116.0,19,0,1,11.6,0,0.0,0.0
SYN-003345,0.99,livestock,medium,mixed,1119.0,441568.0,30,0,0,8.1,0,0.0,0.0
SYN-003346,0.888,mixed_farming,medium,masonry,1212.0,690879.0,46,0,1,7.1,0,0.0,0.0
SYN-003347,0.957,mixed_farming,medium,mixed,657.0,371799.0,37,0,1,12.3,0,0.0,0.0
SYN-003348,0.693,mixed_farming,low,masonry,1684.0,824675.0,40,1,1,9.6,0,0.0,0.0
SYN-003349,0.949,mixed_farming,medium,mixed,1606.0,808227.0,59,1,1,14.1,0,0.0,0.0
SYN-003350,0.961,livestock,high,mixed,738.0,371757.0,14,0,1,5.4,0,0.0,0.0
SYN-003351,0.774,crop_farming,low,masonry,523.0,300158.0,6,0,0,25.7,0,0.0,0.0
SYN-003352,0.49,crop_farming,medium,masonry,2696.0,1099041.0,69,0,1,15.4,0,0.0,0.0
SYN-003353,0.491,crop_farming,low,mixed,3776.0,1776644.0,19,1,0,15.2,0,0.0,0.0
SYN-003354,0.683,livestock,low,masonry,1412.0,404408.0,41,0,0,5.9,0,0.0,0.0
SYN-003355,0.841,livestock,medium,wood,958.0,452289.0,6,0,1,3.6,0,0.0,0.0
SYN-003356,0.701,livestock,low,masonry,2392.0,1245743.0,79,0,1,2.5,0,0.0,0.0
SYN-003357,0.88,livestock,medium,masonry,1645.0,418228.0,58,0,1,33.9,0,0.0,0.0
SYN-003358,0.862,livestock,high,masonry,1057.0,580493.0,79,0,1,16.8,0,0.0,0.0
SYN-003359,0.522,mixed_farming,low,mixed,2274.0,1105786.0,77,0,1,5.4,0,0.0,0.0
SYN-003360,0.48,mixed_farming,low,mixed,716.0,789779.0,21,0,1,3.6,0,0.0,0.0
SYN-003361,0.824,livestock,high,mixed,774.0,392488.0,33,0,1,11.3,0,0.0,0.0
SYN-003362,0.592,livestock,medium,wood,1535.0,859769.0,71,1,1,6.6,0,0.0,0.0
SYN-003363,0.959,mixed_farming,high,mixed,1305.0,368489.0,43,0,0,12.5,0,0.0,0.0
SYN-003364,0.921,mixed_farming,low,masonry,1834.0,831415.0,58,0,1,5.1,0,0.0,0.0
SYN-003365,0.671,livestock,medium,masonry,2632.0,1153452.0,37,0,0,8.9,0,0.0,0.0
SYN-003366,0.748,livestock,high,wood,442.0,293351.0,35,0,1,12.6,0,0.0,0.0
SYN-003367,0.908,mixed_farming,low,masonry,1243.0,376360.0,33,0,1,25.8,0,0.0,0.0
SYN-003368,0.923,mixed_farming,high,wood,4170.0,1776470.0,66,0,0,10.2,1,19861.96,19861.96
SYN-003369,0.734,crop_farming,medium,wood,822.0,431541.0,40,0,0,4.5,0,0.0,0.0
SYN-003370,0.983,livestock,high,mixed,762.0,448456.0,34,0,0,0.5,0,0.0,0.0
SYN-003371,0.713,mixed_farming,low,mixed,282.0,112820.0,41,0,0,7.1,0,0.0,0.0
SYN-003372,0.425,crop_farming,medium,wood,1295.0,570324.0,40,0,1,8.9,0,0.0,0.0
SYN-003373,0.738,mixed_farming,low,mixed,1768.0,609302.0,17,0,1,11.4,0,0.0,0.0
SYN-003374,0.866,crop_farming,high,mixed,1765.0,630742.0,30,0,1,24.2,1,25975.28,25975.28
SYN-003375,0.991,livestock,low,masonry,618.0,286619.0,51,1,0,9.6,0,0.0,0.0
SYN-003376,0.463,livestock,low,masonry,1205.0,579268.0,68,1,0,17.8,0,0.0,0.0
SYN-003377,0.664,crop_farming,high,masonry,1400.0,885590.0,33,0,1,12.9,0,0.0,0.0
SYN-003378,0.752,viticulture,low,wood,1254.0,485394.0,73,0,0,6.1,0,0.0,0.0
SYN-003379,0.929,livestock,medium,mixed,595.0,316929.0,80,1,1,8.9,0,0.0,0.0
SYN-003380,0.83,viticulture,low,mixed,1274.0,713289.0,13,0,0,18.4,0,0.0,0.0
SYN-003381,0.539,crop_farming,medium,masonry,714.0,312071.0,17,1,1,1.9,0,0.0,0.0
SYN-003382,0.916,mixed_farming,low,wood,359.0,207361.0,48,0,0,8.7,0,0.0,0.0
SYN-003383,0.799,viticulture,medium,masonry,1887.0,981500.0,22,0,1,2.6,0,0.0,0.0
SYN-003384,0.937,livestock,medium,mixed,1327.0,452195.0,10,1,0,4.1,0,0.0,0.0
SYN-003385,0.901,crop_farming,low,masonry,1781.0,802637.0,64,0,1,19.2,0,0.0,0.0
SYN-003386,0.478,mixed_farming,low,wood,856.0,424909.0,71,0,0,3.5,0,0.0,0.0
SYN-003387,0.976,livestock,low,mixed,1821.0,645033.0,20,0,1,1.8,0,0.0,0.0
SYN-003388,0.673,viticulture,medium,masonry,2355.0,1159250.0,18,0,0,8.2,0,0.0,0.0
SYN-003389,0.99,livestock,low,masonry,3790.0,1005927.0,66,0,1,11.3,0,0.0,0.0
SYN-003390,0.512,crop_farming,low,masonry,2057.0,502197.0,3,0,1,1.4,0,0.0,0.0
SYN-003391,0.876,crop_farming,low,masonry,1556.0,487648.0,2,0,1,25.9,0,0.0,0.0
SYN-003392,0.583,mixed_farming,medium,masonry,494.0,265660.0,60,0,1,6.8,0,0.0,0.0
SYN-003393,0.427,viticulture,medium,masonry,1131.0,407670.0,16,2,1,12.2,0,0.0,0.0
SYN-003394,0.996,crop_farming,medium,masonry,481.0,270048.0,54,1,1,3.7,0,0.0,0.0
SYN-003395,0.582,mixed_farming,high,masonry,712.0,220431.0,33,0,0,12.0,1,9157.88,9157.88
SYN-003396,0.448,viticulture,medium,mixed,4319.0,1599428.0,33,0,0,7.5,1,4321.72,4321.72
SYN-003397,0.916,crop_farming,high,masonry,623.0,443579.0,76,0,1,9.5,0,0.0,0.0
SYN-003398,0.659,crop_farming,medium,masonry,264.0,111981.0,50,0,1,13.5,0,0.0,0.0
SYN-003399,0.746,mixed_farming,low,wood,2056.0,776987.0,21,0,0,11.9,0,0.0,0.0
SYN-003400,0.991,mixed_farming,high,masonry,783.0,269941.0,62,1,1,3.0,0,0.0,0.0
SYN-003401,0.688,crop_farming,medium,mixed,1997.0,550572.0,12,0,0,2.4,0,0.0,0.0
SYN-003402,0.44,mixed_farming,medium,wood,566.0,228863.0,14,1,1,13.1,0,0.0,0.0
SYN-003403,0.815,livestock,low,mixed,919.0,369378.0,32,0,1,6.5,0,0.0,0.0
SYN-003404,0.826,viticulture,low,masonry,2637.0,671362.0,25,0,0,9.1,0,0.0,0.0
SYN-003405,0.517,mixed_farming,medium,masonry,513.0,246221.0,79,0,1,9.4,1,3383.83,3383.83
SYN-003406,0.727,mixed_farming,medium,mixed,1086.0,480091.0,39,0,1,15.9,0,0.0,0.0
SYN-003407,0.622,livestock,medium,mixed,1465.0,797336.0,33,1,1,6.9,0,0.0,0.0
SYN-003408,0.43,crop_farming,medium,masonry,759.0,337739.0,51,1,0,9.9,0,0.0,0.0
SYN-003409,0.587,livestock,medium,mixed,1418.0,826006.0,36,0,0,8.3,0,0.0,0.0
SYN-003410,0.946,crop_farming,low,wood,1224.0,492133.0,50,0,0,3.8,0,0.0,0.0
SYN-003411,0.58,mixed_farming,low,mixed,1715.0,824905.0,34,0,1,7.9,0,0.0,0.0
SYN-003412,0.534,crop_farming,low,masonry,4014.0,992857.0,40,0,1,4.1,0,0.0,0.0
SYN-003413,0.965,livestock,high,masonry,6897.0,2699663.0,74,1,0,9.9,0,0.0,0.0
SYN-003414,0.629,crop_farming,medium,masonry,1638.0,571877.0,53,1,0,9.7,0,0.0,0.0
SYN-003415,0.964,crop_farming,high,masonry,1128.0,565118.0,7,0,0,3.5,0,0.0,0.0
SYN-003416,0.928,crop_farming,medium,mixed,1614.0,801261.0,2,0,0,0.7,0,0.0,0.0
SYN-003417,0.682,mixed_farming,medium,masonry,1042.0,492274.0,36,0,1,7.9,0,0.0,0.0
SYN-003418,0.631,mixed_farming,medium,masonry,432.0,136730.0,26,0,1,9.1,0,0.0,0.0
SYN-003419,0.483,crop_farming,high,masonry,1176.0,554137.0,44,0,1,5.6,0,0.0,0.0
SYN-003420,0.514,mixed_farming,high,wood,2449.0,1153202.0,46,0,1,19.5,0,0.0,0.0
SYN-003421,0.539,mixed_farming,medium,wood,468.0,131734.0,70,0,1,9.2,0,0.0,0.0
SYN-003422,0.682,livestock,low,mixed,639.0,252317.0,25,0,0,4.7,0,0.0,0.0
SYN-003423,0.623,mixed_farming,medium,wood,830.0,407057.0,55,1,0,3.3,0,0.0,0.0
SYN-003424,0.88,livestock,low,wood,1544.0,579292.0,76,0,1,3.6,0,0.0,0.0
SYN-003425,0.578,crop_farming,low,masonry,5682.0,1340842.0,17,0,1,3.7,0,0.0,0.0
SYN-003426,0.655,livestock,medium,masonry,716.0,438294.0,78,0,0,2.3,0,0.0,0.0
SYN-003427,0.474,crop_farming,high,mixed,1286.0,759353.0,76,0,0,12.8,0,0.0,0.0
SYN-003428,0.563,mixed_farming,low,mixed,1217.0,459304.0,30,0,1,14.6,0,0.0,0.0
SYN-003429,0.87,viticulture,low,masonry,996.0,775734.0,63,0,1,18.0,0,0.0,0.0
SYN-003430,0.824,mixed_farming,high,wood,1175.0,643219.0,19,0,1,2.0,0,0.0,0.0
SYN-003431,0.641,livestock,low,masonry,896.0,548212.0,3,0,1,17.8,0,0.0,0.0
SYN-003432,0.746,livestock,low,wood,7208.0,3533227.0,18,0,1,6.7,0,0.0,0.0
SYN-003433,0.675,viticulture,medium,mixed,1973.0,1005528.0,10,1,1,10.0,0,0.0,0.0
SYN-003434,0.937,crop_farming,high,masonry,901.0,526433.0,36,1,1,11.6,0,0.0,0.0
SYN-003435,0.637,crop_farming,medium,wood,2616.0,908989.0,21,0,1,7.5,1,26279.74,26279.74
SYN-003436,0.833,livestock,medium,mixed,1432.0,457403.0,77,1,1,18.5,0,0.0,0.0
SYN-003437,0.531,livestock,low,mixed,1258.0,470254.0,41,0,0,24.6,0,0.0,0.0
SYN-003438,0.66,livestock,low,mixed,1077.0,320576.0,19,0,1,14.6,0,0.0,0.0
SYN-003439,0.718,crop_farming,medium,masonry,1030.0,251819.0,24,0,1,14.3,0,0.0,0.0
SYN-003440,0.463,mixed_farming,high,masonry,548.0,476416.0,27,0,1,17.0,0,0.0,0.0
SYN-003441,0.752,crop_farming,low,masonry,408.0,211543.0,8,2,1,7.2,0,0.0,0.0
SYN-003442,0.745,crop_farming,low,masonry,1542.0,392489.0,45,0,1,3.8,0,0.0,0.0
SYN-003443,0.495,crop_farming,low,masonry,1070.0,542421.0,2,0,1,0.8,0,0.0,0.0
SYN-003444,0.999,livestock,low,masonry,2144.0,546463.0,46,2,1,9.0,0,0.0,0.0
SYN-003445,0.455,mixed_farming,low,masonry,680.0,413513.0,58,0,1,5.7,0,0.0,0.0
SYN-003446,0.937,livestock,low,mixed,594.0,291376.0,54,0,1,4.3,1,5400.93,5400.93
SYN-003447,0.695,mixed_farming,medium,masonry,2007.0,1116082.0,1,0,0,1.3,0,0.0,0.0
SYN-003448,0.534,mixed_farming,low,masonry,1000.0,348666.0,59,0,0,2.4,0,0.0,0.0
SYN-003449,0.468,livestock,medium,wood,2114.0,714520.0,40,0,1,17.8,0,0.0,0.0
SYN-003450,0.82,mixed_farming,medium,wood,1239.0,546443.0,64,0,0,15.7,0,0.0,0.0
SYN-003451,0.853,mixed_farming,high,mixed,4107.0,1646854.0,34,0,0,22.0,0,0.0,0.0
SYN-003452,0.804,livestock,high,masonry,1981.0,987086.0,40,1,1,1.8,0,0.0,0.0
SYN-003453,0.652,crop_farming,medium,mixed,1582.0,443672.0,36,0,0,5.5,0,0.0,0.0
SYN-003454,0.504,crop_farming,low,masonry,2038.0,653998.0,6,0,1,4.9,0,0.0,0.0
SYN-003455,0.874,viticulture,medium,mixed,1015.0,263159.0,36,4,1,11.4,0,0.0,0.0
SYN-003456,0.923,mixed_farming,low,wood,417.0,255808.0,55,0,1,4.5,0,0.0,0.0
SYN-003457,0.635,viticulture,low,masonry,1532.0,634535.0,66,0,1,4.0,0,0.0,0.0
SYN-003458,0.905,viticulture,low,wood,4281.0,1277253.0,48,0,1,4.2,0,0.0,0.0
SYN-003459,0.781,crop_farming,high,mixed,273.0,164834.0,31,0,1,7.5,0,0.0,0.0
SYN-003460,0.716,mixed_farming,low,masonry,1644.0,547901.0,18,1,1,9.2,0,0.0,0.0
SYN-003461,0.766,livestock,medium,masonry,447.0,155374.0,65,0,1,6.3,0,0.0,0.0
SYN-003462,0.465,mixed_farming,medium,mixed,1194.0,397118.0,69,1,1,5.3,0,0.0,0.0
SYN-003463,0.475,crop_farming,medium,masonry,1276.0,777091.0,23,0,1,17.5,0,0.0,0.0
SYN-003464,0.836,crop_farming,low,masonry,1969.0,828114.0,60,0,1,3.0,0,0.0,0.0
SYN-003465,0.982,mixed_farming,high,masonry,1389.0,566492.0,67,0,0,5.1,0,0.0,0.0
SYN-003466,0.705,mixed_farming,medium,wood,2960.0,1110641.0,34,0,1,10.0,0,0.0,0.0
SYN-003467,0.432,mixed_farming,medium,masonry,2587.0,1487530.0,46,0,0,7.6,0,0.0,0.0
SYN-003468,0.441,livestock,medium,wood,1067.0,266121.0,78,0,0,12.9,0,0.0,0.0
SYN-003469,0.68,livestock,high,mixed,2468.0,698559.0,50,0,1,3.3,0,0.0,0.0
SYN-003470,0.795,viticulture,medium,masonry,989.0,592149.0,55,0,1,0.8,0,0.0,0.0
SYN-003471,0.493,livestock,medium,masonry,884.0,364862.0,73,0,0,6.3,0,0.0,0.0
SYN-003472,0.42,livestock,low,mixed,554.0,397153.0,75,0,1,15.2,1,4056.6,4056.6
SYN-003473,0.838,livestock,low,masonry,2843.0,1214058.0,63,0,1,14.2,0,0.0,0.0
SYN-003474,0.488,livestock,low,masonry,997.0,460839.0,59,0,0,10.4,0,0.0,0.0
SYN-003475,0.663,livestock,low,masonry,251.0,153876.0,18,1,1,4.8,0,0.0,0.0
SYN-003476,0.84,livestock,low,wood,1724.0,694746.0,57,0,1,6.1,0,0.0,0.0
SYN-003477,0.475,mixed_farming,low,mixed,914.0,515508.0,29,0,1,9.6,0,0.0,0.0
SYN-003478,0.666,viticulture,high,masonry,998.0,438675.0,18,0,0,8.7,0,0.0,0.0
SYN-003479,0.467,viticulture,medium,masonry,1041.0,355239.0,80,0,1,13.7,0,0.0,0.0
SYN-003480,0.609,livestock,high,masonry,974.0,295904.0,34,0,0,0.9,0,0.0,0.0
SYN-003481,0.947,livestock,medium,mixed,7137.0,2281138.0,52,0,1,7.8,0,0.0,0.0
SYN-003482,0.812,mixed_farming,medium,masonry,3572.0,1268552.0,51,1,0,12.7,0,0.0,0.0
SYN-003483,0.414,mixed_farming,low,wood,1909.0,508743.0,50,1,1,5.5,0,0.0,0.0
SYN-003484,0.481,livestock,medium,wood,1418.0,464807.0,67,0,0,4.7,0,0.0,0.0
SYN-003485,0.576,mixed_farming,low,masonry,2524.0,1293673.0,66,0,0,4.3,0,0.0,0.0
SYN-003486,0.937,mixed_farming,medium,wood,1420.0,682459.0,73,1,1,11.5,0,0.0,0.0
SYN-003487,0.848,mixed_farming,high,mixed,2060.0,696095.0,71,0,1,6.2,0,0.0,0.0
SYN-003488,0.77,mixed_farming,high,mixed,1742.0,479667.0,7,0,0,23.5,0,0.0,0.0
SYN-003489,0.492,crop_farming,low,masonry,1317.0,832183.0,33,0,1,6.3,0,0.0,0.0
SYN-003490,0.957,livestock,medium,wood,2233.0,991270.0,58,1,1,22.4,0,0.0,0.0
SYN-003491,0.885,mixed_farming,low,masonry,922.0,280292.0,68,0,1,19.7,0,0.0,0.0
SYN-003492,0.544,crop_farming,low,mixed,1259.0,677561.0,22,1,1,2.0,0,0.0,0.0
SYN-003493,0.643,mixed_farming,low,masonry,641.0,366239.0,67,0,1,4.0,0,0.0,0.0
SYN-003494,0.657,mixed_farming,low,masonry,691.0,274829.0,57,0,1,15.1,0,0.0,0.0
SYN-003495,0.753,crop_farming,medium,wood,234.0,107997.0,42,0,1,2.2,1,8339.79,8339.79
SYN-003496,0.625,mixed_farming,medium,masonry,1631.0,849708.0,26,1,0,5.7,0,0.0,0.0
SYN-003497,0.526,mixed_farming,low,masonry,1950.0,964807.0,47,0,1,3.8,0,0.0,0.0
SYN-003498,0.8,mixed_farming,high,mixed,2454.0,1068333.0,46,0,1,14.6,0,0.0,0.0
SYN-003499,0.807,livestock,medium,masonry,592.0,349740.0,23,0,1,18.0,0,0.0,0.0
SYN-003500,0.665,mixed_farming,medium,wood,1613.0,530098.0,43,1,1,17.0,0,0.0,0.0
SYN-003501,0.692,livestock,medium,wood,1211.0,413713.0,45,1,1,9.9,0,0.0,0.0
SYN-003502,0.43,livestock,medium,masonry,1958.0,651131.0,70,0,1,11.7,0,0.0,0.0
SYN-003503,0.674,crop_farming,medium,mixed,794.0,413860.0,15,0,1,23.0,0,0.0,0.0
SYN-003504,0.88,mixed_farming,medium,wood,974.0,452021.0,53,1,0,6.5,1,23101.08,23101.08
SYN-003505,0.755,mixed_farming,high,wood,442.0,179456.0,7,0,0,7.9,0,0.0,0.0
SYN-003506,0.952,livestock,low,masonry,761.0,474376.0,20,0,1,1.8,0,0.0,0.0
SYN-003507,0.83,livestock,medium,mixed,1214.0,364434.0,67,0,1,1.3,0,0.0,0.0
SYN-003508,0.867,mixed_farming,low,mixed,1357.0,377555.0,51,0,1,13.2,0,0.0,0.0
SYN-003509,0.675,mixed_farming,high,masonry,405.0,205359.0,19,0,1,31.6,0,0.0,0.0
SYN-003510,0.504,crop_farming,low,mixed,869.0,469787.0,52,0,1,10.8,0,0.0,0.0
SYN-003511,0.947,viticulture,low,masonry,1345.0,383185.0,78,0,1,5.4,0,0.0,0.0
SYN-003512,0.796,mixed_farming,high,masonry,3027.0,781008.0,30,0,0,20.7,0,0.0,0.0
SYN-003513,0.946,viticulture,medium,masonry,700.0,290474.0,60,0,1,13.8,0,0.0,0.0
SYN-003514,0.771,viticulture,low,wood,1667.0,914882.0,22,0,1,10.5,0,0.0,0.0
SYN-003515,0.673,viticulture,low,masonry,841.0,315728.0,30,0,1,13.3,0,0.0,0.0
SYN-003516,0.481,mixed_farming,medium,masonry,907.0,443298.0,73,0,1,9.5,0,0.0,0.0
SYN-003517,0.639,mixed_farming,high,masonry,685.0,391349.0,10,0,1,15.4,0,0.0,0.0
SYN-003518,0.759,crop_farming,medium,masonry,615.0,283201.0,13,0,1,2.8,0,0.0,0.0
SYN-003519,0.958,livestock,low,wood,890.0,392041.0,5,0,1,9.6,0,0.0,0.0
SYN-003520,0.898,mixed_farming,medium,masonry,2395.0,650019.0,12,0,1,5.6,0,0.0,0.0
SYN-003521,0.708,livestock,medium,masonry,742.0,278097.0,63,0,1,0.9,0,0.0,0.0
SYN-003522,0.669,mixed_farming,low,wood,670.0,441376.0,48,1,0,10.4,0,0.0,0.0
SYN-003523,0.42,crop_farming,high,masonry,1388.0,683651.0,10,0,1,12.1,0,0.0,0.0
SYN-003524,0.611,livestock,low,masonry,1216.0,390215.0,25,0,1,18.6,0,0.0,0.0
SYN-003525,0.989,livestock,high,mixed,1159.0,392514.0,65,0,1,4.6,0,0.0,0.0
SYN-003526,0.845,livestock,medium,mixed,1430.0,377230.0,41,0,1,7.9,0,0.0,0.0
SYN-003527,0.715,crop_farming,low,masonry,629.0,283149.0,57,0,0,12.1,0,0.0,0.0
SYN-003528,0.917,crop_farming,medium,mixed,676.0,286666.0,22,1,1,5.4,0,0.0,0.0
SYN-003529,0.414,mixed_farming,medium,mixed,2301.0,1320755.0,75,0,1,0.7,0,0.0,0.0
SYN-003530,0.975,livestock,medium,mixed,1102.0,469116.0,30,0,1,2.3,0,0.0,0.0
SYN-003531,0.82,crop_farming,medium,masonry,1786.0,422404.0,77,0,1,8.5,0,0.0,0.0
SYN-003532,0.408,crop_farming,low,mixed,2686.0,1142929.0,33,0,1,9.0,0,0.0,0.0
SYN-003533,0.823,livestock,low,mixed,2100.0,1057595.0,60,2,1,5.2,0,0.0,0.0
SYN-003534,0.45,crop_farming,medium,mixed,498.0,271151.0,45,0,1,4.5,0,0.0,0.0
SYN-003535,0.784,mixed_farming,low,wood,1124.0,564880.0,50,0,1,5.6,0,0.0,0.0
SYN-003536,0.581,mixed_farming,low,wood,2384.0,1209358.0,7,0,1,4.4,0,0.0,0.0
SYN-003537,0.527,crop_farming,medium,mixed,1702.0,696906.0,64,0,0,6.4,1,9450.24,9450.24
SYN-003538,0.777,mixed_farming,low,masonry,1366.0,556432.0,35,0,1,23.6,0,0.0,0.0
SYN-003539,0.66,crop_farming,medium,masonry,418.0,267945.0,21,0,0,23.4,0,0.0,0.0
SYN-003540,0.439,livestock,high,mixed,812.0,364035.0,55,1,1,8.6,0,0.0,0.0
SYN-003541,0.893,mixed_farming,high,masonry,1268.0,445076.0,61,1,1,3.2,0,0.0,0.0
SYN-003542,0.56,livestock,low,mixed,480.0,495020.0,57,0,0,8.4,0,0.0,0.0
SYN-003543,0.771,mixed_farming,medium,mixed,2030.0,497026.0,75,0,1,4.2,0,0.0,0.0
SYN-003544,0.766,crop_farming,high,mixed,1123.0,368784.0,22,0,0,6.7,0,0.0,0.0
SYN-003545,0.434,livestock,medium,masonry,335.0,155556.0,16,0,1,14.6,0,0.0,0.0
SYN-003546,0.998,livestock,medium,wood,839.0,392710.0,44,0,0,5.0,0,0.0,0.0
SYN-003547,0.669,livestock,medium,mixed,1006.0,508476.0,28,0,0,11.4,0,0.0,0.0
SYN-003548,0.523,viticulture,low,masonry,1114.0,541904.0,31,0,1,5.6,0,0.0,0.0
SYN-003549,0.662,crop_farming,low,mixed,3050.0,1140482.0,52,0,1,14.7,0,0.0,0.0
SYN-003550,0.762,mixed_farming,medium,masonry,1765.0,467107.0,3,0,0,7.9,0,0.0,0.0
SYN-003551,0.402,mixed_farming,low,mixed,499.0,343339.0,35,0,1,14.7,0,0.0,0.0
SYN-003552,0.58,livestock,high,masonry,460.0,171801.0,35,0,0,3.7,0,0.0,0.0
SYN-003553,0.722,livestock,medium,mixed,1019.0,294705.0,2,0,1,12.4,0,0.0,0.0
SYN-003554,0.817,livestock,low,masonry,1316.0,675094.0,54,1,1,7.3,0,0.0,0.0
SYN-003555,0.588,crop_farming,medium,masonry,2310.0,1237476.0,67,1,1,8.9,0,0.0,0.0
SYN-003556,0.642,mixed_farming,medium,masonry,3731.0,1179343.0,76,0,1,13.5,0,0.0,0.0
SYN-003557,0.533,livestock,low,masonry,3865.0,1516886.0,76,0,1,6.1,0,0.0,0.0
SYN-003558,0.576,viticulture,high,wood,909.0,425345.0,9,0,1,11.3,0,0.0,0.0
SYN-003559,0.812,mixed_farming,medium,mixed,2225.0,519066.0,20,0,0,4.3,0,0.0,0.0
SYN-003560,0.602,livestock,medium,masonry,1598.0,843338.0,35,0,1,18.6,0,0.0,0.0
SYN-003561,0.568,mixed_farming,high,masonry,596.0,207462.0,47,0,1,19.3,0,0.0,0.0
SYN-003562,0.579,livestock,medium,mixed,355.0,204694.0,76,0,1,8.2,0,0.0,0.0
SYN-003563,0.768,viticulture,medium,masonry,1331.0,911587.0,22,0,0,21.8,0,0.0,0.0
SYN-003564,0.736,crop_farming,low,masonry,459.0,171663.0,38,0,0,16.6,0,0.0,0.0
SYN-003565,0.644,viticulture,low,masonry,697.0,246074.0,55,0,1,2.8,0,0.0,0.0
SYN-003566,0.779,mixed_farming,medium,mixed,777.0,275678.0,72,0,0,8.3,0,0.0,0.0
SYN-003567,0.786,mixed_farming,medium,wood,1397.0,721200.0,56,0,1,10.4,0,0.0,0.0
SYN-003568,0.408,livestock,medium,masonry,2786.0,1282754.0,55,0,1,6.3,0,0.0,0.0
SYN-003569,0.603,mixed_farming,medium,wood,1222.0,414091.0,79,3,1,11.8,0,0.0,0.0
SYN-003570,0.547,livestock,medium,wood,854.0,313541.0,70,0,1,8.0,0,0.0,0.0
SYN-003571,0.897,mixed_farming,high,wood,316.0,163428.0,70,1,1,6.3,0,0.0,0.0
SYN-003572,0.565,crop_farming,high,mixed,1633.0,703146.0,61,0,1,14.2,0,0.0,0.0
SYN-003573,0.59,livestock,low,wood,1235.0,544383.0,27,0,1,28.6,0,0.0,0.0
SYN-003574,0.723,livestock,high,mixed,848.0,456986.0,6,1,0,5.2,0,0.0,0.0
SYN-003575,0.728,livestock,high,wood,2586.0,1170619.0,63,1,1,15.5,1,17832.82,17832.82
SYN-003576,0.887,livestock,low,masonry,559.0,255447.0,62,0,0,1.1,0,0.0,0.0
SYN-003577,0.633,mixed_farming,low,mixed,777.0,452452.0,50,0,1,4.6,0,0.0,0.0
SYN-003578,0.569,crop_farming,low,mixed,1034.0,806592.0,11,0,1,3.9,0,0.0,0.0
SYN-003579,0.765,mixed_farming,medium,masonry,841.0,524377.0,78,1,0,1.7,0,0.0,0.0
SYN-003580,0.837,crop_farming,medium,masonry,1734.0,499855.0,60,0,0,23.2,0,0.0,0.0
SYN-003581,0.996,mixed_farming,medium,masonry,1639.0,590647.0,53,0,1,13.8,1,39720.54,39720.54
SYN-003582,0.771,mixed_farming,medium,masonry,2400.0,1396207.0,34,0,1,7.4,0,0.0,0.0
SYN-003583,0.694,livestock,low,masonry,1680.0,878919.0,5,1,1,2.5,0,0.0,0.0
SYN-003584,0.48,mixed_farming,medium,masonry,1124.0,631957.0,55,0,0,3.5,0,0.0,0.0
SYN-003585,0.992,viticulture,high,masonry,972.0,470656.0,31,0,1,14.8,0,0.0,0.0
SYN-003586,0.811,mixed_farming,high,mixed,1629.0,868027.0,5,0,1,14.5,0,0.0,0.0
SYN-003587,0.499,livestock,medium,masonry,1071.0,369851.0,5,0,0,1.6,0,0.0,0.0
SYN-003588,0.676,livestock,low,masonry,1250.0,614760.0,10,1,1,6.3,0,0.0,0.0
SYN-003589,0.736,mixed_farming,low,masonry,1688.0,717868.0,22,0,1,3.2,0,0.0,0.0
SYN-003590,0.53,crop_farming,low,masonry,1326.0,679321.0,9,1,1,3.1,0,0.0,0.0
SYN-003591,0.839,mixed_farming,medium,masonry,1481.0,812410.0,11,0,1,5.6,0,0.0,0.0
SYN-003592,0.79,livestock,low,wood,725.0,348393.0,31,0,1,6.7,0,0.0,0.0
SYN-003593,0.54,mixed_farming,high,masonry,2914.0,1400955.0,3,1,1,11.4,0,0.0,0.0
SYN-003594,0.994,crop_farming,medium,masonry,590.0,344445.0,14,0,1,10.2,0,0.0,0.0
SYN-003595,0.969,crop_farming,medium,mixed,1612.0,407957.0,32,0,1,4.7,0,0.0,0.0
SYN-003596,0.559,viticulture,low,wood,884.0,778343.0,1,0,1,10.0,0,0.0,0.0
SYN-003597,0.665,mixed_farming,medium,masonry,2449.0,1087638.0,17,0,1,27.2,0,0.0,0.0
SYN-003598,0.937,mixed_farming,medium,masonry,2153.0,877805.0,71,0,0,3.2,0,0.0,0.0
SYN-003599,0.644,viticulture,medium,mixed,1210.0,572350.0,33,0,1,17.0,0,0.0,0.0
SYN-003600,0.973,livestock,low,masonry,3329.0,1192090.0,61,1,1,4.2,0,0.0,0.0
SYN-003601,0.52,crop_farming,high,masonry,1073.0,334973.0,36,0,0,6.5,0,0.0,0.0
SYN-003602,0.834,crop_farming,low,wood,2150.0,1100997.0,46,1,1,4.5,0,0.0,0.0
SYN-003603,0.76,livestock,low,wood,756.0,413307.0,11,0,1,3.5,0,0.0,0.0
SYN-003604,0.608,crop_farming,high,mixed,1577.0,709126.0,58,0,1,1.6,0,0.0,0.0
SYN-003605,0.831,viticulture,low,masonry,661.0,192884.0,22,0,1,9.0,0,0.0,0.0
SYN-003606,0.415,crop_farming,low,mixed,1227.0,420202.0,25,0,1,4.0,0,0.0,0.0
SYN-003607,0.539,crop_farming,medium,wood,1172.0,492549.0,21,1,1,5.8,0,0.0,0.0
SYN-003608,0.557,crop_farming,medium,wood,2145.0,686647.0,57,1,0,7.3,0,0.0,0.0
SYN-003609,0.47,crop_farming,low,masonry,784.0,258655.0,53,0,1,4.9,0,0.0,0.0
SYN-003610,0.42,crop_farming,low,masonry,8935.0,2207161.0,42,0,1,0.9,0,0.0,0.0
SYN-003611,0.612,mixed_farming,low,masonry,494.0,199804.0,27,0,1,20.1,0,0.0,0.0
SYN-003612,0.531,livestock,medium,mixed,1410.0,388401.0,8,2,1,4.0,0,0.0,0.0
SYN-003613,0.48,mixed_farming,low,masonry,1461.0,715378.0,67,0,1,7.3,0,0.0,0.0
SYN-003614,0.494,mixed_farming,medium,masonry,1719.0,788783.0,54,1,1,4.0,0,0.0,0.0
SYN-003615,0.896,mixed_farming,high,masonry,867.0,404645.0,46,0,0,3.7,0,0.0,0.0
SYN-003616,0.457,mixed_farming,low,masonry,1418.0,747555.0,80,0,1,9.5,0,0.0,0.0
SYN-003617,0.835,livestock,low,wood,840.0,340500.0,7,0,1,6.1,0,0.0,0.0
SYN-003618,0.432,crop_farming,low,masonry,4095.0,2027397.0,21,0,0,4.4,0,0.0,0.0
SYN-003619,0.424,livestock,low,masonry,802.0,298490.0,73,0,1,8.9,0,0.0,0.0
SYN-003620,0.665,viticulture,low,mixed,1101.0,428251.0,1,1,0,6.3,0,0.0,0.0
SYN-003621,0.629,mixed_farming,medium,mixed,787.0,333332.0,26,0,1,7.5,0,0.0,0.0
SYN-003622,0.727,crop_farming,low,mixed,720.0,408804.0,61,0,1,2.6,0,0.0,0.0
SYN-003623,0.822,livestock,medium,mixed,488.0,353638.0,46,1,1,3.4,0,0.0,0.0
SYN-003624,0.586,mixed_farming,medium,masonry,1876.0,688831.0,23,0,1,7.6,0,0.0,0.0
SYN-003625,0.517,mixed_farming,high,masonry,783.0,514374.0,28,0,1,10.4,0,0.0,0.0
SYN-003626,0.893,livestock,low,masonry,722.0,355716.0,33,0,1,6.0,1,17131.63,17131.63
SYN-003627,0.499,mixed_farming,low,mixed,648.0,314576.0,21,0,1,4.7,0,0.0,0.0
SYN-003628,0.879,mixed_farming,high,wood,1477.0,422320.0,1,0,0,9.9,0,0.0,0.0
SYN-003629,0.752,mixed_farming,low,masonry,1229.0,514020.0,50,0,0,3.5,0,0.0,0.0
SYN-003630,0.574,crop_farming,medium,mixed,1233.0,371723.0,6,0,1,28.5,0,0.0,0.0
SYN-003631,0.589,crop_farming,medium,mixed,739.0,320768.0,57,0,1,4.9,0,0.0,0.0
SYN-003632,0.622,viticulture,medium,wood,1608.0,604135.0,57,0,1,29.5,0,0.0,0.0
SYN-003633,0.755,mixed_farming,low,masonry,788.0,342450.0,76,0,1,2.7,0,0.0,0.0
SYN-003634,0.988,livestock,low,masonry,1269.0,349303.0,78,0,1,12.9,0,0.0,0.0
SYN-003635,0.591,mixed_farming,medium,mixed,1107.0,448962.0,76,0,1,6.0,0,0.0,0.0
SYN-003636,0.965,crop_farming,medium,mixed,404.0,188359.0,48,0,1,5.6,0,0.0,0.0
SYN-003637,0.523,mixed_farming,medium,mixed,4531.0,1200914.0,8,0,1,14.0,0,0.0,0.0
SYN-003638,0.468,crop_farming,medium,wood,1761.0,674982.0,68,0,0,7.0,0,0.0,0.0
SYN-003639,0.719,mixed_farming,high,masonry,1363.0,355948.0,73,0,0,14.0,0,0.0,0.0
SYN-003640,0.986,livestock,high,mixed,1510.0,650615.0,17,1,0,15.5,0,0.0,0.0
SYN-003641,0.691,crop_farming,medium,masonry,4601.0,1485349.0,29,1,1,23.7,0,0.0,0.0
SYN-003642,0.88,crop_farming,low,masonry,2538.0,1035157.0,6,0,1,5.3,0,0.0,0.0
SYN-003643,0.684,mixed_farming,medium,masonry,1520.0,615121.0,27,0,1,5.9,0,0.0,0.0
SYN-003644,0.91,crop_farming,medium,masonry,765.0,277374.0,28,0,1,7.3,0,0.0,0.0
SYN-003645,0.888,crop_farming,medium,masonry,847.0,321987.0,70,0,1,16.8,0,0.0,0.0
SYN-003646,0.812,mixed_farming,low,mixed,375.0,207624.0,17,0,0,9.7,0,0.0,0.0
SYN-003647,0.769,livestock,medium,wood,954.0,549125.0,12,0,0,5.8,0,0.0,0.0
SYN-003648,0.711,livestock,low,masonry,1863.0,544149.0,50,0,0,2.0,0,0.0,0.0
SYN-003649,0.974,crop_farming,low,masonry,1830.0,593526.0,58,0,1,5.9,0,0.0,0.0
SYN-003650,0.734,mixed_farming,high,masonry,1809.0,860243.0,77,0,1,3.0,0,0.0,0.0
SYN-003651,0.602,crop_farming,medium,masonry,867.0,344702.0,64,1,0,16.7,0,0.0,0.0
SYN-003652,0.929,crop_farming,medium,masonry,1734.0,521674.0,19,0,1,7.7,0,0.0,0.0
SYN-003653,0.796,livestock,medium,mixed,2071.0,625080.0,56,1,1,5.3,0,0.0,0.0
SYN-003654,0.735,crop_farming,medium,wood,285.0,197774.0,73,2,1,1.2,0,0.0,0.0
SYN-003655,0.809,livestock,low,masonry,1477.0,644598.0,67,0,1,0.9,0,0.0,0.0
SYN-003656,0.609,crop_farming,medium,mixed,4688.0,1273440.0,43,1,1,5.6,0,0.0,0.0
SYN-003657,0.653,crop_farming,low,mixed,1003.0,432761.0,24,0,1,6.7,0,0.0,0.0
SYN-003658,0.517,livestock,medium,masonry,235.0,115363.0,9,0,0,14.3,0,0.0,0.0
SYN-003659,0.913,mixed_farming,low,masonry,715.0,227500.0,28,0,1,2.8,0,0.0,0.0
SYN-003660,0.799,crop_farming,high,masonry,373.0,225633.0,43,0,1,4.5,0,0.0,0.0
SYN-003661,0.895,crop_farming,medium,masonry,802.0,376182.0,78,0,1,24.6,0,0.0,0.0
SYN-003662,0.59,viticulture,medium,wood,547.0,278026.0,38,0,1,18.7,0,0.0,0.0
SYN-003663,0.997,mixed_farming,low,masonry,2220.0,1095545.0,58,0,1,5.9,0,0.0,0.0
SYN-003664,0.614,mixed_farming,medium,masonry,2010.0,643658.0,60,0,0,5.2,0,0.0,0.0
SYN-003665,0.612,crop_farming,medium,masonry,1515.0,409515.0,38,0,1,11.8,0,0.0,0.0
SYN-003666,0.976,livestock,medium,masonry,2689.0,850182.0,60,1,1,9.9,0,0.0,0.0
SYN-003667,0.793,crop_farming,medium,wood,839.0,388684.0,70,0,1,3.6,0,0.0,0.0
SYN-003668,0.96,crop_farming,high,masonry,1271.0,477911.0,52,1,0,8.4,0,0.0,0.0
SYN-003669,0.774,livestock,medium,mixed,5046.0,1832750.0,57,1,0,6.6,0,0.0,0.0
SYN-003670,0.548,livestock,medium,masonry,1773.0,441942.0,54,0,0,3.5,0,0.0,0.0
SYN-003671,0.634,livestock,medium,masonry,1770.0,406480.0,80,0,0,5.6,0,0.0,0.0
SYN-003672,0.915,mixed_farming,medium,masonry,736.0,272090.0,49,0,1,7.9,0,0.0,0.0
SYN-003673,0.694,crop_farming,medium,wood,924.0,339334.0,10,2,1,2.9,0,0.0,0.0
SYN-003674,0.825,livestock,medium,masonry,631.0,342358.0,19,1,0,13.8,0,0.0,0.0
SYN-003675,0.5,mixed_farming,low,mixed,3614.0,1875172.0,23,0,0,9.0,0,0.0,0.0
SYN-003676,0.64,mixed_farming,low,masonry,440.0,254727.0,75,0,0,5.7,0,0.0,0.0
SYN-003677,0.904,livestock,low,mixed,2196.0,890080.0,1,0,1,15.1,0,0.0,0.0
SYN-003678,0.965,livestock,high,mixed,1768.0,572665.0,17,0,1,17.2,1,14288.31,14288.31
SYN-003679,0.595,crop_farming,medium,mixed,427.0,323349.0,56,0,1,16.1,0,0.0,0.0
SYN-003680,0.504,crop_farming,medium,masonry,2547.0,758601.0,48,0,1,4.4,0,0.0,0.0
SYN-003681,0.414,mixed_farming,medium,masonry,1024.0,677064.0,2,0,1,2.3,0,0.0,0.0
SYN-003682,0.476,crop_farming,medium,wood,514.0,332807.0,62,1,0,14.0,0,0.0,0.0
SYN-003683,0.901,livestock,high,mixed,1536.0,498171.0,3,0,0,3.8,0,0.0,0.0
SYN-003684,0.673,livestock,high,masonry,710.0,378325.0,7,0,1,2.6,0,0.0,0.0
SYN-003685,0.575,crop_farming,high,masonry,1061.0,355335.0,66,1,0,5.4,1,9556.73,9556.73
SYN-003686,0.865,crop_farming,high,masonry,872.0,493912.0,37,0,1,10.0,0,0.0,0.0
SYN-003687,0.876,livestock,low,masonry,684.0,288274.0,45,0,1,2.7,0,0.0,0.0
SYN-003688,0.617,viticulture,low,masonry,560.0,318078.0,3,1,1,7.1,0,0.0,0.0
SYN-003689,0.941,mixed_farming,medium,masonry,2034.0,1242355.0,13,0,1,4.4,0,0.0,0.0
SYN-003690,0.678,livestock,medium,masonry,1497.0,510578.0,19,1,1,8.3,0,0.0,0.0
SYN-003691,0.557,crop_farming,low,mixed,1436.0,585593.0,29,1,1,7.2,0,0.0,0.0
SYN-003692,0.94,mixed_farming,medium,wood,956.0,316464.0,51,2,0,3.5,0,0.0,0.0
SYN-003693,0.492,crop_farming,low,mixed,1253.0,700752.0,31,1,1,5.9,0,0.0,0.0
SYN-003694,0.998,livestock,low,masonry,751.0,340526.0,74,0,0,0.8,0,0.0,0.0
SYN-003695,0.768,mixed_farming,low,mixed,743.0,465158.0,18,0,1,7.0,0,0.0,0.0
SYN-003696,0.949,livestock,high,masonry,3684.0,1857137.0,25,0,1,8.8,0,0.0,0.0
SYN-003697,0.507,crop_farming,medium,mixed,2154.0,647327.0,8,0,0,9.1,0,0.0,0.0
SYN-003698,0.633,crop_farming,medium,masonry,841.0,236099.0,67,1,1,24.1,0,0.0,0.0
SYN-003699,0.924,crop_farming,high,masonry,458.0,233447.0,49,0,1,16.8,0,0.0,0.0
SYN-003700,0.902,livestock,high,mixed,401.0,198379.0,42,0,0,6.0,0,0.0,0.0
SYN-003701,0.923,mixed_farming,medium,masonry,803.0,261845.0,66,0,1,13.2,0,0.0,0.0
SYN-003702,0.568,crop_farming,medium,mixed,1300.0,522102.0,61,0,1,6.6,0,0.0,0.0
SYN-003703,0.771,livestock,low,mixed,1309.0,541404.0,33,2,1,8.2,0,0.0,0.0
SYN-003704,0.634,mixed_farming,medium,masonry,1335.0,654345.0,65,0,1,16.0,0,0.0,0.0
SYN-003705,0.592,crop_farming,low,masonry,1506.0,466895.0,22,0,1,3.1,0,0.0,0.0
SYN-003706,0.712,crop_farming,medium,mixed,617.0,168645.0,51,0,0,5.3,0,0.0,0.0
SYN-003707,0.829,livestock,medium,mixed,3229.0,1063676.0,36,0,0,7.5,0,0.0,0.0
SYN-003708,0.711,mixed_farming,low,mixed,1066.0,482350.0,34,0,1,7.1,0,0.0,0.0
SYN-003709,0.538,livestock,medium,masonry,1468.0,566362.0,51,1,1,4.0,0,0.0,0.0
SYN-003710,0.884,mixed_farming,medium,mixed,791.0,302145.0,47,1,0,3.5,0,0.0,0.0
SYN-003711,0.987,mixed_farming,medium,masonry,1484.0,809429.0,76,1,1,4.8,0,0.0,0.0
SYN-003712,0.618,mixed_farming,low,masonry,4675.0,2366517.0,56,0,0,3.2,0,0.0,0.0
SYN-003713,0.91,viticulture,low,mixed,637.0,331477.0,33,0,0,3.7,0,0.0,0.0
SYN-003714,0.918,mixed_farming,medium,masonry,587.0,367580.0,69,0,1,9.8,0,0.0,0.0
SYN-003715,0.556,mixed_farming,high,masonry,691.0,222604.0,78,0,0,9.7,0,0.0,0.0
SYN-003716,0.823,mixed_farming,high,masonry,976.0,439246.0,44,0,1,4.6,0,0.0,0.0
SYN-003717,0.963,mixed_farming,low,mixed,864.0,312815.0,21,0,1,8.0,0,0.0,0.0
SYN-003718,0.844,mixed_farming,medium,wood,616.0,198738.0,70,2,0,8.6,1,26745.88,26745.88
SYN-003719,0.418,viticulture,medium,wood,1173.0,623944.0,52,0,1,24.3,0,0.0,0.0
SYN-003720,0.763,livestock,high,masonry,3343.0,1417839.0,32,0,1,2.4,0,0.0,0.0
SYN-003721,0.867,mixed_farming,low,masonry,1100.0,367737.0,34,1,1,2.0,0,0.0,0.0
SYN-003722,0.771,livestock,medium,mixed,1138.0,599681.0,61,0,1,9.4,0,0.0,0.0
SYN-003723,0.417,mixed_farming,medium,masonry,1515.0,547380.0,52,0,1,14.3,0,0.0,0.0
SYN-003724,0.472,livestock,low,masonry,1846.0,450431.0,49,0,1,7.6,0,0.0,0.0
SYN-003725,0.881,mixed_farming,low,masonry,2959.0,1132087.0,64,0,1,17.0,0,0.0,0.0
SYN-003726,0.693,mixed_farming,low,mixed,1417.0,637749.0,7,0,1,11.9,0,0.0,0.0
SYN-003727,0.975,viticulture,medium,mixed,1210.0,559426.0,28,1,1,11.1,0,0.0,0.0
SYN-003728,0.649,crop_farming,medium,masonry,636.0,263809.0,41,0,1,7.3,0,0.0,0.0
SYN-003729,0.893,mixed_farming,medium,masonry,1961.0,730740.0,22,0,0,1.8,0,0.0,0.0
SYN-003730,0.421,mixed_farming,low,mixed,700.0,306499.0,62,1,0,7.1,0,0.0,0.0
SYN-003731,0.905,viticulture,high,mixed,686.0,327960.0,22,0,0,13.2,0,0.0,0.0
SYN-003732,0.915,viticulture,medium,masonry,1374.0,352900.0,54,0,1,11.4,0,0.0,0.0
SYN-003733,0.617,livestock,high,masonry,3301.0,893272.0,36,0,1,11.4,0,0.0,0.0
SYN-003734,0.586,livestock,low,wood,1943.0,885991.0,46,0,1,10.6,0,0.0,0.0
SYN-003735,0.946,crop_farming,high,mixed,1183.0,632639.0,1,0,1,8.0,0,0.0,0.0
SYN-003736,0.867,viticulture,high,mixed,640.0,259415.0,64,0,0,5.5,0,0.0,0.0
SYN-003737,0.759,crop_farming,high,mixed,3260.0,1078216.0,21,0,1,7.6,0,0.0,0.0
SYN-003738,0.662,mixed_farming,high,wood,1168.0,526724.0,73,0,0,22.3,0,0.0,0.0
SYN-003739,0.947,mixed_farming,medium,masonry,1004.0,259123.0,77,0,1,7.2,0,0.0,0.0
SYN-003740,0.848,livestock,medium,masonry,1739.0,867603.0,12,0,1,10.0,0,0.0,0.0
SYN-003741,0.65,crop_farming,medium,masonry,906.0,351205.0,4,0,1,10.2,0,0.0,0.0
SYN-003742,0.698,crop_farming,medium,mixed,743.0,355756.0,21,1,1,3.2,0,0.0,0.0
SYN-003743,0.459,mixed_farming,high,masonry,791.0,312712.0,25,0,1,25.2,0,0.0,0.0
SYN-003744,0.886,livestock,low,masonry,789.0,450655.0,80,0,1,3.4,0,0.0,0.0
SYN-003745,0.905,crop_farming,medium,masonry,582.0,215982.0,7,0,1,8.2,0,0.0,0.0
SYN-003746,0.613,mixed_farming,high,mixed,542.0,219596.0,20,0,0,8.7,0,0.0,0.0
SYN-003747,0.586,crop_farming,low,mixed,2280.0,797679.0,15,0,0,0.9,0,0.0,0.0
SYN-003748,0.551,mixed_farming,low,masonry,1872.0,860935.0,67,0,1,2.5,0,0.0,0.0
SYN-003749,0.504,livestock,low,masonry,710.0,367760.0,56,0,0,5.2,0,0.0,0.0
SYN-003750,0.969,crop_farming,medium,mixed,2159.0,985423.0,43,0,1,14.4,0,0.0,0.0
SYN-003751,0.855,crop_farming,high,masonry,1482.0,652691.0,67,0,0,1.0,0,0.0,0.0
SYN-003752,0.66,livestock,low,mixed,982.0,407991.0,31,0,1,10.0,0,0.0,0.0
SYN-003753,0.466,livestock,medium,masonry,546.0,220600.0,21,0,0,4.5,0,0.0,0.0
SYN-003754,0.484,mixed_farming,medium,wood,1513.0,502173.0,59,1,1,11.2,0,0.0,0.0
SYN-003755,0.826,livestock,medium,masonry,4074.0,1407879.0,72,0,0,8.6,0,0.0,0.0
SYN-003756,0.522,livestock,medium,mixed,1224.0,511695.0,61,0,0,4.5,0,0.0,0.0
SYN-003757,0.609,crop_farming,high,masonry,2320.0,1044808.0,1,0,0,5.2,0,0.0,0.0
SYN-003758,0.974,crop_farming,low,masonry,1056.0,586212.0,22,0,1,4.1,0,0.0,0.0
SYN-003759,0.749,viticulture,low,mixed,2207.0,858614.0,80,0,0,13.5,0,0.0,0.0
SYN-003760,0.885,crop_farming,medium,mixed,1099.0,570479.0,1,0,1,3.0,1,45586.17,45586.17
SYN-003761,0.462,viticulture,medium,mixed,254.0,181241.0,38,0,1,1.9,0,0.0,0.0
SYN-003762,0.598,livestock,medium,mixed,758.0,313603.0,63,1,0,11.0,0,0.0,0.0
SYN-003763,0.937,crop_farming,low,mixed,1321.0,557454.0,70,0,1,10.0,0,0.0,0.0
SYN-003764,0.886,crop_farming,low,wood,2450.0,1118827.0,56,1,1,4.8,0,0.0,0.0
SYN-003765,0.834,crop_farming,high,masonry,1097.0,469446.0,72,1,0,5.9,0,0.0,0.0
SYN-003766,0.752,mixed_farming,low,wood,1236.0,625556.0,10,0,0,22.1,1,36584.28,36584.28
SYN-003767,0.561,livestock,medium,masonry,827.0,346589.0,24,0,1,19.1,0,0.0,0.0
SYN-003768,0.751,livestock,medium,masonry,3343.0,1749608.0,3,2,1,5.5,0,0.0,0.0
SYN-003769,0.43,mixed_farming,low,mixed,3215.0,913741.0,65,1,1,24.2,0,0.0,0.0
SYN-003770,0.521,mixed_farming,low,masonry,781.0,388497.0,53,0,1,7.6,1,9855.98,9855.98
SYN-003771,0.711,viticulture,medium,masonry,452.0,203826.0,73,0,0,10.1,1,4755.74,4755.74
SYN-003772,0.401,viticulture,medium,masonry,374.0,153899.0,49,0,1,12.3,0,0.0,0.0
SYN-003773,0.539,mixed_farming,low,masonry,1794.0,554083.0,50,0,1,15.4,0,0.0,0.0
SYN-003774,0.491,mixed_farming,medium,mixed,1323.0,788617.0,62,1,1,10.2,0,0.0,0.0
SYN-003775,0.607,mixed_farming,low,masonry,729.0,308351.0,35,0,1,4.6,0,0.0,0.0
SYN-003776,0.915,livestock,low,masonry,1446.0,405108.0,70,0,1,1.4,0,0.0,0.0
SYN-003777,0.968,mixed_farming,low,masonry,545.0,321482.0,80,0,1,16.3,0,0.0,0.0
SYN-003778,0.499,crop_farming,low,masonry,2032.0,762967.0,54,0,1,2.6,0,0.0,0.0
SYN-003779,0.539,mixed_farming,medium,masonry,945.0,593430.0,29,1,1,3.4,0,0.0,0.0
SYN-003780,0.908,viticulture,high,masonry,600.0,251017.0,51,0,1,10.9,0,0.0,0.0
SYN-003781,0.504,crop_farming,low,mixed,955.0,536958.0,76,1,0,5.8,0,0.0,0.0
SYN-003782,0.845,mixed_farming,medium,mixed,934.0,465920.0,42,0,1,9.0,0,0.0,0.0
SYN-003783,0.451,viticulture,medium,masonry,1537.0,603531.0,61,0,1,9.2,0,0.0,0.0
SYN-003784,0.789,crop_farming,medium,masonry,2586.0,1245384.0,46,0,1,5.6,0,0.0,0.0
SYN-003785,0.559,livestock,medium,masonry,2500.0,1348801.0,36,0,0,3.8,0,0.0,0.0
SYN-003786,0.85,viticulture,low,masonry,1344.0,528026.0,78,1,0,14.2,0,0.0,0.0
SYN-003787,0.712,viticulture,medium,masonry,1073.0,328971.0,29,1,1,11.7,0,0.0,0.0
SYN-003788,0.507,crop_farming,low,wood,837.0,406918.0,4,1,1,6.6,0,0.0,0.0
SYN-003789,0.641,livestock,medium,mixed,384.0,211790.0,64,0,0,1.3,0,0.0,0.0
SYN-003790,0.709,mixed_farming,low,masonry,1197.0,698950.0,44,0,1,5.6,0,0.0,0.0
SYN-003791,0.998,crop_farming,medium,masonry,697.0,178127.0,3,0,1,6.0,0,0.0,0.0
SYN-003792,0.688,livestock,medium,mixed,2676.0,998785.0,20,1,0,17.7,0,0.0,0.0
SYN-003793,0.491,crop_farming,medium,wood,1064.0,385914.0,61,0,1,19.3,1,4979.19,4979.19
SYN-003794,0.733,crop_farming,low,masonry,1970.0,812578.0,59,1,1,8.6,0,0.0,0.0
SYN-003795,0.532,livestock,medium,mixed,886.0,690417.0,41,0,1,9.1,0,0.0,0.0
SYN-003796,0.928,mixed_farming,medium,masonry,781.0,391080.0,60,0,0,2.8,0,0.0,0.0
SYN-003797,0.9,mixed_farming,medium,mixed,1796.0,1014022.0,80,1,1,11.4,0,0.0,0.0
SYN-003798,0.477,mixed_farming,low,masonry,1452.0,573428.0,22,1,1,1.2,0,0.0,0.0
SYN-003799,0.753,livestock,low,mixed,1494.0,729405.0,17,0,1,4.0,0,0.0,0.0
SYN-003800,0.818,crop_farming,low,masonry,1140.0,659490.0,61,1,1,5.3,0,0.0,0.0
SYN-003801,0.551,crop_farming,medium,masonry,2025.0,921911.0,31,1,0,8.9,0,0.0,0.0
SYN-003802,0.776,crop_farming,medium,mixed,1843.0,973559.0,52,0,1,2.6,0,0.0,0.0
SYN-003803,0.678,livestock,medium,mixed,294.0,131338.0,42,0,1,7.8,0,0.0,0.0
SYN-003804,0.689,crop_farming,medium,mixed,1025.0,285613.0,76,0,1,2.4,0,0.0,0.0
SYN-003805,0.731,crop_farming,medium,masonry,2344.0,677893.0,7,0,1,19.4,0,0.0,0.0
SYN-003806,0.742,crop_farming,medium,mixed,625.0,304786.0,66,0,0,4.5,0,0.0,0.0
SYN-003807,0.826,mixed_farming,medium,masonry,403.0,131095.0,76,0,1,11.5,0,0.0,0.0
SYN-003808,0.671,mixed_farming,medium,mixed,1107.0,623153.0,62,0,0,6.1,0,0.0,0.0
SYN-003809,0.834,viticulture,low,masonry,1700.0,712455.0,79,0,1,5.5,0,0.0,0.0
SYN-003810,0.692,mixed_farming,high,masonry,898.0,400376.0,12,0,1,11.7,0,0.0,0.0
SYN-003811,0.798,livestock,high,masonry,2809.0,1329151.0,78,0,0,4.4,0,0.0,0.0
SYN-003812,0.558,crop_farming,medium,wood,4017.0,1398995.0,79,0,1,4.8,0,0.0,0.0
SYN-003813,0.725,livestock,high,mixed,347.0,134528.0,75,0,0,5.9,0,0.0,0.0
SYN-003814,0.681,crop_farming,high,masonry,944.0,481145.0,64,0,1,8.2,0,0.0,0.0
SYN-003815,0.581,livestock,medium,mixed,275.0,169548.0,29,0,1,6.0,0,0.0,0.0
SYN-003816,0.437,livestock,medium,masonry,1862.0,568334.0,68,0,1,4.6,0,0.0,0.0
SYN-003817,0.706,livestock,medium,masonry,779.0,290070.0,2,0,1,5.0,0,0.0,0.0
SYN-003818,0.406,crop_farming,low,masonry,890.0,510925.0,61,1,0,7.4,0,0.0,0.0
SYN-003819,0.634,mixed_farming,low,mixed,2556.0,719313.0,15,0,1,5.8,0,0.0,0.0
SYN-003820,0.622,mixed_farming,medium,wood,511.0,220588.0,69,0,1,24.0,0,0.0,0.0
SYN-003821,0.78,mixed_farming,medium,wood,434.0,314297.0,17,1,0,7.1,0,0.0,0.0
SYN-003822,0.992,mixed_farming,low,masonry,276.0,161462.0,49,0,0,7.5,0,0.0,0.0
SYN-003823,0.915,livestock,medium,masonry,2768.0,826640.0,11,0,1,7.2,0,0.0,0.0
SYN-003824,0.985,crop_farming,medium,mixed,2380.0,1261993.0,2,0,1,7.2,0,0.0,0.0
SYN-003825,0.971,mixed_farming,medium,masonry,1001.0,514739.0,3,1,0,3.6,0,0.0,0.0
SYN-003826,0.444,livestock,low,mixed,529.0,154967.0,38,0,1,7.8,0,0.0,0.0
SYN-003827,0.569,crop_farming,medium,wood,2084.0,825195.0,68,1,0,10.5,1,27240.87,27240.87
SYN-003828,0.578,livestock,low,masonry,7263.0,3550765.0,20,0,1,3.4,0,0.0,0.0
SYN-003829,0.443,viticulture,low,masonry,1040.0,486398.0,17,0,0,7.6,0,0.0,0.0
SYN-003830,0.908,mixed_farming,low,wood,555.0,279847.0,25,2,0,12.6,0,0.0,0.0
SYN-003831,0.937,livestock,low,mixed,2717.0,984463.0,14,1,1,4.3,0,0.0,0.0
SYN-003832,0.763,mixed_farming,low,wood,580.0,247961.0,23,0,1,5.8,0,0.0,0.0
SYN-003833,0.935,livestock,medium,mixed,955.0,483167.0,30,0,1,10.8,0,0.0,0.0
SYN-003834,0.829,livestock,medium,masonry,218.0,503038.0,51,0,1,11.5,0,0.0,0.0
SYN-003835,0.664,crop_farming,low,mixed,995.0,526165.0,49,0,1,6.5,0,0.0,0.0
SYN-003836,0.49,livestock,high,mixed,528.0,183327.0,64,0,1,13.2,0,0.0,0.0
SYN-003837,0.975,mixed_farming,medium,wood,2747.0,695306.0,30,0,0,1.6,0,0.0,0.0
SYN-003838,0.815,crop_farming,high,masonry,643.0,171734.0,70,1,1,3.3,0,0.0,0.0
SYN-003839,0.613,mixed_farming,medium,masonry,2012.0,966033.0,59,0,1,3.3,0,0.0,0.0
SYN-003840,0.477,crop_farming,low,masonry,1132.0,498894.0,70,1,1,2.0,0,0.0,0.0
SYN-003841,0.879,mixed_farming,high,masonry,1315.0,484079.0,59,0,1,5.1,0,0.0,0.0
SYN-003842,0.881,mixed_farming,high,wood,1702.0,712005.0,2,0,0,7.2,0,0.0,0.0
SYN-003843,0.726,mixed_farming,medium,wood,1171.0,494977.0,18,1,1,9.2,0,0.0,0.0
SYN-003844,1.0,mixed_farming,medium,masonry,795.0,466360.0,61,0,1,2.7,0,0.0,0.0
SYN-003845,0.632,viticulture,medium,wood,715.0,336623.0,13,0,1,5.3,0,0.0,0.0
SYN-003846,0.965,livestock,medium,masonry,1687.0,497300.0,75,0,0,5.2,0,0.0,0.0
SYN-003847,0.778,mixed_farming,medium,mixed,352.0,249936.0,23,1,0,18.0,0,0.0,0.0
SYN-003848,0.842,mixed_farming,medium,mixed,3608.0,1339187.0,62,0,0,5.7,0,0.0,0.0
SYN-003849,0.95,crop_farming,low,mixed,1320.0,539611.0,23,0,1,13.5,0,0.0,0.0
SYN-003850,0.899,crop_farming,low,mixed,973.0,340255.0,10,0,1,9.4,0,0.0,0.0
SYN-003851,0.573,livestock,low,mixed,1441.0,767668.0,21,0,1,15.4,0,0.0,0.0
SYN-003852,0.92,crop_farming,low,wood,824.0,503447.0,77,0,0,10.9,0,0.0,0.0
SYN-003853,0.724,livestock,medium,masonry,1080.0,493526.0,42,0,0,7.9,0,0.0,0.0
SYN-003854,0.427,livestock,high,mixed,581.0,175943.0,41,0,1,4.8,0,0.0,0.0
SYN-003855,0.804,mixed_farming,low,masonry,1547.0,390811.0,46,1,1,7.7,0,0.0,0.0
SYN-003856,0.7,crop_farming,low,masonry,1152.0,398927.0,46,0,1,10.1,0,0.0,0.0
SYN-003857,0.722,mixed_farming,low,mixed,1369.0,572461.0,60,0,1,8.3,0,0.0,0.0
SYN-003858,0.647,livestock,medium,mixed,3178.0,1148107.0,23,0,1,6.9,0,0.0,0.0
SYN-003859,0.438,mixed_farming,medium,wood,719.0,343178.0,2,1,1,19.1,0,0.0,0.0
SYN-003860,0.508,crop_farming,medium,masonry,1115.0,359270.0,68,0,0,2.3,0,0.0,0.0
SYN-003861,0.854,livestock,high,masonry,414.0,143022.0,28,0,1,4.0,0,0.0,0.0
SYN-003862,0.541,crop_farming,high,masonry,1733.0,918956.0,71,0,1,8.5,0,0.0,0.0
SYN-003863,0.777,mixed_farming,high,wood,1198.0,435932.0,50,0,1,3.0,0,0.0,0.0
SYN-003864,0.725,livestock,high,wood,1226.0,675301.0,66,1,1,6.6,0,0.0,0.0
SYN-003865,0.533,viticulture,medium,wood,1094.0,465948.0,60,1,1,13.3,0,0.0,0.0
SYN-003866,0.568,livestock,medium,masonry,832.0,288029.0,17,0,1,3.2,0,0.0,0.0
SYN-003867,0.63,livestock,medium,wood,6139.0,2587672.0,16,1,1,5.6,0,0.0,0.0
SYN-003868,0.928,crop_farming,medium,masonry,1242.0,682622.0,11,0,1,4.0,0,0.0,0.0
SYN-003869,0.965,mixed_farming,low,wood,1470.0,719375.0,20,0,0,3.3,0,0.0,0.0
SYN-003870,0.632,livestock,low,mixed,578.0,291797.0,79,0,0,4.7,0,0.0,0.0
SYN-003871,0.428,livestock,low,masonry,2155.0,576877.0,2,0,1,8.3,0,0.0,0.0
SYN-003872,0.761,crop_farming,medium,mixed,1119.0,447373.0,70,1,1,5.1,0,0.0,0.0
SYN-003873,0.651,crop_farming,medium,mixed,1619.0,511604.0,33,0,0,8.8,0,0.0,0.0
SYN-003874,0.695,crop_farming,low,masonry,2179.0,708486.0,69,1,1,8.0,0,0.0,0.0
SYN-003875,0.665,viticulture,medium,masonry,1133.0,639457.0,69,0,0,11.7,0,0.0,0.0
SYN-003876,0.793,livestock,medium,mixed,781.0,389224.0,63,0,1,9.5,0,0.0,0.0
SYN-003877,0.583,crop_farming,medium,wood,267.0,701128.0,26,0,1,3.7,0,0.0,0.0
SYN-003878,0.936,viticulture,low,mixed,942.0,410184.0,9,0,1,7.1,0,0.0,0.0
SYN-003879,0.653,crop_farming,low,masonry,778.0,319284.0,42,0,0,4.3,0,0.0,0.0
SYN-003880,0.605,livestock,medium,mixed,577.0,198310.0,42,0,1,16.1,0,0.0,0.0
SYN-003881,0.954,mixed_farming,medium,masonry,3117.0,1476549.0,21,0,1,19.2,0,0.0,0.0
SYN-003882,0.615,viticulture,high,masonry,2296.0,839924.0,10,0,1,4.3,0,0.0,0.0
SYN-003883,0.45,mixed_farming,medium,masonry,369.0,239168.0,37,0,0,21.1,0,0.0,0.0
SYN-003884,0.493,livestock,high,masonry,1339.0,411450.0,34,2,0,12.1,0,0.0,0.0
SYN-003885,0.829,viticulture,low,masonry,713.0,314844.0,16,0,1,7.2,0,0.0,0.0
SYN-003886,0.737,crop_farming,medium,masonry,1538.0,421294.0,13,0,1,27.2,0,0.0,0.0
SYN-003887,0.721,viticulture,high,masonry,721.0,231404.0,40,0,1,7.4,0,0.0,0.0
SYN-003888,0.449,mixed_farming,low,mixed,854.0,430699.0,39,1,1,1.8,0,0.0,0.0
SYN-003889,0.498,viticulture,medium,masonry,2266.0,1056652.0,41,0,1,4.8,0,0.0,0.0
SYN-003890,0.638,crop_farming,low,masonry,2064.0,1016556.0,54,1,1,5.1,0,0.0,0.0
SYN-003891,0.669,crop_farming,medium,masonry,3233.0,1833462.0,51,0,1,12.6,0,0.0,0.0
SYN-003892,0.626,mixed_farming,low,mixed,1052.0,456217.0,68,0,0,0.9,0,0.0,0.0
SYN-003893,0.702,livestock,medium,mixed,471.0,286597.0,73,0,1,10.9,0,0.0,0.0
SYN-003894,0.84,livestock,medium,masonry,2206.0,933487.0,7,0,1,10.7,0,0.0,0.0
SYN-003895,0.781,viticulture,low,mixed,2214.0,528287.0,29,0,0,9.4,0,0.0,0.0
SYN-003896,0.767,mixed_farming,low,mixed,1823.0,880484.0,72,0,1,8.9,0,0.0,0.0
SYN-003897,0.735,livestock,low,mixed,747.0,397222.0,75,0,1,18.1,0,0.0,0.0
SYN-003898,0.521,livestock,low,masonry,604.0,354532.0,16,0,0,16.6,0,0.0,0.0
SYN-003899,0.763,crop_farming,medium,masonry,1717.0,858039.0,18,0,1,11.0,0,0.0,0.0
SYN-003900,0.495,crop_farming,high,masonry,681.0,204674.0,76,1,0,9.4,0,0.0,0.0
SYN-003901,0.828,crop_farming,low,masonry,992.0,292039.0,12,0,1,1.4,0,0.0,0.0
SYN-003902,0.671,mixed_farming,medium,masonry,8016.0,2530113.0,39,0,0,3.8,0,0.0,0.0
SYN-003903,0.749,mixed_farming,medium,wood,4836.0,2467465.0,69,0,1,6.8,0,0.0,0.0
SYN-003904,0.918,livestock,low,masonry,2029.0,667096.0,5,0,1,2.5,0,0.0,0.0
SYN-003905,0.624,livestock,low,masonry,788.0,432273.0,71,0,0,5.1,0,0.0,0.0
SYN-003906,0.46,mixed_farming,medium,wood,758.0,302844.0,64,1,1,12.9,0,0.0,0.0
SYN-003907,0.935,mixed_farming,medium,mixed,1930.0,738047.0,71,0,1,5.5,0,0.0,0.0
SYN-003908,0.619,mixed_farming,high,masonry,3207.0,873808.0,4,0,1,8.5,0,0.0,0.0
SYN-003909,0.644,livestock,medium,wood,869.0,246307.0,15,2,1,9.7,1,5208.77,5208.77
SYN-003910,0.578,mixed_farming,medium,masonry,901.0,378446.0,51,1,1,10.4,0,0.0,0.0
SYN-003911,0.652,livestock,high,masonry,1283.0,574502.0,27,0,1,11.1,0,0.0,0.0
SYN-003912,0.713,livestock,high,masonry,491.0,192457.0,64,0,1,11.2,0,0.0,0.0
SYN-003913,0.906,mixed_farming,high,masonry,501.0,230273.0,1,1,1,1.2,0,0.0,0.0
SYN-003914,0.832,livestock,low,mixed,564.0,167692.0,38,0,1,13.8,0,0.0,0.0
SYN-003915,0.708,livestock,high,masonry,1728.0,663821.0,16,0,1,8.8,0,0.0,0.0
SYN-003916,0.858,livestock,high,mixed,1446.0,698910.0,55,0,1,6.1,0,0.0,0.0
SYN-003917,0.909,livestock,medium,masonry,2538.0,1063556.0,49,1,1,5.4,0,0.0,0.0
SYN-003918,0.435,livestock,medium,wood,392.0,152513.0,46,0,0,0.8,0,0.0,0.0
SYN-003919,0.755,mixed_farming,high,masonry,452.0,221563.0,47,0,1,2.9,0,0.0,0.0
SYN-003920,0.426,livestock,medium,wood,1630.0,472223.0,6,0,0,3.0,0,0.0,0.0
SYN-003921,0.585,crop_farming,medium,masonry,688.0,366070.0,21,1,0,3.0,0,0.0,0.0
SYN-003922,0.857,mixed_farming,medium,wood,721.0,328054.0,56,0,1,1.6,0,0.0,0.0
SYN-003923,0.875,livestock,medium,mixed,2341.0,1064305.0,22,0,1,10.8,0,0.0,0.0
SYN-003924,0.93,viticulture,medium,mixed,846.0,362158.0,77,0,1,7.2,0,0.0,0.0
SYN-003925,0.699,crop_farming,low,masonry,913.0,451052.0,7,0,1,7.5,0,0.0,0.0
SYN-003926,0.45,livestock,low,mixed,1030.0,479827.0,28,0,0,15.8,0,0.0,0.0
SYN-003927,0.476,livestock,medium,mixed,1072.0,302031.0,29,1,1,1.7,0,0.0,0.0
SYN-003928,0.547,mixed_farming,medium,mixed,1892.0,521810.0,11,0,0,15.1,1,8756.97,8756.97
SYN-003929,0.623,crop_farming,medium,mixed,552.0,272806.0,80,0,1,5.7,0,0.0,0.0
SYN-003930,0.716,viticulture,high,wood,1072.0,387553.0,21,1,1,11.9,0,0.0,0.0
SYN-003931,0.788,livestock,medium,wood,2580.0,1107955.0,73,0,1,0.9,0,0.0,0.0
SYN-003932,0.498,mixed_farming,medium,masonry,4848.0,1164509.0,51,0,1,14.7,0,0.0,0.0
SYN-003933,0.513,livestock,low,masonry,502.0,249210.0,45,0,1,2.4,1,7649.29,7649.29
SYN-003934,0.504,crop_farming,medium,masonry,1503.0,687585.0,79,0,1,6.3,0,0.0,0.0
SYN-003935,0.853,livestock,high,mixed,1071.0,352367.0,3,0,1,15.8,0,0.0,0.0
SYN-003936,0.581,crop_farming,medium,wood,1137.0,347582.0,65,1,1,9.6,0,0.0,0.0
SYN-003937,0.5,livestock,high,masonry,725.0,281758.0,69,0,1,6.4,0,0.0,0.0
SYN-003938,0.659,mixed_farming,high,masonry,1981.0,1111173.0,63,0,0,11.7,0,0.0,0.0
SYN-003939,0.549,livestock,medium,masonry,1916.0,634588.0,47,0,1,5.6,0,0.0,0.0
SYN-003940,0.622,crop_farming,medium,masonry,6247.0,2370605.0,29,0,0,13.6,1,7477.1,7477.1
SYN-003941,0.894,crop_farming,medium,wood,514.0,237611.0,13,0,1,7.8,0,0.0,0.0
SYN-003942,0.6,crop_farming,medium,mixed,389.0,204004.0,49,3,1,1.1,0,0.0,0.0
SYN-003943,0.505,crop_farming,low,masonry,4608.0,1110434.0,36,0,0,5.8,0,0.0,0.0
SYN-003944,0.539,mixed_farming,low,masonry,1172.0,390440.0,33,0,0,8.5,0,0.0,0.0
SYN-003945,0.421,crop_farming,low,masonry,901.0,250482.0,78,0,1,10.2,0,0.0,0.0
SYN-003946,0.941,mixed_farming,medium,mixed,1370.0,733750.0,5,0,1,12.6,0,0.0,0.0
SYN-003947,0.818,crop_farming,low,mixed,489.0,469889.0,18,0,1,5.5,0,0.0,0.0
SYN-003948,0.678,crop_farming,medium,masonry,1547.0,832080.0,40,0,0,8.8,0,0.0,0.0
SYN-003949,0.737,mixed_farming,medium,masonry,1150.0,556445.0,77,0,1,4.3,0,0.0,0.0
SYN-003950,0.552,crop_farming,medium,wood,2436.0,557868.0,44,0,1,21.6,0,0.0,0.0
SYN-003951,0.642,livestock,high,mixed,2116.0,967796.0,39,0,0,11.4,0,0.0,0.0
SYN-003952,0.592,viticulture,medium,mixed,2233.0,950806.0,68,1,1,12.4,0,0.0,0.0
SYN-003953,0.895,viticulture,low,masonry,1372.0,630408.0,60,0,0,16.8,0,0.0,0.0
SYN-003954,0.846,mixed_farming,high,wood,3439.0,1789495.0,62,0,0,7.8,0,0.0,0.0
SYN-003955,0.57,crop_farming,high,mixed,1763.0,602502.0,52,0,1,16.3,0,0.0,0.0
SYN-003956,0.857,mixed_farming,medium,wood,857.0,366981.0,37,0,0,10.9,0,0.0,0.0
SYN-003957,0.456,viticulture,medium,masonry,716.0,409150.0,47,2,0,11.1,0,0.0,0.0
SYN-003958,0.522,viticulture,low,masonry,771.0,395543.0,40,0,0,5.6,0,0.0,0.0
SYN-003959,0.464,crop_farming,medium,masonry,1777.0,539056.0,37,0,1,13.7,0,0.0,0.0
SYN-003960,0.543,livestock,low,wood,510.0,345565.0,64,1,1,9.6,0,0.0,0.0
SYN-003961,0.536,livestock,medium,mixed,1341.0,706580.0,47,0,1,6.0,0,0.0,0.0
SYN-003962,0.94,crop_farming,low,masonry,705.0,223043.0,24,0,1,1.3,0,0.0,0.0
SYN-003963,0.596,mixed_farming,medium,wood,537.0,233657.0,52,1,1,8.3,0,0.0,0.0
SYN-003964,0.613,crop_farming,low,wood,596.0,292341.0,29,0,1,5.9,0,0.0,0.0
SYN-003965,0.46,livestock,low,masonry,1193.0,509006.0,66,0,0,6.3,0,0.0,0.0
SYN-003966,0.44,crop_farming,low,mixed,1991.0,528023.0,73,0,1,7.8,0,0.0,0.0
SYN-003967,0.532,livestock,medium,mixed,781.0,196020.0,49,0,1,12.3,0,0.0,0.0
SYN-003968,0.481,crop_farming,low,masonry,314.0,168081.0,61,0,1,17.0,0,0.0,0.0
SYN-003969,0.607,livestock,medium,mixed,9417.0,3341929.0,12,0,0,14.2,0,0.0,0.0
SYN-003970,0.512,crop_farming,low,masonry,2506.0,1301692.0,76,0,1,10.0,0,0.0,0.0
SYN-003971,0.507,viticulture,medium,wood,2222.0,1082149.0,54,0,1,10.3,0,0.0,0.0
SYN-003972,0.789,crop_farming,low,mixed,3492.0,1423379.0,71,0,0,7.0,0,0.0,0.0
SYN-003973,0.965,livestock,high,wood,1287.0,409540.0,61,0,1,17.6,0,0.0,0.0
SYN-003974,0.407,crop_farming,low,mixed,1110.0,736509.0,61,0,1,3.8,0,0.0,0.0
SYN-003975,0.823,crop_farming,low,masonry,2926.0,868320.0,9,0,1,2.9,0,0.0,0.0
SYN-003976,0.796,crop_farming,low,masonry,2913.0,1508273.0,21,0,0,5.7,0,0.0,0.0
SYN-003977,0.751,crop_farming,low,mixed,1808.0,937636.0,29,0,1,2.0,0,0.0,0.0
SYN-003978,0.815,crop_farming,medium,masonry,2151.0,1158344.0,42,1,1,9.2,0,0.0,0.0
SYN-003979,0.705,livestock,low,mixed,542.0,265295.0,34,0,1,32.5,0,0.0,0.0
SYN-003980,0.956,mixed_farming,high,masonry,1025.0,298550.0,34,0,1,20.6,0,0.0,0.0
SYN-003981,0.495,crop_farming,medium,masonry,3668.0,1543337.0,43,0,1,9.5,0,0.0,0.0
SYN-003982,0.684,livestock,low,masonry,2044.0,736077.0,32,0,1,2.6,0,0.0,0.0
SYN-003983,0.792,mixed_farming,medium,mixed,469.0,199981.0,47,0,0,12.8,0,0.0,0.0
SYN-003984,0.945,crop_farming,low,masonry,858.0,352632.0,63,0,1,16.8,0,0.0,0.0
SYN-003985,0.692,livestock,low,mixed,3300.0,1467696.0,51,1,1,4.9,0,0.0,0.0
SYN-003986,0.986,crop_farming,low,masonry,1629.0,573296.0,32,0,1,8.6,0,0.0,0.0
SYN-003987,0.794,crop_farming,low,mixed,1364.0,589247.0,77,1,0,1.2,0,0.0,0.0
SYN-003988,0.82,livestock,low,mixed,1391.0,617022.0,12,0,1,10.1,0,0.0,0.0
SYN-003989,0.891,viticulture,high,mixed,1148.0,301188.0,1,0,0,6.8,0,0.0,0.0
SYN-003990,0.84,viticulture,medium,masonry,862.0,526130.0,28,0,0,3.6,0,0.0,0.0
SYN-003991,0.714,viticulture,high,masonry,705.0,396479.0,44,0,0,6.0,0,0.0,0.0
SYN-003992,0.864,livestock,low,masonry,2337.0,1193405.0,65,0,1,4.6,0,0.0,0.0
SYN-003993,0.421,crop_farming,high,mixed,1414.0,683984.0,48,1,0,5.8,0,0.0,0.0
SYN-003994,0.96,livestock,medium,masonry,1919.0,767993.0,41,0,1,6.9,0,0.0,0.0
SYN-003995,0.894,crop_farming,low,wood,1729.0,862632.0,25,0,1,3.9,0,0.0,0.0
SYN-003996,0.783,crop_farming,high,mixed,3028.0,1150554.0,2,1,1,11.7,0,0.0,0.0
SYN-003997,0.441,crop_farming,low,masonry,1629.0,788416.0,32,0,0,11.7,0,0.0,0.0
SYN-003998,0.577,livestock,medium,mixed,2070.0,548637.0,50,2,1,3.4,0,0.0,0.0
SYN-003999,0.552,livestock,high,mixed,1351.0,705115.0,66,0,1,25.0,0,0.0,0.0
SYN-004000,0.554,crop_farming,medium,masonry,655.0,266639.0,14,1,0,3.8,0,0.0,0.0
SYN-004001,0.803,mixed_farming,medium,mixed,1047.0,310334.0,21,0,1,9.3,0,0.0,0.0
SYN-004002,0.926,livestock,medium,wood,1778.0,667253.0,9,1,0,2.5,1,6032.68,6032.68
SYN-004003,0.809,mixed_farming,low,masonry,1883.0,507170.0,57,0,0,2.8,0,0.0,0.0
SYN-004004,0.633,crop_farming,high,masonry,3112.0,983078.0,25,0,1,13.3,1,4105.9,4105.9
SYN-004005,0.982,livestock,low,mixed,899.0,526063.0,71,1,1,18.0,0,0.0,0.0
SYN-004006,0.918,crop_farming,low,masonry,1404.0,586704.0,62,0,1,19.0,0,0.0,0.0
SYN-004007,0.811,livestock,low,mixed,1114.0,538593.0,76,0,1,15.4,0,0.0,0.0
SYN-004008,0.638,crop_farming,high,mixed,3484.0,1613158.0,5,0,0,4.6,0,0.0,0.0
SYN-004009,0.81,crop_farming,medium,mixed,1548.0,693550.0,69,0,1,14.3,0,0.0,0.0
SYN-004010,0.645,mixed_farming,medium,masonry,1567.0,869035.0,17,1,1,3.2,0,0.0,0.0
SYN-004011,0.493,crop_farming,high,masonry,1184.0,375404.0,47,0,1,7.7,0,0.0,0.0
SYN-004012,0.771,crop_farming,low,wood,1047.0,309621.0,17,0,1,11.6,0,0.0,0.0
SYN-004013,0.819,viticulture,high,masonry,473.0,211654.0,51,0,1,7.6,0,0.0,0.0
SYN-004014,0.61,crop_farming,low,masonry,534.0,290211.0,66,0,0,12.2,0,0.0,0.0
SYN-004015,0.958,livestock,medium,masonry,1361.0,464293.0,37,0,0,21.1,0,0.0,0.0
SYN-004016,0.913,livestock,low,masonry,1255.0,582026.0,21,0,1,4.6,0,0.0,0.0
SYN-004017,0.75,crop_farming,high,masonry,1366.0,589645.0,39,0,1,20.2,0,0.0,0.0
SYN-004018,0.436,livestock,high,masonry,2235.0,1062203.0,47,0,1,12.2,0,0.0,0.0
SYN-004019,0.41,crop_farming,medium,mixed,1287.0,679384.0,60,1,1,19.0,0,0.0,0.0
SYN-004020,0.784,mixed_farming,low,mixed,966.0,311973.0,11,0,1,15.3,0,0.0,0.0
SYN-004021,0.888,crop_farming,low,wood,1057.0,466496.0,4,0,0,21.5,0,0.0,0.0
SYN-004022,0.7,crop_farming,medium,wood,1420.0,770383.0,64,0,1,17.2,0,0.0,0.0
SYN-004023,0.414,livestock,low,masonry,947.0,545637.0,9,1,0,10.7,0,0.0,0.0
SYN-004024,0.487,viticulture,low,masonry,2421.0,660058.0,21,0,0,12.4,0,0.0,0.0
SYN-004025,0.527,mixed_farming,medium,wood,1203.0,563260.0,72,0,1,7.7,0,0.0,0.0
SYN-004026,0.777,viticulture,medium,masonry,1427.0,454351.0,37,0,1,11.2,0,0.0,0.0
SYN-004027,0.692,mixed_farming,high,masonry,713.0,221314.0,8,0,1,12.3,0,0.0,0.0
SYN-004028,0.461,mixed_farming,medium,masonry,2422.0,808183.0,27,0,1,10.5,0,0.0,0.0
SYN-004029,0.701,livestock,low,mixed,3088.0,1476295.0,70,0,0,3.8,0,0.0,0.0
SYN-004030,0.922,viticulture,medium,masonry,500.0,302575.0,53,1,0,7.5,0,0.0,0.0
SYN-004031,0.663,livestock,low,masonry,1573.0,704242.0,62,1,1,1.3,0,0.0,0.0
SYN-004032,0.49,livestock,medium,masonry,1130.0,543661.0,21,0,1,1.4,0,0.0,0.0
SYN-004033,0.747,mixed_farming,medium,mixed,1458.0,535850.0,66,0,1,4.8,0,0.0,0.0
SYN-004034,0.958,livestock,low,masonry,1626.0,470725.0,1,1,1,2.8,0,0.0,0.0
SYN-004035,0.47,crop_farming,low,mixed,284.0,206616.0,14,0,1,17.6,0,0.0,0.0
SYN-004036,0.494,livestock,high,masonry,1986.0,491738.0,43,0,1,9.6,0,0.0,0.0
SYN-004037,0.74,livestock,medium,masonry,2498.0,1271632.0,70,0,0,25.7,0,0.0,0.0
SYN-004038,0.604,mixed_farming,medium,masonry,2687.0,1259794.0,78,0,1,7.9,0,0.0,0.0
SYN-004039,0.937,livestock,medium,masonry,656.0,324090.0,32,2,1,10.1,0,0.0,0.0
SYN-004040,0.828,mixed_farming,medium,masonry,1188.0,553439.0,67,0,1,15.4,0,0.0,0.0
SYN-004041,0.488,livestock,low,wood,854.0,448654.0,21,0,1,16.8,0,0.0,0.0
SYN-004042,0.922,mixed_farming,high,masonry,349.0,246765.0,80,0,1,9.7,0,0.0,0.0
SYN-004043,0.785,crop_farming,high,wood,810.0,344613.0,9,1,0,2.5,0,0.0,0.0
SYN-004044,0.696,viticulture,low,masonry,599.0,311305.0,36,0,0,13.7,0,0.0,0.0
SYN-004045,0.554,livestock,low,masonry,1506.0,655149.0,1,0,1,2.4,0,0.0,0.0
SYN-004046,0.79,crop_farming,medium,mixed,420.0,230995.0,46,0,1,9.5,0,0.0,0.0
SYN-004047,0.939,crop_farming,medium,mixed,641.0,258015.0,36,0,0,2.7,0,0.0,0.0
SYN-004048,0.423,crop_farming,medium,masonry,865.0,340336.0,64,0,1,5.8,0,0.0,0.0
SYN-004049,0.625,livestock,medium,masonry,1999.0,904283.0,51,1,1,6.1,1,15389.25,15389.25
SYN-004050,0.961,mixed_farming,medium,mixed,7373.0,3816967.0,27,0,1,0.9,0,0.0,0.0
SYN-004051,0.63,viticulture,medium,masonry,1476.0,662912.0,76,0,1,25.8,0,0.0,0.0
SYN-004052,0.422,mixed_farming,low,mixed,620.0,426471.0,10,0,1,6.0,0,0.0,0.0
SYN-004053,0.461,livestock,low,mixed,779.0,477373.0,6,1,1,2.0,0,0.0,0.0
SYN-004054,0.814,livestock,medium,masonry,1859.0,869607.0,14,0,0,3.9,0,0.0,0.0
SYN-004055,0.82,mixed_farming,high,mixed,505.0,280329.0,46,0,1,9.8,0,0.0,0.0
SYN-004056,0.469,mixed_farming,medium,masonry,2472.0,898875.0,78,0,0,3.4,0,0.0,0.0
SYN-004057,0.532,crop_farming,medium,wood,1448.0,571402.0,13,0,1,7.5,0,0.0,0.0
SYN-004058,0.738,viticulture,high,wood,1117.0,417089.0,64,0,1,0.5,0,0.0,0.0
SYN-004059,0.812,livestock,medium,mixed,405.0,259777.0,61,0,0,27.5,0,0.0,0.0
SYN-004060,0.494,mixed_farming,medium,wood,2204.0,693597.0,24,0,0,13.9,0,0.0,0.0
SYN-004061,0.674,viticulture,low,mixed,739.0,483140.0,13,0,1,3.1,0,0.0,0.0
SYN-004062,0.737,mixed_farming,medium,masonry,1339.0,668058.0,63,1,0,18.6,0,0.0,0.0
SYN-004063,0.43,crop_farming,medium,masonry,1094.0,439589.0,64,0,0,6.8,0,0.0,0.0
SYN-004064,0.534,mixed_farming,medium,masonry,433.0,139159.0,57,0,1,10.9,0,0.0,0.0
SYN-004065,0.951,crop_farming,low,masonry,1043.0,306534.0,62,0,1,9.2,0,0.0,0.0
SYN-004066,0.928,mixed_farming,medium,mixed,552.0,306420.0,38,0,1,10.7,0,0.0,0.0
SYN-004067,0.593,crop_farming,low,masonry,793.0,254722.0,31,0,1,6.6,0,0.0,0.0
SYN-004068,0.921,mixed_farming,high,mixed,1606.0,395093.0,2,0,1,6.3,1,14086.69,14086.69
SYN-004069,0.78,viticulture,low,masonry,1913.0,663361.0,41,0,1,8.6,0,0.0,0.0
SYN-004070,0.989,crop_farming,medium,masonry,1198.0,495327.0,59,0,0,5.2,0,0.0,0.0
SYN-004071,0.98,livestock,medium,masonry,682.0,361654.0,16,0,1,14.1,0,0.0,0.0
SYN-004072,0.77,mixed_farming,low,wood,796.0,382746.0,24,1,0,7.3,0,0.0,0.0
SYN-004073,0.681,livestock,medium,masonry,787.0,364042.0,46,0,0,19.9,0,0.0,0.0
SYN-004074,0.485,crop_farming,low,masonry,302.0,176092.0,22,0,1,11.8,0,0.0,0.0
SYN-004075,0.718,crop_farming,medium,masonry,1271.0,517920.0,71,0,0,6.6,0,0.0,0.0
SYN-004076,0.639,livestock,high,wood,410.0,348890.0,43,1,1,13.9,0,0.0,0.0
SYN-004077,0.787,mixed_farming,medium,masonry,1274.0,525112.0,34,0,1,2.5,0,0.0,0.0
SYN-004078,0.454,livestock,high,mixed,469.0,220571.0,22,0,0,4.4,1,16631.41,16631.41
SYN-004079,0.901,crop_farming,low,masonry,553.0,205458.0,73,0,1,13.6,0,0.0,0.0
SYN-004080,0.98,livestock,medium,masonry,1872.0,605370.0,58,0,1,6.2,0,0.0,0.0
SYN-004081,0.526,livestock,high,mixed,1231.0,565606.0,46,1,1,8.6,1,27554.8,27554.8
SYN-004082,0.78,crop_farming,high,mixed,356.0,179430.0,24,0,1,6.3,0,0.0,0.0
SYN-004083,0.881,mixed_farming,low,mixed,843.0,351869.0,10,0,1,10.0,0,0.0,0.0
SYN-004084,0.733,livestock,medium,masonry,1437.0,751495.0,65,0,0,8.8,0,0.0,0.0
SYN-004085,0.961,livestock,high,wood,810.0,442900.0,4,0,0,3.4,0,0.0,0.0
SYN-004086,0.707,viticulture,medium,mixed,970.0,307620.0,35,0,1,19.6,0,0.0,0.0
SYN-004087,0.562,livestock,medium,wood,1420.0,605940.0,46,0,0,14.9,0,0.0,0.0
SYN-004088,0.683,mixed_farming,low,masonry,1248.0,540874.0,42,0,1,1.2,0,0.0,0.0
SYN-004089,0.693,crop_farming,low,masonry,636.0,470813.0,56,1,0,1.6,0,0.0,0.0
SYN-004090,0.552,crop_farming,medium,masonry,1230.0,448340.0,3,0,1,1.3,0,0.0,0.0
SYN-004091,0.872,crop_farming,medium,mixed,1005.0,553003.0,19,0,1,4.1,0,0.0,0.0
SYN-004092,0.771,mixed_farming,low,mixed,3717.0,1355493.0,2,0,1,13.3,0,0.0,0.0
SYN-004093,0.622,mixed_farming,low,masonry,1133.0,744216.0,21,0,0,7.3,0,0.0,0.0
SYN-004094,0.653,crop_farming,medium,masonry,1323.0,496006.0,17,0,1,5.5,0,0.0,0.0
SYN-004095,0.623,crop_farming,medium,masonry,1435.0,685249.0,69,0,0,1.6,0,0.0,0.0
SYN-004096,0.669,livestock,medium,masonry,983.0,387936.0,28,0,1,9.2,0,0.0,0.0
SYN-004097,0.717,mixed_farming,medium,mixed,759.0,225143.0,46,0,1,9.9,0,0.0,0.0
SYN-004098,0.599,mixed_farming,low,masonry,1634.0,724150.0,15,0,1,6.6,1,4595.11,4595.11
SYN-004099,0.891,mixed_farming,high,masonry,1643.0,743037.0,62,0,1,15.3,0,0.0,0.0
SYN-004100,0.957,viticulture,medium,masonry,4692.0,1189095.0,41,0,1,15.3,0,0.0,0.0
SYN-004101,0.714,crop_farming,low,masonry,1964.0,890029.0,72,0,1,4.4,0,0.0,0.0
SYN-004102,0.827,mixed_farming,medium,wood,1985.0,993839.0,49,1,1,6.0,0,0.0,0.0
SYN-004103,0.958,livestock,medium,masonry,1932.0,968101.0,64,0,0,15.7,0,0.0,0.0
SYN-004104,0.515,livestock,medium,wood,774.0,371704.0,65,1,0,6.4,0,0.0,0.0
SYN-004105,0.514,viticulture,medium,mixed,535.0,250012.0,7,0,1,4.7,0,0.0,0.0
SYN-004106,0.444,crop_farming,medium,mixed,631.0,478411.0,42,0,0,9.1,0,0.0,0.0
SYN-004107,0.665,mixed_farming,medium,masonry,1895.0,1065770.0,30,0,1,14.9,0,0.0,0.0
SYN-004108,0.599,mixed_farming,low,mixed,3054.0,802715.0,30,0,1,9.3,0,0.0,0.0
SYN-004109,0.736,viticulture,low,mixed,1953.0,456254.0,32,0,0,4.4,0,0.0,0.0
SYN-004110,0.671,livestock,low,masonry,1087.0,308668.0,74,0,0,5.3,0,0.0,0.0
SYN-004111,0.514,livestock,medium,wood,3604.0,1352540.0,79,0,0,10.8,0,0.0,0.0
SYN-004112,0.635,mixed_farming,medium,masonry,908.0,495787.0,35,0,1,6.4,0,0.0,0.0
SYN-004113,0.417,mixed_farming,medium,masonry,575.0,309826.0,80,1,0,14.1,0,0.0,0.0
SYN-004114,0.722,livestock,low,masonry,1429.0,695397.0,23,0,1,6.2,0,0.0,0.0
SYN-004115,0.563,mixed_farming,medium,mixed,2807.0,763433.0,59,0,1,6.7,1,2979.48,2979.48
SYN-004116,0.467,crop_farming,low,masonry,700.0,239436.0,7,0,1,7.5,0,0.0,0.0
SYN-004117,0.44,mixed_farming,medium,masonry,400.0,262986.0,13,0,1,7.1,0,0.0,0.0
SYN-004118,0.829,mixed_farming,medium,masonry,1242.0,527651.0,15,0,1,2.6,0,0.0,0.0
SYN-004119,0.548,livestock,low,masonry,2001.0,639822.0,46,0,1,11.2,0,0.0,0.0
SYN-004120,0.795,livestock,low,masonry,176.0,156135.0,56,0,1,18.0,0,0.0,0.0
SYN-004121,0.889,viticulture,medium,wood,2288.0,790285.0,3,0,0,9.8,0,0.0,0.0
SYN-004122,0.7,mixed_farming,medium,masonry,498.0,374142.0,16,0,1,10.7,1,7113.1,7113.1
SYN-004123,0.48,mixed_farming,low,wood,1941.0,995694.0,71,0,1,5.4,0,0.0,0.0
SYN-004124,0.769,livestock,high,mixed,331.0,136376.0,30,1,0,9.5,0,0.0,0.0
SYN-004125,0.443,viticulture,high,mixed,465.0,297694.0,58,0,0,17.2,0,0.0,0.0
SYN-004126,0.89,crop_farming,high,wood,1812.0,751750.0,3,0,0,7.5,0,0.0,0.0
SYN-004127,0.857,livestock,low,masonry,2671.0,735417.0,35,0,1,12.6,0,0.0,0.0
SYN-004128,0.641,livestock,medium,mixed,1205.0,514083.0,31,0,1,11.8,0,0.0,0.0
SYN-004129,0.561,mixed_farming,low,masonry,5750.0,2832377.0,64,0,1,14.0,0,0.0,0.0
SYN-004130,0.826,viticulture,high,masonry,623.0,326367.0,52,0,0,10.0,0,0.0,0.0
SYN-004131,0.74,mixed_farming,medium,masonry,618.0,397869.0,6,1,0,9.9,0,0.0,0.0
SYN-004132,0.487,mixed_farming,low,mixed,996.0,453324.0,18,0,1,13.8,0,0.0,0.0
SYN-004133,0.856,livestock,low,mixed,965.0,591972.0,45,0,1,12.8,0,0.0,0.0
SYN-004134,0.6,livestock,high,masonry,1457.0,680967.0,1,0,1,6.5,0,0.0,0.0
SYN-004135,0.936,livestock,high,mixed,748.0,400577.0,10,0,1,8.9,0,0.0,0.0
SYN-004136,0.898,crop_farming,medium,masonry,1753.0,919281.0,67,0,1,1.4,0,0.0,0.0
SYN-004137,0.565,livestock,medium,masonry,1726.0,658523.0,2,0,0,6.4,0,0.0,0.0
SYN-004138,0.553,mixed_farming,medium,masonry,3459.0,1463912.0,58,0,0,7.2,0,0.0,0.0
SYN-004139,0.639,mixed_farming,high,mixed,881.0,310418.0,44,0,1,6.4,0,0.0,0.0
SYN-004140,0.883,mixed_farming,medium,masonry,1509.0,771075.0,80,0,0,6.9,0,0.0,0.0
SYN-004141,0.478,livestock,medium,masonry,1797.0,787542.0,48,2,0,8.7,0,0.0,0.0
SYN-004142,0.59,livestock,medium,masonry,1206.0,443052.0,11,1,1,11.5,0,0.0,0.0
SYN-004143,0.795,crop_farming,high,mixed,1056.0,408492.0,50,0,1,9.6,0,0.0,0.0
SYN-004144,0.42,livestock,low,mixed,317.0,164180.0,55,0,1,7.8,0,0.0,0.0
SYN-004145,0.434,livestock,medium,masonry,1279.0,529266.0,24,0,0,5.1,0,0.0,0.0
SYN-004146,0.857,crop_farming,low,mixed,1785.0,430632.0,21,0,1,4.7,0,0.0,0.0
SYN-004147,0.713,crop_farming,medium,mixed,1167.0,630755.0,33,0,0,7.0,0,0.0,0.0
SYN-004148,0.735,mixed_farming,medium,masonry,729.0,369134.0,41,0,1,1.9,0,0.0,0.0
SYN-004149,0.549,livestock,low,masonry,407.0,352478.0,21,0,1,4.5,0,0.0,0.0
SYN-004150,0.719,livestock,medium,wood,1627.0,584339.0,60,0,0,20.4,0,0.0,0.0
SYN-004151,0.727,crop_farming,low,masonry,1238.0,432917.0,69,0,1,3.3,0,0.0,0.0
SYN-004152,0.648,livestock,high,masonry,2991.0,1612087.0,14,1,1,2.5,0,0.0,0.0
SYN-004153,0.979,livestock,high,wood,472.0,323771.0,60,1,0,10.9,0,0.0,0.0
SYN-004154,0.43,livestock,medium,mixed,893.0,286849.0,38,0,1,12.5,0,0.0,0.0
SYN-004155,0.649,mixed_farming,medium,mixed,513.0,262744.0,11,0,1,6.1,0,0.0,0.0
SYN-004156,0.914,crop_farming,low,mixed,2360.0,674862.0,22,0,0,6.2,0,0.0,0.0
SYN-004157,0.524,viticulture,high,masonry,2712.0,854220.0,74,0,0,0.5,0,0.0,0.0
SYN-004158,0.961,crop_farming,medium,mixed,4229.0,1898173.0,13,0,1,7.4,0,0.0,0.0
SYN-004159,0.655,livestock,low,masonry,1701.0,745086.0,4,0,1,13.0,0,0.0,0.0
SYN-004160,0.494,crop_farming,high,wood,2024.0,889390.0,58,0,1,9.9,0,0.0,0.0
SYN-004161,0.456,livestock,low,masonry,1609.0,371798.0,44,0,1,6.8,0,0.0,0.0
SYN-004162,0.596,crop_farming,medium,masonry,1759.0,595918.0,21,0,1,4.1,0,0.0,0.0
SYN-004163,0.952,mixed_farming,low,masonry,1251.0,480244.0,60,0,1,18.4,0,0.0,0.0
SYN-004164,0.963,livestock,medium,mixed,1812.0,691745.0,43,2,0,3.2,0,0.0,0.0
SYN-004165,0.738,mixed_farming,low,masonry,4871.0,1180785.0,20,0,1,2.7,0,0.0,0.0
SYN-004166,0.471,crop_farming,low,mixed,1397.0,646586.0,56,0,0,9.9,0,0.0,0.0
SYN-004167,0.674,crop_farming,medium,masonry,1231.0,655078.0,68,0,1,1.7,0,0.0,0.0
SYN-004168,0.651,livestock,high,masonry,1378.0,825646.0,36,0,1,7.9,0,0.0,0.0
SYN-004169,0.539,livestock,low,mixed,1100.0,544331.0,64,1,1,4.2,0,0.0,0.0
SYN-004170,0.446,livestock,medium,masonry,1423.0,423444.0,11,0,1,6.9,0,0.0,0.0
SYN-004171,0.629,viticulture,medium,mixed,1076.0,513873.0,6,0,1,9.9,0,0.0,0.0
SYN-004172,0.623,mixed_farming,high,wood,2549.0,1365257.0,1,0,1,3.5,0,0.0,0.0
SYN-004173,0.822,viticulture,low,mixed,2389.0,633974.0,28,0,1,8.2,0,0.0,0.0
SYN-004174,0.637,crop_farming,medium,masonry,4954.0,1571866.0,31,0,0,5.7,0,0.0,0.0
SYN-004175,0.408,mixed_farming,high,masonry,1194.0,607031.0,71,1,1,4.2,0,0.0,0.0
SYN-004176,0.412,livestock,low,wood,1462.0,724990.0,80,0,1,8.9,0,0.0,0.0
SYN-004177,0.813,mixed_farming,medium,mixed,1423.0,754059.0,51,0,1,8.7,0,0.0,0.0
SYN-004178,0.796,viticulture,high,mixed,1380.0,603379.0,78,0,0,9.7,0,0.0,0.0
SYN-004179,0.496,mixed_farming,low,masonry,2526.0,1036703.0,78,1,1,0.9,0,0.0,0.0
SYN-004180,0.92,mixed_farming,medium,mixed,421.0,212310.0,36,0,1,5.8,1,9935.23,9935.23
SYN-004181,0.798,mixed_farming,low,masonry,1635.0,810589.0,22,1,0,7.1,0,0.0,0.0
SYN-004182,0.492,crop_farming,high,mixed,4435.0,1397305.0,34,0,0,9.0,0,0.0,0.0
SYN-004183,0.573,mixed_farming,high,wood,2939.0,1293822.0,2,0,0,5.6,0,0.0,0.0
SYN-004184,0.984,livestock,medium,wood,2729.0,1513124.0,52,0,1,5.1,0,0.0,0.0
SYN-004185,0.645,viticulture,medium,masonry,2095.0,1145719.0,71,0,0,5.4,0,0.0,0.0
SYN-004186,0.542,mixed_farming,medium,mixed,823.0,359932.0,67,0,1,4.5,0,0.0,0.0
SYN-004187,0.714,crop_farming,low,masonry,744.0,233863.0,21,1,0,2.7,0,0.0,0.0
SYN-004188,0.523,crop_farming,low,masonry,748.0,441101.0,47,0,1,9.3,0,0.0,0.0
SYN-004189,0.875,crop_farming,low,mixed,578.0,307426.0,71,0,1,12.2,0,0.0,0.0
SYN-004190,0.877,livestock,low,masonry,2242.0,627343.0,58,0,1,2.4,0,0.0,0.0
SYN-004191,0.881,crop_farming,medium,masonry,3148.0,821461.0,5,1,1,7.1,0,0.0,0.0
SYN-004192,0.77,mixed_farming,low,mixed,1607.0,658352.0,2,0,1,15.8,0,0.0,0.0
SYN-004193,0.816,livestock,low,mixed,2045.0,897753.0,73,2,1,27.5,0,0.0,0.0
SYN-004194,0.593,mixed_farming,medium,mixed,1467.0,583539.0,71,1,0,2.8,2,2470.22,4940.43
SYN-004195,0.927,crop_farming,low,masonry,1754.0,541902.0,61,1,0,3.3,0,0.0,0.0
SYN-004196,0.486,livestock,low,mixed,306.0,336516.0,44,0,0,12.3,0,0.0,0.0
SYN-004197,0.553,crop_farming,low,masonry,1487.0,589850.0,79,1,1,25.6,0,0.0,0.0
SYN-004198,0.996,mixed_farming,low,masonry,919.0,598841.0,40,1,0,4.5,0,0.0,0.0
SYN-004199,0.976,crop_farming,medium,masonry,1181.0,470979.0,49,0,0,3.3,0,0.0,0.0
SYN-004200,0.705,crop_farming,medium,mixed,1404.0,530018.0,18,0,1,7.5,1,22494.17,22494.17
SYN-004201,0.699,crop_farming,high,masonry,761.0,428604.0,27,0,1,3.8,0,0.0,0.0
SYN-004202,0.47,mixed_farming,medium,masonry,602.0,179144.0,11,0,1,12.0,0,0.0,0.0
SYN-004203,0.796,crop_farming,medium,wood,746.0,266304.0,43,0,1,8.3,0,0.0,0.0
SYN-004204,0.419,mixed_farming,high,wood,473.0,213224.0,30,0,0,12.8,0,0.0,0.0
SYN-004205,0.589,mixed_farming,medium,mixed,572.0,302485.0,57,0,0,15.1,0,0.0,0.0
SYN-004206,0.651,mixed_farming,medium,mixed,625.0,297120.0,74,0,0,2.9,0,0.0,0.0
SYN-004207,0.936,crop_farming,medium,wood,477.0,269610.0,68,0,1,10.1,0,0.0,0.0
SYN-004208,0.981,crop_farming,low,mixed,1709.0,1010914.0,45,0,0,8.4,0,0.0,0.0
SYN-004209,0.984,livestock,low,masonry,675.0,214341.0,64,0,1,3.6,0,0.0,0.0
SYN-004210,0.879,crop_farming,low,mixed,361.0,203814.0,33,0,1,1.1,0,0.0,0.0
SYN-004211,0.574,mixed_farming,medium,wood,934.0,382920.0,51,0,1,9.0,0,0.0,0.0
SYN-004212,0.427,livestock,low,mixed,588.0,331745.0,12,0,0,24.8,0,0.0,0.0
SYN-004213,0.655,livestock,medium,masonry,3129.0,974093.0,8,1,0,4.1,0,0.0,0.0
SYN-004214,0.578,crop_farming,high,wood,1321.0,498702.0,5,0,1,9.8,0,0.0,0.0
SYN-004215,0.793,livestock,medium,mixed,466.0,186926.0,24,0,1,9.0,0,0.0,0.0
SYN-004216,0.623,crop_farming,low,masonry,1754.0,1049968.0,49,0,1,5.7,0,0.0,0.0
SYN-004217,0.934,mixed_farming,medium,wood,1281.0,453637.0,38,0,0,9.8,0,0.0,0.0
SYN-004218,0.624,crop_farming,low,mixed,1038.0,435540.0,77,0,1,3.9,0,0.0,0.0
SYN-004219,0.627,viticulture,high,mixed,3373.0,1203224.0,6,0,1,13.3,0,0.0,0.0
SYN-004220,0.855,mixed_farming,medium,wood,643.0,311384.0,36,1,1,29.9,1,10915.65,10915.65
SYN-004221,0.754,crop_farming,medium,masonry,2375.0,935529.0,32,0,1,5.2,0,0.0,0.0
SYN-004222,0.553,crop_farming,medium,mixed,929.0,407052.0,19,2,1,14.2,0,0.0,0.0
SYN-004223,0.806,livestock,medium,masonry,1198.0,374102.0,44,0,1,7.0,0,0.0,0.0
SYN-004224,0.738,crop_farming,medium,wood,744.0,293660.0,31,1,1,8.6,0,0.0,0.0
SYN-004225,0.462,crop_farming,low,wood,776.0,206039.0,18,1,1,6.5,0,0.0,0.0
SYN-004226,0.68,mixed_farming,low,mixed,913.0,631495.0,41,1,0,5.9,0,0.0,0.0
SYN-004227,0.951,mixed_farming,low,mixed,352.0,187593.0,18,0,1,7.2,0,0.0,0.0
SYN-004228,0.527,crop_farming,medium,mixed,1518.0,426084.0,61,0,1,4.1,0,0.0,0.0
SYN-004229,0.649,livestock,high,masonry,1306.0,441413.0,30,0,1,5.6,0,0.0,0.0
SYN-004230,0.566,crop_farming,medium,masonry,458.0,198398.0,37,0,0,20.6,0,0.0,0.0
SYN-004231,0.722,viticulture,medium,masonry,1861.0,489317.0,14,0,1,9.9,0,0.0,0.0
SYN-004232,0.985,crop_farming,high,mixed,3125.0,1495932.0,75,0,0,4.0,0,0.0,0.0
SYN-004233,0.586,mixed_farming,low,mixed,787.0,355830.0,15,0,0,5.6,0,0.0,0.0
SYN-004234,0.9,mixed_farming,low,mixed,728.0,369101.0,52,0,1,5.1,0,0.0,0.0
SYN-004235,0.903,crop_farming,high,masonry,2499.0,1076472.0,52,0,0,4.6,0,0.0,0.0
SYN-004236,0.556,crop_farming,high,mixed,1575.0,899095.0,10,0,1,6.5,0,0.0,0.0
SYN-004237,0.864,livestock,medium,masonry,1109.0,694138.0,12,0,1,3.7,0,0.0,0.0
SYN-004238,0.993,mixed_farming,low,wood,2058.0,474235.0,10,0,1,12.0,0,0.0,0.0
SYN-004239,0.972,livestock,high,wood,1448.0,560244.0,75,0,1,38.1,0,0.0,0.0
SYN-004240,0.763,mixed_farming,medium,masonry,3067.0,1125961.0,45,3,0,1.8,0,0.0,0.0
SYN-004241,0.491,mixed_farming,medium,mixed,1199.0,309621.0,12,1,1,28.1,0,0.0,0.0
SYN-004242,0.472,mixed_farming,low,masonry,1599.0,609945.0,65,0,1,7.1,0,0.0,0.0
SYN-004243,0.56,livestock,medium,masonry,2474.0,1324329.0,75,1,1,5.9,0,0.0,0.0
SYN-004244,0.761,livestock,high,mixed,247.0,176960.0,43,0,0,3.8,0,0.0,0.0
SYN-004245,0.632,mixed_farming,high,mixed,2533.0,1151594.0,45,0,0,8.3,1,33637.27,33637.27
SYN-004246,0.819,crop_farming,medium,masonry,873.0,330539.0,65,0,1,5.9,0,0.0,0.0
SYN-004247,0.873,mixed_farming,medium,masonry,1677.0,414080.0,34,1,1,8.7,0,0.0,0.0
SYN-004248,0.508,crop_farming,medium,masonry,3575.0,888957.0,7,0,1,16.5,0,0.0,0.0
SYN-004249,0.943,crop_farming,medium,masonry,993.0,341145.0,60,0,0,0.5,0,0.0,0.0
SYN-004250,0.436,mixed_farming,medium,masonry,901.0,314189.0,27,1,0,8.4,0,0.0,0.0
SYN-004251,0.559,livestock,low,masonry,1170.0,673445.0,54,0,1,1.3,0,0.0,0.0
SYN-004252,0.889,crop_farming,low,wood,472.0,359348.0,4,0,0,1.5,0,0.0,0.0
SYN-004253,0.51,crop_farming,medium,masonry,5062.0,1309567.0,28,0,1,11.6,0,0.0,0.0
SYN-004254,0.532,livestock,low,masonry,1179.0,371007.0,29,0,1,3.2,0,0.0,0.0
SYN-004255,0.985,mixed_farming,low,masonry,3532.0,1863246.0,26,0,1,1.5,0,0.0,0.0
SYN-004256,0.947,crop_farming,high,masonry,976.0,303193.0,46,0,0,28.3,0,0.0,0.0
SYN-004257,0.888,crop_farming,medium,mixed,1239.0,384128.0,35,0,1,13.2,0,0.0,0.0
SYN-004258,0.504,livestock,low,masonry,2239.0,1112641.0,75,0,1,8.2,0,0.0,0.0
SYN-004259,0.553,viticulture,low,masonry,592.0,279526.0,58,0,0,12.8,0,0.0,0.0
SYN-004260,0.541,crop_farming,medium,wood,1134.0,350372.0,37,3,1,2.5,0,0.0,0.0
SYN-004261,0.513,viticulture,medium,mixed,2185.0,923327.0,22,1,1,4.0,0,0.0,0.0
SYN-004262,0.982,mixed_farming,medium,masonry,1055.0,361658.0,31,0,0,14.8,0,0.0,0.0
SYN-004263,0.5,crop_farming,medium,masonry,885.0,554317.0,25,1,1,9.1,0,0.0,0.0
SYN-004264,0.848,mixed_farming,low,mixed,2502.0,661959.0,55,0,1,3.8,0,0.0,0.0
SYN-004265,0.431,mixed_farming,medium,mixed,3013.0,1476772.0,75,0,1,7.8,0,0.0,0.0
SYN-004266,0.726,livestock,low,wood,3341.0,1357633.0,58,0,0,9.9,0,0.0,0.0
SYN-004267,0.443,livestock,medium,masonry,782.0,225571.0,75,0,1,18.0,0,0.0,0.0
SYN-004268,0.437,mixed_farming,low,mixed,832.0,400894.0,14,1,1,1.9,0,0.0,0.0
SYN-004269,0.538,mixed_farming,low,masonry,892.0,338296.0,7,0,0,2.0,0,0.0,0.0
SYN-004270,0.955,mixed_farming,low,masonry,1933.0,1194981.0,57,0,0,6.0,0,0.0,0.0
SYN-004271,0.783,viticulture,high,mixed,557.0,395596.0,79,0,1,11.3,0,0.0,0.0
SYN-004272,0.791,livestock,low,mixed,578.0,259458.0,44,0,1,4.5,0,0.0,0.0
SYN-004273,0.579,mixed_farming,low,masonry,762.0,386954.0,37,0,1,6.3,0,0.0,0.0
SYN-004274,0.834,mixed_farming,low,masonry,659.0,262665.0,41,0,1,1.5,0,0.0,0.0
SYN-004275,0.809,crop_farming,medium,mixed,2153.0,684757.0,13,0,1,1.1,0,0.0,0.0
SYN-004276,0.677,crop_farming,medium,masonry,2061.0,1046092.0,79,0,1,1.6,0,0.0,0.0
SYN-004277,0.81,livestock,high,masonry,886.0,449231.0,5,0,1,13.0,0,0.0,0.0
SYN-004278,0.92,mixed_farming,medium,masonry,1068.0,369085.0,62,0,1,1.3,0,0.0,0.0
SYN-004279,0.976,crop_farming,medium,masonry,233.0,122467.0,34,0,0,8.1,0,0.0,0.0
SYN-004280,0.998,mixed_farming,medium,mixed,900.0,432555.0,66,1,1,2.6,0,0.0,0.0
SYN-004281,0.693,crop_farming,low,masonry,2720.0,1338590.0,59,0,1,4.1,0,0.0,0.0
SYN-004282,0.42,livestock,high,masonry,869.0,392727.0,66,0,1,1.0,0,0.0,0.0
SYN-004283,0.538,mixed_farming,high,mixed,596.0,277843.0,59,0,1,8.8,0,0.0,0.0
SYN-004284,0.518,crop_farming,low,masonry,2965.0,1486522.0,52,0,1,3.6,0,0.0,0.0
SYN-004285,0.58,mixed_farming,medium,mixed,587.0,377448.0,43,0,1,4.4,0,0.0,0.0
SYN-004286,0.616,crop_farming,low,masonry,3311.0,1229060.0,3,0,1,6.7,0,0.0,0.0
SYN-004287,0.801,viticulture,medium,mixed,7920.0,3355627.0,67,0,1,10.3,0,0.0,0.0
SYN-004288,0.715,crop_farming,medium,mixed,1129.0,405842.0,30,1,1,9.9,0,0.0,0.0
SYN-004289,0.79,viticulture,high,mixed,2720.0,1666891.0,31,1,1,10.6,0,0.0,0.0
SYN-004290,0.983,mixed_farming,low,masonry,410.0,173334.0,62,0,0,12.3,1,8732.69,8732.69
SYN-004291,0.429,crop_farming,medium,mixed,398.0,168502.0,6,0,0,9.1,0,0.0,0.0
SYN-004292,0.409,crop_farming,medium,mixed,722.0,610110.0,15,0,1,5.9,0,0.0,0.0
SYN-004293,0.799,crop_farming,low,masonry,2068.0,1006664.0,75,0,1,3.4,0,0.0,0.0
SYN-004294,0.728,mixed_farming,medium,masonry,1213.0,376297.0,77,0,1,5.1,0,0.0,0.0
SYN-004295,0.69,mixed_farming,medium,masonry,1074.0,551885.0,75,0,1,2.2,0,0.0,0.0
SYN-004296,0.912,livestock,medium,masonry,524.0,403713.0,1,0,1,3.3,0,0.0,0.0
SYN-004297,0.495,livestock,high,masonry,1116.0,514411.0,31,0,1,16.5,0,0.0,0.0
SYN-004298,0.744,mixed_farming,low,wood,798.0,353038.0,45,0,1,2.6,0,0.0,0.0
SYN-004299,0.959,livestock,low,wood,665.0,348139.0,25,1,1,12.4,0,0.0,0.0
SYN-004300,0.668,mixed_farming,low,masonry,630.0,353307.0,7,0,0,5.4,0,0.0,0.0
SYN-004301,0.748,livestock,low,wood,1373.0,566817.0,3,0,1,9.3,0,0.0,0.0
SYN-004302,0.442,mixed_farming,medium,mixed,759.0,272310.0,61,0,1,0.9,0,0.0,0.0
SYN-004303,0.61,viticulture,high,masonry,1207.0,516036.0,65,0,1,5.9,0,0.0,0.0
SYN-004304,0.425,livestock,medium,wood,384.0,171532.0,50,1,1,9.2,0,0.0,0.0
SYN-004305,0.743,crop_farming,medium,mixed,1681.0,775424.0,9,0,0,16.8,0,0.0,0.0
SYN-004306,0.754,crop_farming,medium,mixed,1417.0,500718.0,33,0,1,6.2,0,0.0,0.0
SYN-004307,0.971,livestock,low,masonry,1043.0,333259.0,38,1,0,10.4,0,0.0,0.0
SYN-004308,0.783,livestock,high,masonry,1346.0,534160.0,9,0,0,6.9,0,0.0,0.0
SYN-004309,0.402,viticulture,medium,wood,2224.0,951623.0,16,1,0,4.1,0,0.0,0.0
SYN-004310,0.9,mixed_farming,medium,masonry,473.0,277089.0,37,0,0,6.6,0,0.0,0.0
SYN-004311,0.598,livestock,high,masonry,1266.0,617921.0,22,0,1,3.3,0,0.0,0.0
SYN-004312,0.829,mixed_farming,medium,masonry,519.0,226210.0,28,0,0,6.2,1,681.81,681.81
SYN-004313,0.558,crop_farming,low,masonry,1283.0,553059.0,18,0,1,8.6,0,0.0,0.0
SYN-004314,0.856,mixed_farming,medium,masonry,1024.0,609413.0,16,0,0,10.2,0,0.0,0.0
SYN-004315,0.956,crop_farming,medium,wood,1193.0,467908.0,79,0,0,7.1,0,0.0,0.0
SYN-004316,0.448,mixed_farming,medium,masonry,2104.0,754970.0,15,1,1,7.4,0,0.0,0.0
SYN-004317,0.727,viticulture,high,wood,2063.0,1124503.0,48,0,1,9.4,0,0.0,0.0
SYN-004318,0.724,mixed_farming,medium,mixed,2456.0,778087.0,68,0,0,8.5,0,0.0,0.0
SYN-004319,0.572,mixed_farming,medium,masonry,937.0,437451.0,24,2,1,12.4,0,0.0,0.0
SYN-004320,0.605,livestock,high,masonry,1914.0,677499.0,27,0,0,6.8,0,0.0,0.0
SYN-004321,0.806,mixed_farming,medium,masonry,1685.0,403480.0,46,0,0,6.3,0,0.0,0.0
SYN-004322,0.576,livestock,medium,wood,952.0,511994.0,8,0,1,1.9,0,0.0,0.0
SYN-004323,0.418,mixed_farming,low,mixed,1308.0,377927.0,52,0,1,12.8,0,0.0,0.0
SYN-004324,0.862,crop_farming,medium,masonry,1112.0,593875.0,13,0,0,7.8,0,0.0,0.0
SYN-004325,0.775,crop_farming,medium,wood,3001.0,1061391.0,61,0,1,6.8,0,0.0,0.0
SYN-004326,0.55,livestock,low,mixed,2052.0,601777.0,53,1,0,17.6,0,0.0,0.0
SYN-004327,0.977,crop_farming,medium,masonry,974.0,318198.0,32,0,1,15.9,0,0.0,0.0
SYN-004328,0.939,mixed_farming,low,mixed,931.0,483461.0,30,0,1,8.9,0,0.0,0.0
SYN-004329,0.979,mixed_farming,low,mixed,2258.0,767538.0,14,0,1,2.7,0,0.0,0.0
SYN-004330,0.707,viticulture,medium,mixed,2896.0,888543.0,5,1,1,9.1,0,0.0,0.0
SYN-004331,0.541,crop_farming,low,masonry,1488.0,496900.0,79,0,1,3.6,0,0.0,0.0
SYN-004332,0.504,viticulture,medium,masonry,1860.0,773817.0,5,0,0,9.8,0,0.0,0.0
SYN-004333,0.969,crop_farming,medium,masonry,2827.0,866819.0,15,0,0,15.8,0,0.0,0.0
SYN-004334,0.934,livestock,low,masonry,1082.0,608132.0,5,0,0,6.1,0,0.0,0.0
SYN-004335,0.845,mixed_farming,low,masonry,1280.0,409053.0,39,0,1,2.1,0,0.0,0.0
SYN-004336,0.706,crop_farming,medium,mixed,1663.0,530412.0,59,0,1,15.9,0,0.0,0.0
SYN-004337,0.631,crop_farming,low,masonry,917.0,338715.0,21,0,1,2.5,0,0.0,0.0
SYN-004338,0.822,crop_farming,medium,masonry,3657.0,1106541.0,69,1,1,7.1,0,0.0,0.0
SYN-004339,0.406,livestock,medium,mixed,912.0,567634.0,49,0,1,5.8,0,0.0,0.0
SYN-004340,0.715,mixed_farming,medium,masonry,1261.0,721219.0,68,0,0,9.2,0,0.0,0.0
SYN-004341,0.807,crop_farming,medium,masonry,4212.0,1679248.0,32,1,1,22.9,0,0.0,0.0
SYN-004342,0.852,crop_farming,high,mixed,361.0,243449.0,44,0,1,6.9,0,0.0,0.0
SYN-004343,0.671,livestock,low,wood,1395.0,796862.0,18,0,0,13.6,1,14506.44,14506.44
SYN-004344,0.847,crop_farming,high,masonry,789.0,248226.0,32,0,1,4.5,1,8674.74,8674.74
SYN-004345,0.458,mixed_farming,high,wood,1212.0,739816.0,73,0,1,9.5,0,0.0,0.0
SYN-004346,0.54,viticulture,medium,wood,553.0,236980.0,26,1,0,1.3,0,0.0,0.0
SYN-004347,0.487,mixed_farming,low,mixed,952.0,556206.0,33,0,1,11.0,0,0.0,0.0
SYN-004348,0.604,mixed_farming,low,wood,1232.0,675789.0,60,0,1,7.4,0,0.0,0.0
SYN-004349,0.607,livestock,high,masonry,1415.0,635029.0,23,0,0,15.2,0,0.0,0.0
SYN-004350,0.624,mixed_farming,low,masonry,2169.0,596776.0,65,0,1,4.9,0,0.0,0.0
SYN-004351,0.679,crop_farming,high,mixed,268.0,149967.0,23,0,0,1.6,0,0.0,0.0
SYN-004352,0.662,crop_farming,medium,masonry,1117.0,511087.0,76,1,0,4.9,0,0.0,0.0
SYN-004353,0.694,mixed_farming,medium,masonry,1082.0,629924.0,56,0,1,0.8,0,0.0,0.0
SYN-004354,0.852,crop_farming,medium,masonry,1162.0,513197.0,79,0,0,5.3,0,0.0,0.0
SYN-004355,0.485,mixed_farming,low,masonry,1238.0,412552.0,46,0,1,12.2,0,0.0,0.0
SYN-004356,0.61,mixed_farming,medium,masonry,707.0,337267.0,57,0,1,8.8,0,0.0,0.0
SYN-004357,0.4,viticulture,high,masonry,443.0,236611.0,55,0,1,5.1,0,0.0,0.0
SYN-004358,0.417,livestock,low,wood,1396.0,583797.0,16,0,1,6.4,0,0.0,0.0
SYN-004359,0.764,livestock,high,masonry,635.0,1073140.0,3,0,1,9.9,0,0.0,0.0
SYN-004360,0.926,mixed_farming,high,mixed,1575.0,929402.0,77,0,0,5.0,0,0.0,0.0
SYN-004361,0.584,crop_farming,low,masonry,659.0,319422.0,48,0,1,10.0,0,0.0,0.0
SYN-004362,0.641,livestock,medium,masonry,1901.0,684256.0,10,1,1,3.2,0,0.0,0.0
SYN-004363,0.526,mixed_farming,low,wood,1170.0,307978.0,49,0,0,9.6,0,0.0,0.0
SYN-004364,0.486,viticulture,medium,masonry,1224.0,438735.0,23,0,0,7.0,1,1816.24,1816.24
SYN-004365,0.93,mixed_farming,high,masonry,1033.0,503799.0,28,0,0,3.3,0,0.0,0.0
SYN-004366,0.743,crop_farming,high,mixed,930.0,425863.0,67,0,0,4.8,0,0.0,0.0
SYN-004367,0.823,livestock,high,masonry,1042.0,454449.0,44,0,1,4.5,0,0.0,0.0
SYN-004368,0.929,mixed_farming,low,masonry,2613.0,950354.0,42,1,1,13.6,0,0.0,0.0
SYN-004369,0.753,crop_farming,medium,wood,447.0,350447.0,45,0,1,12.8,0,0.0,0.0
SYN-004370,0.508,livestock,low,masonry,795.0,233255.0,20,0,1,4.2,0,0.0,0.0
SYN-004371,0.828,crop_farming,high,mixed,2409.0,1005478.0,63,0,1,5.5,0,0.0,0.0
SYN-004372,0.849,crop_farming,low,masonry,2065.0,1158119.0,42,0,1,12.2,0,0.0,0.0
SYN-004373,0.648,livestock,low,masonry,2902.0,972394.0,32,0,1,6.2,0,0.0,0.0
SYN-004374,0.77,crop_farming,low,masonry,1166.0,371127.0,62,0,0,8.0,0,0.0,0.0
SYN-004375,0.691,mixed_farming,low,mixed,514.0,298584.0,48,0,1,6.0,0,0.0,0.0
SYN-004376,0.6,crop_farming,low,masonry,590.0,378117.0,22,1,0,4.8,0,0.0,0.0
SYN-004377,0.803,mixed_farming,low,wood,998.0,383342.0,62,1,0,15.6,0,0.0,0.0
SYN-004378,0.548,crop_farming,high,mixed,1987.0,1013670.0,41,0,0,1.1,0,0.0,0.0
SYN-004379,0.596,mixed_farming,medium,mixed,1027.0,275037.0,9,0,1,27.3,0,0.0,0.0
SYN-004380,0.643,crop_farming,low,masonry,977.0,550230.0,23,1,1,5.8,0,0.0,0.0
SYN-004381,0.769,livestock,medium,mixed,1569.0,540014.0,58,0,1,7.3,0,0.0,0.0
SYN-004382,0.911,livestock,medium,mixed,1234.0,478709.0,32,1,0,6.6,0,0.0,0.0
SYN-004383,0.769,crop_farming,medium,masonry,910.0,259374.0,57,0,1,4.5,0,0.0,0.0
SYN-004384,0.836,livestock,low,wood,632.0,295703.0,17,2,0,7.2,0,0.0,0.0
SYN-004385,0.576,mixed_farming,medium,masonry,2243.0,1195771.0,77,0,1,13.8,0,0.0,0.0
SYN-004386,0.752,viticulture,medium,wood,2395.0,765078.0,57,0,1,6.6,0,0.0,0.0
SYN-004387,0.462,livestock,low,wood,609.0,315632.0,20,0,0,6.9,0,0.0,0.0
SYN-004388,0.678,crop_farming,medium,masonry,933.0,447477.0,26,0,0,7.5,0,0.0,0.0
SYN-004389,0.814,mixed_farming,medium,masonry,1870.0,981076.0,26,0,1,16.6,0,0.0,0.0
SYN-004390,0.508,mixed_farming,medium,masonry,579.0,295555.0,41,1,1,5.7,0,0.0,0.0
SYN-004391,0.941,crop_farming,medium,masonry,1537.0,844270.0,28,0,1,18.4,0,0.0,0.0
SYN-004392,0.65,mixed_farming,medium,mixed,980.0,512135.0,65,0,0,6.3,0,0.0,0.0
SYN-004393,0.803,livestock,medium,masonry,550.0,361278.0,16,0,1,9.6,0,0.0,0.0
SYN-004394,0.682,mixed_farming,low,mixed,3848.0,2011399.0,12,0,1,16.0,0,0.0,0.0
SYN-004395,0.839,livestock,low,wood,971.0,407212.0,5,0,1,11.5,0,0.0,0.0
SYN-004396,0.751,livestock,medium,wood,1704.0,523141.0,53,0,1,1.6,0,0.0,0.0
SYN-004397,0.474,crop_farming,low,masonry,585.0,389134.0,72,0,1,13.8,0,0.0,0.0
SYN-004398,0.955,mixed_farming,medium,wood,3324.0,1051586.0,27,0,1,7.9,0,0.0,0.0
SYN-004399,0.796,crop_farming,low,masonry,4298.0,1605575.0,65,0,1,9.4,0,0.0,0.0
SYN-004400,0.683,mixed_farming,medium,masonry,456.0,281765.0,40,0,0,17.8,0,0.0,0.0
SYN-004401,0.806,mixed_farming,medium,masonry,1089.0,470240.0,23,1,0,4.9,1,41592.64,41592.64
SYN-004402,0.557,mixed_farming,medium,mixed,2873.0,1579191.0,58,0,0,17.1,0,0.0,0.0
SYN-004403,0.861,crop_farming,medium,masonry,894.0,658079.0,1,0,0,5.5,0,0.0,0.0
SYN-004404,0.647,crop_farming,medium,masonry,1581.0,516725.0,74,0,1,3.0,0,0.0,0.0
SYN-004405,0.883,livestock,high,masonry,407.0,173262.0,79,2,1,7.3,0,0.0,0.0
SYN-004406,0.564,mixed_farming,medium,wood,726.0,436959.0,69,0,1,3.2,0,0.0,0.0
SYN-004407,0.874,viticulture,medium,mixed,1478.0,528643.0,71,0,0,3.7,0,0.0,0.0
SYN-004408,0.944,livestock,low,mixed,826.0,442120.0,73,0,1,5.8,0,0.0,0.0
SYN-004409,0.988,mixed_farming,medium,mixed,959.0,378028.0,36,0,0,16.1,0,0.0,0.0
SYN-004410,0.866,crop_farming,medium,masonry,453.0,191601.0,4,0,0,10.5,0,0.0,0.0
SYN-004411,0.822,livestock,medium,masonry,1854.0,892948.0,45,1,0,3.1,0,0.0,0.0
SYN-004412,0.712,crop_farming,medium,masonry,507.0,264607.0,34,0,0,23.2,0,0.0,0.0
SYN-004413,0.463,mixed_farming,high,masonry,3299.0,1284554.0,64,0,0,17.6,0,0.0,0.0
SYN-004414,0.736,crop_farming,high,wood,778.0,304584.0,65,0,0,1.8,0,0.0,0.0
SYN-004415,0.738,crop_farming,medium,masonry,2039.0,804200.0,66,1,1,0.7,0,0.0,0.0
SYN-004416,0.439,mixed_farming,high,mixed,1913.0,971938.0,65,0,0,11.3,0,0.0,0.0
SYN-004417,0.814,livestock,high,mixed,639.0,196852.0,68,2,0,19.1,0,0.0,0.0
SYN-004418,0.489,crop_farming,low,wood,834.0,268379.0,34,0,0,9.4,0,0.0,0.0
SYN-004419,0.758,crop_farming,medium,masonry,900.0,229360.0,52,0,0,8.6,0,0.0,0.0
SYN-004420,0.684,livestock,low,wood,941.0,436584.0,23,1,0,3.9,0,0.0,0.0
SYN-004421,0.925,livestock,low,mixed,521.0,299618.0,50,0,1,11.4,0,0.0,0.0
SYN-004422,0.539,crop_farming,low,masonry,1715.0,795771.0,44,0,1,6.7,0,0.0,0.0
SYN-004423,0.503,mixed_farming,medium,mixed,775.0,468431.0,4,1,1,3.6,0,0.0,0.0
SYN-004424,0.731,crop_farming,low,masonry,1125.0,506535.0,60,0,1,3.7,0,0.0,0.0
SYN-004425,0.676,mixed_farming,low,mixed,2331.0,932664.0,54,0,1,14.5,0,0.0,0.0
SYN-004426,0.497,livestock,low,mixed,1758.0,794109.0,56,0,1,2.2,0,0.0,0.0
SYN-004427,0.768,crop_farming,medium,mixed,809.0,456274.0,19,0,1,3.5,0,0.0,0.0
SYN-004428,0.943,crop_farming,high,wood,2384.0,575866.0,21,0,1,26.0,0,0.0,0.0
SYN-004429,0.844,crop_farming,high,mixed,1868.0,709158.0,3,1,1,2.5,0,0.0,0.0
SYN-004430,0.526,crop_farming,medium,masonry,766.0,275259.0,1,0,0,19.7,1,26266.4,26266.4
SYN-004431,0.543,livestock,low,masonry,868.0,500104.0,58,0,0,2.3,0,0.0,0.0
SYN-004432,0.735,viticulture,high,wood,2322.0,647089.0,71,0,1,5.9,0,0.0,0.0
SYN-004433,0.807,mixed_farming,low,mixed,2011.0,478525.0,32,0,1,2.2,0,0.0,0.0
SYN-004434,0.987,livestock,high,wood,456.0,217711.0,36,0,0,3.1,1,22574.56,22574.56
SYN-004435,0.463,livestock,medium,masonry,630.0,290598.0,31,0,1,5.5,0,0.0,0.0
SYN-004436,0.728,livestock,medium,masonry,1905.0,626485.0,67,0,1,4.4,0,0.0,0.0
SYN-004437,0.992,mixed_farming,low,wood,565.0,297297.0,68,0,0,10.1,0,0.0,0.0
SYN-004438,0.467,crop_farming,low,mixed,2045.0,883290.0,70,0,0,5.0,0,0.0,0.0
SYN-004439,0.984,crop_farming,medium,masonry,4265.0,1427131.0,7,0,0,2.5,0,0.0,0.0
SYN-004440,0.677,livestock,medium,masonry,1545.0,665465.0,76,0,1,8.2,0,0.0,0.0
SYN-004441,0.83,crop_farming,high,wood,665.0,678258.0,1,0,0,1.7,0,0.0,0.0
SYN-004442,0.655,livestock,medium,mixed,1359.0,695625.0,29,1,1,5.7,0,0.0,0.0
SYN-004443,0.905,mixed_farming,medium,masonry,2374.0,898011.0,24,0,1,12.6,0,0.0,0.0
SYN-004444,0.945,viticulture,low,masonry,1292.0,602711.0,53,0,1,3.4,0,0.0,0.0
SYN-004445,0.5,crop_farming,medium,masonry,1660.0,662380.0,22,0,1,7.2,0,0.0,0.0
SYN-004446,0.848,livestock,low,masonry,721.0,206881.0,48,1,1,9.3,0,0.0,0.0
SYN-004447,0.412,livestock,medium,masonry,757.0,332405.0,72,0,0,4.0,0,0.0,0.0
SYN-004448,0.566,livestock,medium,masonry,2184.0,754826.0,14,0,1,10.4,0,0.0,0.0
SYN-004449,0.731,livestock,high,mixed,763.0,242741.0,71,0,0,9.7,0,0.0,0.0
SYN-004450,0.762,crop_farming,medium,masonry,226.0,268735.0,35,1,1,1.6,0,0.0,0.0
SYN-004451,0.619,mixed_farming,low,mixed,993.0,555113.0,48,0,1,3.6,0,0.0,0.0
SYN-004452,0.562,viticulture,high,masonry,1487.0,693017.0,35,0,1,2.3,0,0.0,0.0
SYN-004453,0.503,mixed_farming,medium,masonry,2412.0,1026450.0,16,0,0,11.5,0,0.0,0.0
SYN-004454,0.544,mixed_farming,medium,masonry,3532.0,1502916.0,16,0,0,4.5,0,0.0,0.0
SYN-004455,0.478,livestock,medium,masonry,1281.0,435240.0,4,0,1,13.8,0,0.0,0.0
SYN-004456,0.557,livestock,high,mixed,1860.0,625352.0,30,0,0,7.0,0,0.0,0.0
SYN-004457,0.893,crop_farming,low,wood,1311.0,623150.0,8,0,1,3.8,0,0.0,0.0
SYN-004458,0.573,mixed_farming,medium,mixed,1526.0,931083.0,35,1,1,3.0,0,0.0,0.0
SYN-004459,0.945,crop_farming,medium,mixed,1073.0,446661.0,38,1,0,7.8,0,0.0,0.0
SYN-004460,0.547,mixed_farming,low,wood,1558.0,955666.0,64,0,1,8.5,0,0.0,0.0
SYN-004461,0.695,livestock,high,mixed,754.0,294226.0,59,0,1,4.4,0,0.0,0.0
SYN-004462,0.501,livestock,medium,mixed,4390.0,1739380.0,69,0,1,14.3,0,0.0,0.0
SYN-004463,0.41,livestock,low,mixed,256.0,127008.0,3,0,1,25.1,0,0.0,0.0
SYN-004464,0.775,viticulture,low,masonry,1756.0,845986.0,58,0,1,2.9,0,0.0,0.0
SYN-004465,0.603,crop_farming,high,masonry,1492.0,399197.0,22,1,1,6.3,0,0.0,0.0
SYN-004466,0.607,crop_farming,medium,mixed,1543.0,663148.0,65,0,0,3.4,0,0.0,0.0
SYN-004467,0.645,crop_farming,low,mixed,562.0,402016.0,73,0,1,11.2,0,0.0,0.0
SYN-004468,0.867,mixed_farming,low,masonry,407.0,184327.0,8,0,1,8.3,1,29203.36,29203.36
SYN-004469,0.64,viticulture,low,wood,1797.0,597311.0,42,0,0,3.2,0,0.0,0.0
SYN-004470,0.452,crop_farming,low,masonry,2898.0,1463814.0,45,0,1,5.8,0,0.0,0.0
SYN-004471,0.567,viticulture,medium,mixed,1398.0,748287.0,23,0,0,9.1,0,0.0,0.0
SYN-004472,0.746,crop_farming,low,wood,2046.0,855889.0,21,0,0,9.5,0,0.0,0.0
SYN-004473,0.996,mixed_farming,low,masonry,900.0,423551.0,12,1,1,9.3,0,0.0,0.0
SYN-004474,0.486,crop_farming,low,wood,1503.0,458484.0,34,0,1,4.2,0,0.0,0.0
SYN-004475,0.594,livestock,medium,mixed,2688.0,995075.0,57,0,0,0.9,0,0.0,0.0
SYN-004476,0.691,mixed_farming,medium,mixed,989.0,411482.0,57,0,1,10.2,0,0.0,0.0
SYN-004477,0.967,livestock,medium,wood,2619.0,1456366.0,63,0,0,2.1,1,5863.24,5863.24
SYN-004478,0.465,crop_farming,medium,mixed,419.0,257403.0,76,0,1,4.7,0,0.0,0.0
SYN-004479,0.876,mixed_farming,high,masonry,814.0,438019.0,51,0,0,6.3,0,0.0,0.0
SYN-004480,0.834,viticulture,medium,mixed,1728.0,669734.0,29,0,0,12.0,0,0.0,0.0
SYN-004481,0.584,livestock,high,masonry,4175.0,1582464.0,23,0,1,9.1,0,0.0,0.0
SYN-004482,0.864,mixed_farming,medium,masonry,1223.0,466268.0,47,0,0,11.4,0,0.0,0.0
SYN-004483,0.745,mixed_farming,low,masonry,619.0,259195.0,36,0,1,12.5,0,0.0,0.0
SYN-004484,0.503,crop_farming,high,masonry,4114.0,1316583.0,9,0,1,5.6,0,0.0,0.0
SYN-004485,0.571,mixed_farming,medium,mixed,1117.0,544565.0,32,0,1,21.5,0,0.0,0.0
SYN-004486,0.597,crop_farming,medium,wood,1867.0,881781.0,55,0,0,2.4,0,0.0,0.0
SYN-004487,0.594,mixed_farming,low,wood,975.0,523569.0,15,0,1,11.6,0,0.0,0.0
SYN-004488,0.848,crop_farming,medium,masonry,1329.0,777801.0,20,0,0,6.9,0,0.0,0.0
SYN-004489,0.796,crop_farming,high,mixed,841.0,234819.0,23,1,1,6.7,0,0.0,0.0
SYN-004490,0.892,livestock,low,mixed,5258.0,2373781.0,38,0,1,7.4,0,0.0,0.0
SYN-004491,0.706,livestock,low,masonry,2629.0,768860.0,66,0,1,6.3,0,0.0,0.0
SYN-004492,0.61,mixed_farming,low,mixed,3825.0,1459958.0,27,0,1,7.1,0,0.0,0.0
SYN-004493,0.441,viticulture,medium,masonry,726.0,260346.0,11,0,1,6.0,0,0.0,0.0
SYN-004494,0.877,crop_farming,high,wood,370.0,229764.0,5,0,1,2.9,0,0.0,0.0
SYN-004495,0.445,crop_farming,medium,masonry,1002.0,437440.0,50,0,1,8.2,0,0.0,0.0
SYN-004496,0.581,livestock,high,mixed,6221.0,2240244.0,60,0,0,5.6,0,0.0,0.0
SYN-004497,0.801,livestock,medium,wood,983.0,474045.0,7,0,1,13.0,0,0.0,0.0
SYN-004498,0.859,livestock,medium,mixed,2401.0,855119.0,50,0,1,15.8,1,15407.15,15407.15
SYN-004499,0.441,mixed_farming,low,masonry,623.0,208781.0,73,1,0,11.0,0,0.0,0.0
SYN-004500,0.765,mixed_farming,low,masonry,707.0,350345.0,66,0,1,14.2,0,0.0,0.0
SYN-004501,0.482,crop_farming,medium,wood,1151.0,499788.0,75,1,1,13.9,0,0.0,0.0
SYN-004502,0.854,livestock,low,masonry,4776.0,1183534.0,76,0,1,7.1,0,0.0,0.0
SYN-004503,0.838,mixed_farming,low,masonry,2478.0,619815.0,63,0,0,7.6,0,0.0,0.0
SYN-004504,0.849,livestock,high,wood,319.0,166806.0,33,0,1,3.5,0,0.0,0.0
SYN-004505,0.438,crop_farming,medium,mixed,1869.0,718478.0,56,1,1,7.4,0,0.0,0.0
SYN-004506,0.736,livestock,low,mixed,574.0,238527.0,61,0,1,17.4,0,0.0,0.0
SYN-004507,0.545,livestock,medium,masonry,778.0,213919.0,62,0,1,14.3,0,0.0,0.0
SYN-004508,0.697,crop_farming,medium,masonry,1689.0,604242.0,25,0,1,11.2,0,0.0,0.0
SYN-004509,0.994,mixed_farming,high,mixed,3008.0,972806.0,36,0,0,8.1,0,0.0,0.0
SYN-004510,0.454,livestock,medium,masonry,2913.0,1187410.0,35,0,0,9.9,0,0.0,0.0
SYN-004511,0.756,mixed_farming,low,masonry,1503.0,700034.0,65,0,1,2.6,0,0.0,0.0
SYN-004512,0.499,livestock,low,masonry,1517.0,494624.0,67,0,1,20.4,0,0.0,0.0
SYN-004513,0.706,mixed_farming,low,mixed,2907.0,1034594.0,77,0,1,13.2,1,16394.31,16394.31
SYN-004514,0.713,crop_farming,medium,masonry,435.0,317932.0,72,0,1,4.5,0,0.0,0.0
SYN-004515,0.674,crop_farming,medium,wood,3975.0,1393198.0,10,0,1,3.8,1,37535.79,37535.79
SYN-004516,0.784,livestock,medium,masonry,751.0,461597.0,31,1,1,4.4,0,0.0,0.0
SYN-004517,0.985,livestock,medium,masonry,1436.0,673126.0,33,0,0,8.3,0,0.0,0.0
SYN-004518,0.883,crop_farming,low,wood,878.0,427069.0,65,1,1,9.0,0,0.0,0.0
SYN-004519,0.975,mixed_farming,low,wood,572.0,228248.0,3,0,0,1.3,0,0.0,0.0
SYN-004520,0.514,crop_farming,low,mixed,1636.0,661528.0,62,0,0,2.1,0,0.0,0.0
SYN-004521,0.996,crop_farming,medium,wood,1413.0,566904.0,72,0,1,7.4,0,0.0,0.0
SYN-004522,0.583,livestock,medium,masonry,1132.0,388826.0,15,0,1,7.3,0,0.0,0.0
SYN-004523,0.42,mixed_farming,high,masonry,1097.0,544018.0,28,0,0,11.0,0,0.0,0.0
SYN-004524,0.662,mixed_farming,low,masonry,3268.0,1671713.0,51,0,1,14.1,0,0.0,0.0
SYN-004525,0.548,mixed_farming,medium,masonry,5041.0,2608770.0,48,0,0,3.2,0,0.0,0.0
SYN-004526,0.857,livestock,low,mixed,2736.0,984027.0,40,0,1,7.3,0,0.0,0.0
SYN-004527,0.452,mixed_farming,medium,mixed,1451.0,765778.0,24,1,0,3.7,0,0.0,0.0
SYN-004528,0.729,mixed_farming,low,masonry,418.0,211357.0,6,0,1,12.2,0,0.0,0.0
SYN-004529,0.574,crop_farming,medium,masonry,1822.0,697975.0,20,0,1,4.5,0,0.0,0.0
SYN-004530,0.524,livestock,low,wood,1875.0,963669.0,44,0,0,6.9,0,0.0,0.0
SYN-004531,0.925,mixed_farming,low,mixed,2001.0,1055326.0,19,1,1,3.0,0,0.0,0.0
SYN-004532,0.709,livestock,medium,masonry,577.0,293259.0,79,0,0,7.2,0,0.0,0.0
SYN-004533,0.595,mixed_farming,medium,masonry,2106.0,972485.0,16,0,0,5.6,0,0.0,0.0
SYN-004534,0.848,livestock,medium,masonry,3344.0,1555084.0,63,0,1,18.8,0,0.0,0.0
SYN-004535,0.912,livestock,low,masonry,640.0,275609.0,27,0,0,2.4,0,0.0,0.0
SYN-004536,0.665,crop_farming,high,masonry,1891.0,668136.0,17,0,0,4.9,0,0.0,0.0
SYN-004537,0.509,mixed_farming,low,masonry,715.0,315803.0,17,0,1,5.4,0,0.0,0.0
SYN-004538,0.997,mixed_farming,medium,masonry,1133.0,633178.0,18,0,0,4.8,0,0.0,0.0
SYN-004539,0.615,crop_farming,high,masonry,654.0,188110.0,78,0,1,4.4,0,0.0,0.0
SYN-004540,0.523,livestock,medium,masonry,965.0,351619.0,26,0,1,6.8,0,0.0,0.0
SYN-004541,0.462,crop_farming,low,masonry,970.0,501970.0,25,1,1,6.8,0,0.0,0.0
SYN-004542,0.474,crop_farming,medium,masonry,1584.0,599750.0,2,0,0,2.9,0,0.0,0.0
SYN-004543,0.966,viticulture,low,wood,2162.0,755405.0,27,0,1,12.0,0,0.0,0.0
SYN-004544,0.968,livestock,medium,mixed,2672.0,666490.0,6,0,1,10.9,0,0.0,0.0
SYN-004545,0.705,livestock,medium,masonry,793.0,449830.0,16,0,0,14.2,0,0.0,0.0
SYN-004546,0.815,crop_farming,medium,masonry,1531.0,625290.0,58,0,0,6.4,0,0.0,0.0
SYN-004547,0.9,viticulture,high,mixed,594.0,378436.0,51,0,1,0.6,0,0.0,0.0
SYN-004548,0.734,crop_farming,low,masonry,1128.0,661511.0,44,0,0,11.7,0,0.0,0.0
SYN-004549,0.8,mixed_farming,low,mixed,1246.0,473882.0,19,1,1,8.3,0,0.0,0.0
SYN-004550,0.98,crop_farming,medium,wood,665.0,251792.0,56,0,0,8.2,0,0.0,0.0
SYN-004551,0.504,crop_farming,medium,masonry,1743.0,546470.0,13,0,1,18.2,0,0.0,0.0
SYN-004552,0.483,mixed_farming,medium,masonry,1095.0,597401.0,58,0,1,9.0,0,0.0,0.0
SYN-004553,0.852,crop_farming,medium,masonry,1340.0,603064.0,57,0,1,3.4,0,0.0,0.0
SYN-004554,0.822,mixed_farming,medium,mixed,2686.0,1333806.0,6,0,0,7.6,0,0.0,0.0
SYN-004555,0.512,crop_farming,high,masonry,918.0,535379.0,49,0,1,7.5,0,0.0,0.0
SYN-004556,0.581,mixed_farming,medium,mixed,2106.0,633632.0,76,0,0,23.0,0,0.0,0.0
SYN-004557,0.811,mixed_farming,low,masonry,3096.0,1691590.0,50,0,0,10.5,0,0.0,0.0
SYN-004558,0.697,mixed_farming,low,mixed,2975.0,1427135.0,78,0,1,6.4,0,0.0,0.0
SYN-004559,0.936,crop_farming,medium,mixed,1072.0,430107.0,67,2,0,18.1,0,0.0,0.0
SYN-004560,0.902,mixed_farming,low,masonry,644.0,387386.0,3,1,0,25.5,0,0.0,0.0
SYN-004561,0.692,viticulture,low,wood,764.0,400965.0,73,0,1,5.6,1,3560.86,3560.86
SYN-004562,0.8,crop_farming,low,mixed,432.0,212989.0,6,1,1,2.4,0,0.0,0.0
SYN-004563,0.786,crop_farming,medium,masonry,1893.0,524065.0,17,0,1,4.9,0,0.0,0.0
SYN-004564,0.455,mixed_farming,high,wood,1971.0,1064324.0,66,0,1,3.3,0,0.0,0.0
SYN-004565,0.655,crop_farming,medium,mixed,1308.0,671267.0,40,0,1,7.0,0,0.0,0.0
SYN-004566,0.664,mixed_farming,low,masonry,495.0,162432.0,49,0,1,8.0,0,0.0,0.0
SYN-004567,0.938,mixed_farming,medium,mixed,956.0,327755.0,24,0,0,4.2,0,0.0,0.0
SYN-004568,0.931,crop_farming,medium,mixed,2973.0,772029.0,80,1,0,12.2,0,0.0,0.0
SYN-004569,0.435,livestock,high,mixed,1801.0,837306.0,8,1,1,16.4,0,0.0,0.0
SYN-004570,0.907,livestock,medium,wood,2016.0,880535.0,20,0,0,19.9,0,0.0,0.0
SYN-004571,0.767,livestock,medium,masonry,10407.0,5014025.0,68,1,1,15.7,0,0.0,0.0
SYN-004572,0.41,mixed_farming,high,masonry,1500.0,420734.0,64,1,0,10.3,0,0.0,0.0
SYN-004573,0.629,crop_farming,medium,masonry,298.0,133707.0,23,1,1,6.3,0,0.0,0.0
SYN-004574,0.933,livestock,low,mixed,592.0,148566.0,42,0,1,6.5,0,0.0,0.0
SYN-004575,0.615,mixed_farming,medium,masonry,1478.0,779817.0,3,1,0,4.2,0,0.0,0.0
SYN-004576,0.806,crop_farming,medium,masonry,1227.0,557179.0,45,1,1,1.7,0,0.0,0.0
SYN-004577,0.739,mixed_farming,medium,masonry,1084.0,400546.0,69,0,1,23.9,0,0.0,0.0
SYN-004578,0.754,crop_farming,high,mixed,1096.0,288862.0,17,0,1,18.5,0,0.0,0.0
SYN-004579,0.688,livestock,low,masonry,728.0,215457.0,75,1,1,8.7,0,0.0,0.0
SYN-004580,0.689,crop_farming,medium,masonry,1545.0,736993.0,49,0,1,5.5,0,0.0,0.0
SYN-004581,0.942,mixed_farming,low,masonry,3000.0,1123753.0,4,0,0,3.4,0,0.0,0.0
SYN-004582,0.648,mixed_farming,low,masonry,3737.0,1692210.0,33,0,1,10.5,0,0.0,0.0
SYN-004583,0.515,mixed_farming,medium,masonry,3669.0,1137797.0,14,0,0,14.1,0,0.0,0.0
SYN-004584,0.652,viticulture,medium,masonry,651.0,260166.0,18,0,1,13.5,0,0.0,0.0
SYN-004585,0.84,mixed_farming,medium,mixed,1196.0,587287.0,7,1,1,29.4,1,11704.71,11704.71
SYN-004586,0.685,mixed_farming,low,masonry,988.0,325863.0,67,0,1,1.5,0,0.0,0.0
SYN-004587,0.839,livestock,low,masonry,1781.0,616984.0,54,0,0,6.1,0,0.0,0.0
SYN-004588,0.544,viticulture,medium,mixed,1149.0,354324.0,18,0,1,0.7,0,0.0,0.0
SYN-004589,0.75,mixed_farming,medium,masonry,1047.0,627135.0,7,0,1,4.1,0,0.0,0.0
SYN-004590,0.919,mixed_farming,medium,masonry,3120.0,1305948.0,25,0,1,10.3,0,0.0,0.0
SYN-004591,0.718,crop_farming,medium,masonry,1292.0,529064.0,23,1,1,7.2,0,0.0,0.0
SYN-004592,0.782,livestock,high,masonry,1314.0,584684.0,7,0,1,5.9,0,0.0,0.0
SYN-004593,0.807,mixed_farming,medium,masonry,1585.0,673778.0,10,0,1,19.1,0,0.0,0.0
SYN-004594,0.844,crop_farming,medium,wood,1881.0,927065.0,55,0,1,2.2,0,0.0,0.0
SYN-004595,0.61,crop_farming,medium,masonry,1888.0,905794.0,61,0,0,5.1,0,0.0,0.0
SYN-004596,0.776,viticulture,medium,mixed,3324.0,950015.0,23,0,1,7.4,0,0.0,0.0
SYN-004597,0.65,livestock,high,wood,525.0,269520.0,32,0,1,2.4,0,0.0,0.0
SYN-004598,0.635,crop_farming,medium,masonry,1497.0,561105.0,77,0,1,9.0,0,0.0,0.0
SYN-004599,0.685,livestock,medium,mixed,1134.0,523080.0,28,0,0,4.7,0,0.0,0.0
SYN-004600,0.645,livestock,medium,masonry,997.0,459416.0,60,0,1,6.7,0,0.0,0.0
SYN-004601,0.416,mixed_farming,medium,mixed,1983.0,1076278.0,68,0,1,5.0,0,0.0,0.0
SYN-004602,0.845,viticulture,high,wood,2815.0,838039.0,73,0,0,10.0,0,0.0,0.0
SYN-004603,0.751,viticulture,high,masonry,825.0,326115.0,78,0,1,5.3,0,0.0,0.0
SYN-004604,0.483,mixed_farming,low,wood,3628.0,1926595.0,16,0,0,1.4,0,0.0,0.0
SYN-004605,0.557,mixed_farming,low,masonry,478.0,316634.0,77,0,1,3.9,0,0.0,0.0
SYN-004606,0.767,livestock,medium,mixed,1779.0,868925.0,52,0,0,13.5,0,0.0,0.0
SYN-004607,0.711,mixed_farming,medium,masonry,679.0,232766.0,19,0,1,5.0,0,0.0,0.0
SYN-004608,0.834,crop_farming,high,masonry,799.0,326452.0,71,0,0,10.7,0,0.0,0.0
SYN-004609,0.694,crop_farming,low,masonry,1260.0,621669.0,32,0,1,12.2,0,0.0,0.0
SYN-004610,0.907,viticulture,high,wood,935.0,271868.0,77,0,1,22.7,0,0.0,0.0
SYN-004611,0.446,mixed_farming,medium,mixed,188.0,72725.0,38,0,1,4.9,0,0.0,0.0
SYN-004612,0.768,livestock,low,wood,1803.0,903873.0,53,0,0,7.0,0,0.0,0.0
SYN-004613,0.623,mixed_farming,low,masonry,2012.0,683811.0,39,1,0,4.3,0,0.0,0.0
SYN-004614,0.584,livestock,medium,masonry,1092.0,384153.0,76,0,1,16.6,0,0.0,0.0
SYN-004615,0.966,livestock,low,masonry,1037.0,337897.0,38,0,0,4.1,0,0.0,0.0
SYN-004616,0.918,crop_farming,medium,masonry,951.0,627158.0,12,0,1,22.8,0,0.0,0.0
SYN-004617,0.51,crop_farming,medium,masonry,398.0,284804.0,71,0,1,11.2,0,0.0,0.0
SYN-004618,0.434,livestock,medium,wood,372.0,157637.0,4,1,1,11.3,0,0.0,0.0
SYN-004619,0.92,livestock,low,wood,2043.0,942541.0,61,0,1,7.0,0,0.0,0.0
SYN-004620,0.502,livestock,high,masonry,2421.0,733374.0,38,0,1,5.1,0,0.0,0.0
SYN-004621,0.957,crop_farming,medium,masonry,1786.0,609814.0,56,0,1,1.5,0,0.0,0.0
SYN-004622,0.566,viticulture,medium,mixed,1551.0,537519.0,26,0,1,15.3,0,0.0,0.0
SYN-004623,0.647,mixed_farming,medium,mixed,2016.0,765192.0,19,0,1,5.0,0,0.0,0.0
SYN-004624,0.427,mixed_farming,medium,mixed,1930.0,1071946.0,75,0,1,9.2,1,23010.6,23010.6
SYN-004625,0.723,crop_farming,high,masonry,728.0,431255.0,15,0,1,3.9,0,0.0,0.0
SYN-004626,0.513,mixed_farming,medium,masonry,1401.0,401420.0,2,0,1,5.4,0,0.0,0.0
SYN-004627,0.659,mixed_farming,medium,masonry,1000.0,575114.0,33,0,1,6.7,0,0.0,0.0
SYN-004628,0.952,livestock,low,wood,1008.0,483702.0,26,0,1,12.3,0,0.0,0.0
SYN-004629,0.552,crop_farming,low,mixed,2543.0,965313.0,48,0,1,8.5,0,0.0,0.0
SYN-004630,0.781,crop_farming,medium,wood,3373.0,1751618.0,28,0,0,23.5,0,0.0,0.0
SYN-004631,0.521,crop_farming,low,masonry,264.0,184466.0,29,0,0,8.1,0,0.0,0.0
SYN-004632,0.766,livestock,medium,masonry,1027.0,485867.0,58,0,0,8.3,0,0.0,0.0
SYN-004633,0.573,livestock,high,masonry,992.0,297268.0,62,0,1,8.4,0,0.0,0.0
SYN-004634,0.809,crop_farming,medium,wood,2578.0,663351.0,1,0,1,7.0,1,33712.3,33712.3
SYN-004635,0.862,mixed_farming,low,masonry,472.0,290883.0,14,0,1,22.1,0,0.0,0.0
SYN-004636,0.928,crop_farming,medium,mixed,174.0,159797.0,68,0,0,1.2,0,0.0,0.0
SYN-004637,0.951,livestock,low,masonry,2066.0,1004397.0,72,0,1,15.9,0,0.0,0.0
SYN-004638,0.545,mixed_farming,medium,masonry,2266.0,1120872.0,75,0,0,5.6,0,0.0,0.0
SYN-004639,0.477,crop_farming,medium,masonry,380.0,241450.0,29,0,0,2.2,0,0.0,0.0
SYN-004640,0.429,crop_farming,medium,masonry,1118.0,421319.0,39,0,1,13.8,0,0.0,0.0
SYN-004641,0.832,crop_farming,medium,mixed,3277.0,1065801.0,12,0,1,7.2,0,0.0,0.0
SYN-004642,0.512,crop_farming,medium,wood,601.0,214239.0,9,0,0,5.0,0,0.0,0.0
SYN-004643,0.88,livestock,low,mixed,1294.0,428091.0,48,0,0,8.7,0,0.0,0.0
SYN-004644,0.979,crop_farming,low,masonry,1686.0,765709.0,5,1,1,6.3,0,0.0,0.0
SYN-004645,0.489,crop_farming,medium,mixed,479.0,226977.0,14,0,1,10.5,0,0.0,0.0
SYN-004646,0.57,viticulture,high,masonry,840.0,316069.0,21,0,1,7.4,0,0.0,0.0
SYN-004647,0.714,viticulture,low,mixed,404.0,321578.0,4,1,1,6.0,0,0.0,0.0
SYN-004648,0.658,crop_farming,low,mixed,1089.0,382424.0,11,1,1,8.6,0,0.0,0.0
SYN-004649,0.656,livestock,low,masonry,725.0,329564.0,2,2,1,3.5,0,0.0,0.0
SYN-004650,0.53,livestock,medium,masonry,1387.0,578972.0,41,0,1,11.8,0,0.0,0.0
SYN-004651,0.934,mixed_farming,low,masonry,1831.0,687848.0,48,0,1,7.6,0,0.0,0.0
SYN-004652,0.809,mixed_farming,medium,masonry,2989.0,1295826.0,33,1,1,18.6,0,0.0,0.0
SYN-004653,0.492,crop_farming,low,wood,5519.0,2105971.0,31,0,1,11.5,0,0.0,0.0
SYN-004654,0.403,crop_farming,medium,mixed,1387.0,531043.0,16,0,1,11.2,0,0.0,0.0
SYN-004655,0.858,livestock,low,masonry,987.0,413212.0,70,0,1,12.3,0,0.0,0.0
SYN-004656,0.41,mixed_farming,medium,masonry,950.0,347266.0,67,0,1,17.9,0,0.0,0.0
SYN-004657,0.928,mixed_farming,low,mixed,647.0,458957.0,35,0,1,8.2,0,0.0,0.0
SYN-004658,0.718,crop_farming,medium,masonry,1622.0,968242.0,49,1,1,1.5,0,0.0,0.0
SYN-004659,0.958,livestock,high,masonry,879.0,250215.0,77,0,1,11.0,0,0.0,0.0
SYN-004660,0.863,crop_farming,low,mixed,1697.0,551636.0,51,1,0,8.2,0,0.0,0.0
SYN-004661,0.937,mixed_farming,high,masonry,661.0,433462.0,42,0,1,5.3,0,0.0,0.0
SYN-004662,0.846,viticulture,low,masonry,895.0,476010.0,55,0,0,3.1,0,0.0,0.0
SYN-004663,0.746,livestock,medium,masonry,1605.0,542299.0,65,0,1,3.5,0,0.0,0.0
SYN-004664,0.504,crop_farming,medium,masonry,1117.0,491007.0,70,0,1,9.4,0,0.0,0.0
SYN-004665,0.837,livestock,low,wood,348.0,175918.0,15,0,1,5.8,0,0.0,0.0
SYN-004666,0.755,livestock,medium,mixed,1200.0,353334.0,54,0,0,8.1,0,0.0,0.0
SYN-004667,0.673,mixed_farming,low,wood,720.0,351243.0,72,0,1,3.4,0,0.0,0.0
SYN-004668,0.735,livestock,medium,wood,2612.0,1254857.0,11,0,1,17.2,0,0.0,0.0
SYN-004669,0.539,mixed_farming,medium,masonry,2278.0,625520.0,78,1,1,3.3,0,0.0,0.0
SYN-004670,0.643,crop_farming,high,masonry,275.0,228647.0,31,1,0,10.0,0,0.0,0.0
SYN-004671,0.475,crop_farming,low,mixed,2041.0,1326658.0,72,1,0,9.4,0,0.0,0.0
SYN-004672,0.646,livestock,high,masonry,1561.0,717480.0,42,0,1,10.1,0,0.0,0.0
SYN-004673,0.68,crop_farming,low,wood,462.0,186143.0,38,0,1,1.7,0,0.0,0.0
SYN-004674,0.915,crop_farming,medium,masonry,2145.0,883302.0,15,0,0,16.5,0,0.0,0.0
SYN-004675,0.716,mixed_farming,low,masonry,527.0,410237.0,64,0,0,7.4,0,0.0,0.0
SYN-004676,0.945,crop_farming,low,mixed,2552.0,718273.0,76,0,1,4.1,0,0.0,0.0
SYN-004677,0.981,crop_farming,low,wood,796.0,361546.0,76,0,1,13.9,0,0.0,0.0
SYN-004678,0.429,crop_farming,medium,mixed,452.0,149431.0,21,0,0,9.2,0,0.0,0.0
SYN-004679,0.758,crop_farming,low,mixed,4810.0,1604646.0,53,2,0,8.0,0,0.0,0.0
SYN-004680,0.58,mixed_farming,medium,masonry,444.0,213831.0,62,0,1,13.3,0,0.0,0.0
SYN-004681,0.911,viticulture,high,mixed,718.0,395377.0,77,0,1,1.1,0,0.0,0.0
SYN-004682,0.696,crop_farming,low,mixed,815.0,325285.0,77,0,1,3.5,0,0.0,0.0
SYN-004683,0.447,mixed_farming,low,masonry,901.0,471189.0,51,0,0,16.8,0,0.0,0.0
SYN-004684,0.529,mixed_farming,low,mixed,1909.0,841584.0,22,0,0,3.7,0,0.0,0.0
SYN-004685,0.804,viticulture,low,masonry,1258.0,689079.0,15,1,1,10.0,0,0.0,0.0
SYN-004686,0.448,livestock,medium,masonry,2328.0,1043639.0,37,0,1,10.7,0,0.0,0.0
SYN-004687,0.627,crop_farming,medium,wood,1543.0,467119.0,52,0,1,9.0,0,0.0,0.0
SYN-004688,0.923,livestock,low,masonry,409.0,154604.0,20,0,1,10.4,0,0.0,0.0
SYN-004689,0.418,mixed_farming,low,mixed,1733.0,587711.0,51,0,0,5.1,0,0.0,0.0
SYN-004690,0.818,mixed_farming,medium,masonry,1411.0,800056.0,66,0,1,7.6,0,0.0,0.0
SYN-004691,0.805,livestock,low,wood,808.0,457782.0,45,0,0,6.4,0,0.0,0.0
SYN-004692,0.592,crop_farming,medium,masonry,4665.0,2086975.0,64,0,0,6.1,0,0.0,0.0
SYN-004693,0.468,mixed_farming,high,masonry,1800.0,735373.0,26,0,1,4.0,0,0.0,0.0
SYN-004694,0.461,mixed_farming,low,wood,2235.0,955271.0,72,1,0,9.3,0,0.0,0.0
SYN-004695,0.982,livestock,medium,mixed,2286.0,809410.0,79,0,0,14.1,0,0.0,0.0
SYN-004696,0.806,mixed_farming,high,masonry,922.0,351924.0,6,0,1,3.6,0,0.0,0.0
SYN-004697,0.626,livestock,medium,masonry,1829.0,410880.0,22,1,1,9.2,0,0.0,0.0
SYN-004698,0.9,livestock,medium,masonry,1488.0,380875.0,60,0,1,0.5,0,0.0,0.0
SYN-004699,0.462,livestock,medium,wood,844.0,458014.0,61,0,0,5.9,0,0.0,0.0
SYN-004700,0.476,mixed_farming,medium,mixed,548.0,271645.0,47,1,1,11.1,0,0.0,0.0
SYN-004701,0.519,viticulture,medium,wood,1231.0,556930.0,45,0,1,3.6,0,0.0,0.0
SYN-004702,0.858,livestock,medium,wood,1775.0,937174.0,34,2,1,1.2,0,0.0,0.0
SYN-004703,0.645,livestock,medium,masonry,1225.0,543772.0,46,0,1,10.3,0,0.0,0.0
SYN-004704,0.786,livestock,medium,mixed,1077.0,504019.0,72,0,1,5.5,0,0.0,0.0
SYN-004705,0.539,crop_farming,medium,mixed,1234.0,650150.0,4,0,1,2.8,0,0.0,0.0
SYN-004706,0.866,crop_farming,high,mixed,1006.0,288013.0,70,0,1,2.8,0,0.0,0.0
SYN-004707,0.881,crop_farming,low,mixed,3318.0,904900.0,7,0,0,7.8,0,0.0,0.0
SYN-004708,0.648,livestock,low,masonry,1445.0,580238.0,56,1,0,6.8,0,0.0,0.0
SYN-004709,0.526,crop_farming,low,wood,883.0,260964.0,28,0,1,3.7,0,0.0,0.0
SYN-004710,0.778,livestock,low,mixed,374.0,212851.0,14,0,1,6.2,0,0.0,0.0
SYN-004711,0.554,mixed_farming,medium,wood,1066.0,587402.0,1,0,1,11.7,0,0.0,0.0
SYN-004712,0.489,crop_farming,low,masonry,833.0,445307.0,21,0,1,10.5,0,0.0,0.0
SYN-004713,0.769,mixed_farming,medium,masonry,813.0,374223.0,1,0,1,1.7,0,0.0,0.0
SYN-004714,0.708,viticulture,medium,mixed,2237.0,687444.0,13,0,1,26.6,0,0.0,0.0
SYN-004715,0.87,livestock,low,mixed,1276.0,669535.0,32,0,1,10.6,0,0.0,0.0
SYN-004716,0.575,crop_farming,low,masonry,406.0,210159.0,21,0,1,2.8,0,0.0,0.0
SYN-004717,0.535,livestock,medium,masonry,1812.0,586203.0,36,0,1,16.6,0,0.0,0.0
SYN-004718,0.784,mixed_farming,medium,mixed,433.0,276892.0,62,0,1,7.9,0,0.0,0.0
SYN-004719,0.821,livestock,medium,wood,1902.0,996513.0,2,0,1,4.7,0,0.0,0.0
SYN-004720,0.648,crop_farming,low,masonry,890.0,335777.0,27,0,1,0.5,0,0.0,0.0
SYN-004721,0.665,livestock,low,masonry,1282.0,478690.0,31,0,1,15.5,0,0.0,0.0
SYN-004722,0.474,livestock,low,masonry,1193.0,746076.0,23,0,1,16.8,1,5747.55,5747.55
SYN-004723,0.682,crop_farming,low,masonry,1101.0,544883.0,43,1,1,12.6,0,0.0,0.0
SYN-004724,0.977,mixed_farming,high,masonry,1389.0,634081.0,20,0,0,4.8,0,0.0,0.0
SYN-004725,0.468,crop_farming,low,masonry,1278.0,828955.0,18,0,1,3.8,0,0.0,0.0
SYN-004726,0.741,livestock,low,mixed,4086.0,1970437.0,5,0,1,27.0,0,0.0,0.0
SYN-004727,0.411,mixed_farming,high,masonry,1402.0,525059.0,57,0,1,8.8,0,0.0,0.0
SYN-004728,0.595,crop_farming,medium,masonry,1423.0,528846.0,28,0,0,3.8,0,0.0,0.0
SYN-004729,0.857,mixed_farming,medium,wood,764.0,406164.0,65,0,0,6.8,0,0.0,0.0
SYN-004730,0.74,livestock,medium,masonry,1552.0,419884.0,8,0,1,6.0,0,0.0,0.0
SYN-004731,0.449,livestock,high,mixed,623.0,163865.0,18,1,1,6.4,0,0.0,0.0
SYN-004732,0.671,viticulture,low,masonry,2560.0,1272695.0,45,0,1,1.8,0,0.0,0.0
SYN-004733,0.447,livestock,low,mixed,462.0,266124.0,69,0,0,4.7,0,0.0,0.0
SYN-004734,0.624,crop_farming,high,mixed,700.0,283795.0,15,1,0,9.7,0,0.0,0.0
SYN-004735,0.861,viticulture,medium,masonry,420.0,210049.0,25,0,1,2.2,0,0.0,0.0
SYN-004736,0.555,mixed_farming,high,mixed,1592.0,812837.0,22,0,1,5.4,0,0.0,0.0
SYN-004737,0.672,mixed_farming,low,mixed,920.0,383844.0,3,0,1,17.9,0,0.0,0.0
SYN-004738,0.7,crop_farming,high,masonry,1893.0,576060.0,39,0,1,9.4,0,0.0,0.0
SYN-004739,0.912,crop_farming,low,mixed,643.0,363627.0,54,0,0,6.9,0,0.0,0.0
SYN-004740,0.473,mixed_farming,medium,masonry,1712.0,851856.0,31,1,0,4.2,0,0.0,0.0
SYN-004741,0.73,crop_farming,high,masonry,1767.0,630621.0,56,0,1,5.3,0,0.0,0.0
SYN-004742,0.418,crop_farming,low,wood,1391.0,587456.0,26,0,1,9.3,0,0.0,0.0
SYN-004743,0.456,mixed_farming,low,masonry,1237.0,505599.0,44,0,1,3.1,0,0.0,0.0
SYN-004744,0.532,crop_farming,medium,masonry,1325.0,411954.0,77,1,0,16.3,0,0.0,0.0
SYN-004745,0.832,crop_farming,high,masonry,671.0,398686.0,13,0,1,11.7,0,0.0,0.0
SYN-004746,0.425,crop_farming,low,wood,602.0,240232.0,5,1,1,7.6,0,0.0,0.0
SYN-004747,0.967,livestock,high,masonry,1726.0,766519.0,10,1,0,12.6,0,0.0,0.0
SYN-004748,0.657,mixed_farming,low,masonry,954.0,357076.0,71,0,1,21.5,0,0.0,0.0
SYN-004749,0.903,mixed_farming,medium,mixed,1627.0,683349.0,48,0,1,1.7,0,0.0,0.0
SYN-004750,0.533,crop_farming,low,mixed,3321.0,1044859.0,75,0,0,5.2,0,0.0,0.0
SYN-004751,0.603,crop_farming,high,masonry,900.0,363528.0,31,0,1,4.2,0,0.0,0.0
SYN-004752,0.836,livestock,low,wood,821.0,394296.0,78,0,0,2.2,0,0.0,0.0
SYN-004753,0.628,livestock,medium,masonry,982.0,492473.0,31,0,1,2.2,0,0.0,0.0
SYN-004754,0.704,livestock,low,mixed,1243.0,610464.0,69,0,0,11.8,0,0.0,0.0
SYN-004755,0.886,viticulture,high,mixed,1807.0,426151.0,44,0,0,7.9,0,0.0,0.0
SYN-004756,0.791,livestock,medium,masonry,1190.0,502074.0,65,0,0,20.6,0,0.0,0.0
SYN-004757,0.902,livestock,low,wood,4680.0,1564951.0,64,0,0,8.4,0,0.0,0.0
SYN-004758,0.452,viticulture,low,mixed,1593.0,716376.0,19,1,1,10.6,0,0.0,0.0
SYN-004759,0.765,crop_farming,medium,masonry,2013.0,990268.0,62,0,1,24.3,0,0.0,0.0
SYN-004760,0.761,viticulture,medium,masonry,1183.0,553624.0,15,3,1,13.4,0,0.0,0.0
SYN-004761,0.764,livestock,high,masonry,2339.0,955585.0,41,0,1,3.3,0,0.0,0.0
SYN-004762,0.753,livestock,medium,wood,1061.0,510111.0,49,0,1,9.3,0,0.0,0.0
SYN-004763,0.834,viticulture,medium,masonry,797.0,221846.0,5,1,1,9.6,0,0.0,0.0
SYN-004764,0.906,livestock,medium,wood,2183.0,603973.0,43,0,1,8.2,0,0.0,0.0
SYN-004765,0.538,livestock,medium,masonry,1168.0,429383.0,17,0,0,5.5,0,0.0,0.0
SYN-004766,0.463,crop_farming,low,wood,1421.0,568283.0,58,1,1,24.3,0,0.0,0.0
SYN-004767,0.444,mixed_farming,low,mixed,2294.0,880368.0,38,0,1,4.5,0,0.0,0.0
SYN-004768,0.495,livestock,low,masonry,1327.0,484152.0,10,0,0,4.0,0,0.0,0.0
SYN-004769,0.794,crop_farming,medium,masonry,1100.0,492479.0,80,0,1,3.4,0,0.0,0.0
SYN-004770,0.65,mixed_farming,low,mixed,856.0,287168.0,23,0,1,13.8,0,0.0,0.0
SYN-004771,0.61,mixed_farming,medium,masonry,2417.0,960110.0,44,0,0,12.2,0,0.0,0.0
SYN-004772,0.946,livestock,low,masonry,971.0,317418.0,54,0,1,6.1,0,0.0,0.0
SYN-004773,0.94,crop_farming,medium,mixed,1172.0,420517.0,65,0,0,6.6,0,0.0,0.0
SYN-004774,0.723,livestock,low,wood,1460.0,586647.0,49,0,1,12.1,0,0.0,0.0
SYN-004775,0.675,crop_farming,medium,mixed,1457.0,534849.0,53,1,1,0.5,0,0.0,0.0
SYN-004776,0.562,crop_farming,low,wood,2342.0,826569.0,28,0,0,2.4,0,0.0,0.0
SYN-004777,0.676,livestock,low,mixed,1158.0,1123154.0,26,0,0,8.7,0,0.0,0.0
SYN-004778,0.647,crop_farming,low,mixed,2965.0,927368.0,12,0,1,11.0,0,0.0,0.0
SYN-004779,0.404,crop_farming,medium,masonry,1031.0,479305.0,79,0,1,10.6,0,0.0,0.0
SYN-004780,0.855,mixed_farming,medium,mixed,1542.0,510760.0,69,0,1,15.2,1,16457.03,16457.03
SYN-004781,0.663,livestock,low,mixed,1076.0,602144.0,19,0,1,19.7,0,0.0,0.0
SYN-004782,0.534,viticulture,medium,mixed,4725.0,1360494.0,67,0,1,8.1,0,0.0,0.0
SYN-004783,0.8,viticulture,medium,wood,965.0,555918.0,55,0,1,21.1,0,0.0,0.0
SYN-004784,0.669,mixed_farming,medium,masonry,1023.0,309494.0,12,0,1,18.6,0,0.0,0.0
SYN-004785,0.588,viticulture,medium,mixed,1306.0,728101.0,20,0,0,3.9,0,0.0,0.0
SYN-004786,0.538,mixed_farming,low,masonry,1019.0,298066.0,60,0,0,4.1,0,0.0,0.0
SYN-004787,0.435,livestock,medium,masonry,1487.0,748896.0,78,0,1,6.5,0,0.0,0.0
SYN-004788,0.702,mixed_farming,medium,masonry,2694.0,866466.0,12,0,0,1.2,0,0.0,0.0
SYN-004789,0.625,crop_farming,medium,wood,1334.0,447709.0,76,0,1,6.2,0,0.0,0.0
SYN-004790,0.424,mixed_farming,low,masonry,1366.0,338641.0,37,0,0,3.8,0,0.0,0.0
SYN-004791,0.887,livestock,medium,mixed,1044.0,324582.0,73,1,0,6.0,0,0.0,0.0
SYN-004792,0.885,crop_farming,low,mixed,873.0,437317.0,38,0,1,27.3,0,0.0,0.0
SYN-004793,0.694,crop_farming,medium,wood,1290.0,655459.0,24,1,0,4.6,0,0.0,0.0
SYN-004794,0.903,viticulture,low,mixed,1218.0,544348.0,33,1,1,4.5,0,0.0,0.0
SYN-004795,0.689,livestock,low,masonry,2598.0,1069497.0,41,0,0,4.3,0,0.0,0.0
SYN-004796,0.501,crop_farming,medium,masonry,650.0,180300.0,28,0,1,13.3,0,0.0,0.0
SYN-004797,0.711,crop_farming,high,mixed,3120.0,1407250.0,23,0,1,2.0,0,0.0,0.0
SYN-004798,0.588,livestock,low,masonry,1102.0,536375.0,38,0,1,7.2,0,0.0,0.0
SYN-004799,0.671,mixed_farming,medium,masonry,1335.0,438852.0,25,0,1,11.8,0,0.0,0.0
SYN-004800,0.982,mixed_farming,medium,masonry,607.0,345715.0,57,0,1,12.1,0,0.0,0.0
SYN-004801,0.613,livestock,high,masonry,1746.0,573612.0,23,0,0,6.3,0,0.0,0.0
SYN-004802,0.53,crop_farming,medium,wood,649.0,254228.0,27,0,1,1.2,0,0.0,0.0
SYN-004803,0.477,crop_farming,low,wood,1545.0,832908.0,64,1,1,9.5,0,0.0,0.0
SYN-004804,0.93,livestock,low,mixed,1450.0,654882.0,47,0,1,3.2,0,0.0,0.0
SYN-004805,0.409,mixed_farming,medium,masonry,981.0,449682.0,66,1,1,11.7,0,0.0,0.0
SYN-004806,0.944,mixed_farming,low,wood,317.0,154688.0,29,1,1,7.3,0,0.0,0.0
SYN-004807,0.437,livestock,high,mixed,4936.0,2128771.0,63,0,1,9.1,0,0.0,0.0
SYN-004808,0.852,mixed_farming,high,wood,611.0,391802.0,78,1,0,16.0,0,0.0,0.0
SYN-004809,0.576,livestock,high,masonry,1447.0,1005862.0,1,0,1,6.1,0,0.0,0.0
SYN-004810,0.55,livestock,low,masonry,754.0,541859.0,55,0,1,21.1,0,0.0,0.0
SYN-004811,0.508,livestock,medium,mixed,2395.0,643896.0,75,1,0,7.1,0,0.0,0.0
SYN-004812,0.481,mixed_farming,medium,wood,947.0,361135.0,69,0,0,3.4,0,0.0,0.0
SYN-004813,0.44,livestock,low,masonry,743.0,318348.0,32,0,1,5.7,0,0.0,0.0
SYN-004814,0.493,viticulture,low,masonry,1784.0,836873.0,35,0,0,2.2,0,0.0,0.0
SYN-004815,0.753,livestock,low,mixed,530.0,201344.0,25,0,0,4.0,0,0.0,0.0
SYN-004816,0.742,crop_farming,medium,wood,926.0,491037.0,21,0,1,8.1,0,0.0,0.0
SYN-004817,0.569,crop_farming,high,mixed,1898.0,802768.0,65,0,1,8.1,0,0.0,0.0
SYN-004818,0.808,livestock,high,wood,3227.0,822219.0,7,0,1,5.0,0,0.0,0.0
SYN-004819,0.862,livestock,low,mixed,648.0,193781.0,35,0,0,11.2,0,0.0,0.0
SYN-004820,0.988,livestock,medium,wood,814.0,386802.0,66,2,0,19.6,0,0.0,0.0
SYN-004821,0.664,mixed_farming,low,masonry,1524.0,744144.0,57,0,1,2.4,0,0.0,0.0
SYN-004822,0.625,crop_farming,low,masonry,331.0,158059.0,56,0,1,14.8,0,0.0,0.0
SYN-004823,0.984,mixed_farming,low,mixed,2929.0,784207.0,39,0,1,2.0,1,12687.98,12687.98
SYN-004824,0.965,mixed_farming,medium,mixed,633.0,210564.0,66,0,0,8.5,0,0.0,0.0
SYN-004825,0.956,livestock,medium,masonry,912.0,389337.0,30,0,1,3.3,0,0.0,0.0
SYN-004826,0.765,livestock,high,masonry,1436.0,640752.0,55,1,1,12.8,0,0.0,0.0
SYN-004827,0.771,crop_farming,high,mixed,1253.0,351417.0,3,0,0,10.8,0,0.0,0.0
SYN-004828,0.957,livestock,low,mixed,648.0,392691.0,4,0,1,9.3,0,0.0,0.0
SYN-004829,0.688,mixed_farming,medium,masonry,3711.0,1123454.0,23,0,1,11.1,0,0.0,0.0
SYN-004830,0.528,viticulture,low,wood,227.0,133114.0,34,0,0,1.0,0,0.0,0.0
SYN-004831,0.991,mixed_farming,medium,masonry,584.0,327415.0,25,0,1,3.6,0,0.0,0.0
SYN-004832,0.905,crop_farming,medium,masonry,801.0,276188.0,27,0,0,3.1,0,0.0,0.0
SYN-004833,0.434,mixed_farming,low,masonry,654.0,336159.0,8,1,1,15.5,0,0.0,0.0
SYN-004834,0.467,mixed_farming,low,masonry,2678.0,1228331.0,35,1,1,4.7,0,0.0,0.0
SYN-004835,0.929,livestock,low,masonry,412.0,319289.0,8,0,0,12.4,0,0.0,0.0
SYN-004836,0.581,mixed_farming,low,mixed,3335.0,1170583.0,54,0,1,12.1,0,0.0,0.0
SYN-004837,0.818,crop_farming,high,mixed,1012.0,617787.0,64,0,1,7.7,0,0.0,0.0
SYN-004838,0.471,crop_farming,low,masonry,500.0,213585.0,46,0,1,0.8,0,0.0,0.0
SYN-004839,0.502,crop_farming,medium,wood,309.0,206531.0,26,0,0,2.3,0,0.0,0.0
SYN-004840,0.848,crop_farming,high,wood,1054.0,619411.0,51,0,0,5.2,0,0.0,0.0
SYN-004841,0.988,mixed_farming,medium,masonry,768.0,420364.0,69,1,0,4.7,0,0.0,0.0
SYN-004842,0.701,livestock,medium,masonry,1413.0,434417.0,17,0,0,11.6,0,0.0,0.0
SYN-004843,0.426,crop_farming,high,masonry,904.0,398951.0,17,0,1,7.1,0,0.0,0.0
SYN-004844,0.541,livestock,low,mixed,2256.0,1339487.0,40,0,1,6.3,0,0.0,0.0
SYN-004845,0.528,livestock,low,masonry,1105.0,558338.0,35,0,1,7.0,0,0.0,0.0
SYN-004846,0.961,livestock,medium,mixed,920.0,371893.0,19,0,1,10.2,1,6604.33,6604.33
SYN-004847,0.651,crop_farming,medium,mixed,2282.0,693419.0,26,0,0,5.9,1,4709.78,4709.78
SYN-004848,0.969,mixed_farming,medium,mixed,1406.0,553544.0,41,0,1,14.5,0,0.0,0.0
SYN-004849,0.916,crop_farming,low,masonry,2005.0,802093.0,75,0,1,5.5,0,0.0,0.0
SYN-004850,0.67,mixed_farming,medium,masonry,2557.0,1151345.0,24,0,1,24.1,0,0.0,0.0
SYN-004851,0.415,crop_farming,medium,masonry,1001.0,554351.0,13,0,1,5.2,0,0.0,0.0
SYN-004852,0.984,mixed_farming,high,mixed,1242.0,544012.0,18,1,1,5.7,0,0.0,0.0
SYN-004853,0.406,mixed_farming,low,mixed,2097.0,698597.0,48,0,1,3.2,0,0.0,0.0
SYN-004854,0.914,crop_farming,low,mixed,246.0,131991.0,76,0,1,7.6,0,0.0,0.0
SYN-004855,0.648,crop_farming,high,mixed,1134.0,285136.0,74,0,0,6.0,0,0.0,0.0
SYN-004856,0.581,viticulture,medium,masonry,1047.0,530547.0,22,0,1,4.4,0,0.0,0.0
SYN-004857,0.645,livestock,low,masonry,1546.0,749332.0,25,0,1,3.3,0,0.0,0.0
SYN-004858,0.614,mixed_farming,low,masonry,720.0,358141.0,51,0,1,1.3,0,0.0,0.0
SYN-004859,0.813,crop_farming,medium,masonry,2470.0,718571.0,19,0,0,13.4,0,0.0,0.0
SYN-004860,0.744,crop_farming,medium,masonry,750.0,371644.0,51,1,0,4.2,0,0.0,0.0
SYN-004861,0.554,livestock,medium,masonry,899.0,340609.0,71,0,1,5.7,1,20498.66,20498.66
SYN-004862,0.717,mixed_farming,high,mixed,787.0,350010.0,47,0,1,7.3,0,0.0,0.0
SYN-004863,0.643,crop_farming,low,masonry,2696.0,1427353.0,60,2,1,2.1,0,0.0,0.0
SYN-004864,0.952,mixed_farming,low,masonry,312.0,158371.0,58,0,1,14.0,0,0.0,0.0
SYN-004865,0.935,mixed_farming,medium,masonry,3872.0,1394114.0,14,0,0,1.0,0,0.0,0.0
SYN-004866,0.77,crop_farming,high,masonry,3158.0,1626583.0,49,0,1,17.5,0,0.0,0.0
SYN-004867,0.979,crop_farming,low,masonry,840.0,304029.0,20,0,1,13.8,0,0.0,0.0
SYN-004868,0.625,crop_farming,medium,masonry,2363.0,1133590.0,68,0,1,11.7,0,0.0,0.0
SYN-004869,0.453,livestock,low,masonry,1319.0,561844.0,59,0,1,12.7,0,0.0,0.0
SYN-004870,0.429,mixed_farming,low,wood,3549.0,1373088.0,3,0,1,6.6,0,0.0,0.0
SYN-004871,0.9,livestock,high,masonry,2248.0,842505.0,23,0,1,18.7,1,31047.56,31047.56
SYN-004872,0.63,crop_farming,low,masonry,5042.0,1863894.0,6,0,1,16.1,0,0.0,0.0
SYN-004873,0.916,mixed_farming,low,masonry,439.0,268990.0,32,2,1,11.5,1,15805.16,15805.16
SYN-004874,0.675,mixed_farming,medium,masonry,1372.0,695808.0,45,0,0,0.6,0,0.0,0.0
SYN-004875,0.407,livestock,medium,mixed,395.0,214721.0,76,0,0,8.1,0,0.0,0.0
SYN-004876,0.717,livestock,medium,masonry,865.0,453884.0,32,0,1,13.5,0,0.0,0.0
SYN-004877,0.757,crop_farming,medium,wood,5231.0,2015103.0,37,0,1,7.6,0,0.0,0.0
SYN-004878,0.671,mixed_farming,low,wood,1643.0,815021.0,17,0,1,9.8,0,0.0,0.0
SYN-004879,0.903,livestock,medium,mixed,2298.0,615118.0,48,0,1,11.8,0,0.0,0.0
SYN-004880,0.786,livestock,low,masonry,1693.0,722364.0,29,0,1,2.4,0,0.0,0.0
SYN-004881,0.619,crop_farming,low,masonry,1624.0,573038.0,58,0,0,15.5,0,0.0,0.0
SYN-004882,0.831,mixed_farming,medium,masonry,863.0,375558.0,52,0,1,18.9,1,6171.09,6171.09
SYN-004883,0.592,mixed_farming,low,mixed,765.0,247150.0,9,0,1,14.1,0,0.0,0.0
SYN-004884,0.903,livestock,high,masonry,848.0,631976.0,69,1,1,13.0,1,10691.41,10691.41
SYN-004885,0.568,mixed_farming,high,mixed,205.0,121381.0,25,0,0,8.9,1,18172.05,18172.05
SYN-004886,0.8,mixed_farming,high,masonry,1149.0,282818.0,15,0,1,7.4,0,0.0,0.0
SYN-004887,0.649,crop_farming,low,masonry,1416.0,579324.0,52,0,1,3.6,0,0.0,0.0
SYN-004888,0.461,mixed_farming,low,masonry,810.0,243750.0,24,1,1,36.6,0,0.0,0.0
SYN-004889,0.778,livestock,high,masonry,1113.0,540889.0,41,0,0,10.0,0,0.0,0.0
SYN-004890,0.63,viticulture,medium,mixed,1705.0,585264.0,12,0,0,4.5,0,0.0,0.0
SYN-004891,0.781,crop_farming,medium,mixed,2154.0,1096163.0,65,1,0,7.5,0,0.0,0.0
SYN-004892,0.724,crop_farming,high,masonry,556.0,343117.0,80,0,1,12.8,0,0.0,0.0
SYN-004893,0.425,livestock,low,masonry,723.0,394275.0,29,1,1,6.1,0,0.0,0.0
SYN-004894,0.523,crop_farming,low,wood,1977.0,453440.0,2,1,1,10.3,0,0.0,0.0
SYN-004895,0.82,mixed_farming,medium,masonry,1777.0,1011558.0,58,0,1,5.9,0,0.0,0.0
SYN-004896,0.681,livestock,medium,mixed,2904.0,869428.0,13,0,1,12.8,0,0.0,0.0
SYN-004897,0.68,crop_farming,low,masonry,2827.0,846695.0,39,0,1,8.7,0,0.0,0.0
SYN-004898,0.401,livestock,medium,mixed,5824.0,2998784.0,31,0,0,12.5,0,0.0,0.0
SYN-004899,0.582,mixed_farming,medium,mixed,1002.0,314671.0,10,0,0,4.3,0,0.0,0.0
SYN-004900,0.802,mixed_farming,medium,masonry,3381.0,1369248.0,16,1,1,18.7,0,0.0,0.0
SYN-004901,0.932,livestock,low,masonry,666.0,408203.0,70,0,1,5.1,0,0.0,0.0
SYN-004902,0.744,crop_farming,medium,masonry,5745.0,2002589.0,55,0,0,9.7,0,0.0,0.0
SYN-004903,0.724,crop_farming,medium,masonry,1629.0,455677.0,25,0,0,2.6,0,0.0,0.0
SYN-004904,0.682,mixed_farming,high,mixed,1724.0,923271.0,2,0,1,3.7,0,0.0,0.0
SYN-004905,0.807,mixed_farming,low,masonry,2306.0,1021659.0,14,0,0,4.0,0,0.0,0.0
SYN-004906,0.879,livestock,high,masonry,502.0,278355.0,42,1,1,10.0,0,0.0,0.0
SYN-004907,0.532,mixed_farming,medium,mixed,603.0,372513.0,59,0,0,7.2,0,0.0,0.0
SYN-004908,0.828,crop_farming,medium,wood,1307.0,659639.0,16,0,1,5.5,0,0.0,0.0
SYN-004909,0.546,mixed_farming,low,masonry,1517.0,622817.0,56,0,0,4.6,0,0.0,0.0
SYN-004910,0.419,crop_farming,low,mixed,4692.0,1037548.0,51,0,1,19.2,0,0.0,0.0
SYN-004911,0.445,crop_farming,medium,masonry,654.0,338556.0,6,0,1,6.4,0,0.0,0.0
SYN-004912,0.428,livestock,low,mixed,3298.0,1611643.0,10,0,1,8.1,0,0.0,0.0
SYN-004913,0.568,livestock,low,masonry,1020.0,528491.0,14,0,1,3.0,0,0.0,0.0
SYN-004914,0.476,viticulture,high,mixed,1011.0,556994.0,16,0,1,10.3,0,0.0,0.0
SYN-004915,0.451,livestock,low,masonry,1090.0,379125.0,2,0,1,15.0,0,0.0,0.0
SYN-004916,0.489,mixed_farming,high,masonry,994.0,361330.0,67,1,1,12.9,0,0.0,0.0
SYN-004917,0.423,mixed_farming,medium,mixed,1663.0,532308.0,69,1,1,1.7,0,0.0,0.0
SYN-004918,0.606,mixed_farming,high,masonry,938.0,439750.0,73,0,1,5.9,0,0.0,0.0
SYN-004919,0.894,viticulture,low,masonry,485.0,265619.0,71,1,1,11.0,0,0.0,0.0
SYN-004920,0.732,livestock,medium,masonry,1018.0,270513.0,29,0,1,10.8,0,0.0,0.0
SYN-004921,0.439,livestock,medium,mixed,1631.0,656073.0,32,0,1,1.3,0,0.0,0.0
SYN-004922,0.625,crop_farming,high,masonry,487.0,217063.0,48,0,1,2.8,0,0.0,0.0
SYN-004923,0.658,crop_farming,low,mixed,1769.0,737156.0,75,0,1,4.2,0,0.0,0.0
SYN-004924,0.503,mixed_farming,low,masonry,2611.0,809204.0,55,0,0,11.9,0,0.0,0.0
SYN-004925,0.624,livestock,high,mixed,3171.0,917911.0,49,0,1,6.8,0,0.0,0.0
SYN-004926,0.602,livestock,low,wood,1509.0,602154.0,61,0,1,4.1,0,0.0,0.0
SYN-004927,0.696,crop_farming,medium,masonry,375.0,119308.0,69,0,0,13.1,0,0.0,0.0
SYN-004928,0.818,livestock,low,mixed,1846.0,923914.0,43,0,1,11.0,0,0.0,0.0
SYN-004929,0.687,mixed_farming,low,masonry,2273.0,771501.0,62,1,1,11.3,1,6596.74,6596.74
SYN-004930,0.444,crop_farming,medium,masonry,771.0,417586.0,47,0,1,5.3,0,0.0,0.0
SYN-004931,0.433,mixed_farming,medium,mixed,1156.0,443597.0,60,1,0,0.8,0,0.0,0.0
SYN-004932,0.933,mixed_farming,medium,wood,1660.0,556711.0,63,1,1,7.6,0,0.0,0.0
SYN-004933,0.817,mixed_farming,medium,mixed,3873.0,1799046.0,58,0,1,3.7,0,0.0,0.0
SYN-004934,0.794,crop_farming,medium,wood,1026.0,352662.0,44,0,1,16.5,0,0.0,0.0
SYN-004935,0.948,mixed_farming,high,masonry,2163.0,808589.0,72,1,0,9.6,0,0.0,0.0
SYN-004936,0.725,crop_farming,low,mixed,1489.0,698591.0,44,0,1,2.9,0,0.0,0.0
SYN-004937,0.444,livestock,low,masonry,1380.0,395715.0,28,0,0,3.0,0,0.0,0.0
SYN-004938,0.829,mixed_farming,low,wood,2878.0,1500051.0,23,0,0,4.5,0,0.0,0.0
SYN-004939,0.497,mixed_farming,medium,mixed,706.0,277897.0,27,1,0,24.6,0,0.0,0.0
SYN-004940,0.8,crop_farming,low,masonry,1408.0,662336.0,68,0,1,12.2,0,0.0,0.0
SYN-004941,0.64,mixed_farming,medium,mixed,1234.0,665090.0,77,0,1,18.8,0,0.0,0.0
SYN-004942,0.417,crop_farming,medium,mixed,455.0,254665.0,36,0,1,1.4,0,0.0,0.0
SYN-004943,0.433,mixed_farming,medium,wood,2700.0,799720.0,25,0,1,4.8,0,0.0,0.0
SYN-004944,0.636,viticulture,high,mixed,2077.0,870034.0,45,2,1,18.3,0,0.0,0.0
SYN-004945,0.757,livestock,medium,wood,1239.0,460681.0,31,0,0,22.4,0,0.0,0.0
SYN-004946,0.503,mixed_farming,medium,masonry,1023.0,416459.0,51,0,1,13.3,0,0.0,0.0
SYN-004947,0.464,mixed_farming,low,masonry,1212.0,584205.0,5,0,0,16.6,0,0.0,0.0
SYN-004948,0.626,mixed_farming,medium,mixed,1919.0,772522.0,44,0,1,7.1,0,0.0,0.0
SYN-004949,0.883,mixed_farming,low,masonry,1254.0,723283.0,18,0,0,3.9,0,0.0,0.0
SYN-004950,0.87,mixed_farming,high,masonry,785.0,374640.0,36,0,0,2.3,0,0.0,0.0
SYN-004951,0.81,crop_farming,medium,wood,866.0,353947.0,50,0,1,15.9,0,0.0,0.0
SYN-004952,0.655,mixed_farming,low,wood,1202.0,509463.0,39,0,1,8.7,0,0.0,0.0
SYN-004953,0.665,crop_farming,low,wood,661.0,208936.0,77,1,1,29.8,0,0.0,0.0
SYN-004954,0.536,viticulture,medium,masonry,1505.0,688119.0,8,0,1,1.8,0,0.0,0.0
SYN-004955,0.482,crop_farming,high,masonry,724.0,195634.0,32,0,1,7.8,0,0.0,0.0
SYN-004956,0.41,crop_farming,low,wood,652.0,396527.0,66,1,0,7.4,0,0.0,0.0
SYN-004957,0.916,mixed_farming,low,masonry,9658.0,2649403.0,27,0,0,21.1,0,0.0,0.0
SYN-004958,0.698,crop_farming,medium,masonry,4277.0,1782994.0,7,0,0,4.8,0,0.0,0.0
SYN-004959,0.402,livestock,high,masonry,1331.0,597886.0,49,1,0,7.3,0,0.0,0.0
SYN-004960,0.718,mixed_farming,high,wood,2107.0,884626.0,79,1,1,14.0,0,0.0,0.0
SYN-004961,0.555,crop_farming,low,masonry,2353.0,1013040.0,74,0,0,13.7,0,0.0,0.0
SYN-004962,0.656,crop_farming,medium,masonry,1154.0,618633.0,78,0,0,1.2,0,0.0,0.0
SYN-004963,0.803,livestock,medium,masonry,1456.0,442254.0,33,0,1,7.9,0,0.0,0.0
SYN-004964,0.886,crop_farming,medium,masonry,1022.0,499754.0,71,1,0,5.0,1,2455.18,2455.18
SYN-004965,0.82,crop_farming,medium,mixed,2741.0,953898.0,1,0,0,6.2,0,0.0,0.0
SYN-004966,0.938,crop_farming,medium,mixed,2766.0,1228738.0,7,0,0,14.2,0,0.0,0.0
SYN-004967,0.541,livestock,medium,mixed,3345.0,1677933.0,61,0,0,11.2,0,0.0,0.0
SYN-004968,0.797,livestock,low,masonry,1441.0,603098.0,3,1,1,8.8,0,0.0,0.0
SYN-004969,0.934,crop_farming,low,masonry,4960.0,1396482.0,48,0,1,7.5,0,0.0,0.0
SYN-004970,0.585,mixed_farming,medium,masonry,1153.0,411767.0,50,0,1,3.6,0,0.0,0.0
SYN-004971,0.88,mixed_farming,low,wood,4585.0,1809307.0,16,0,1,15.3,0,0.0,0.0
SYN-004972,0.964,crop_farming,medium,masonry,897.0,396890.0,14,0,0,4.8,0,0.0,0.0
SYN-004973,0.786,livestock,high,masonry,521.0,263839.0,14,0,1,7.7,0,0.0,0.0
SYN-004974,0.499,mixed_farming,high,masonry,4528.0,1980832.0,76,0,1,5.6,0,0.0,0.0
SYN-004975,0.557,mixed_farming,low,wood,1862.0,919716.0,17,1,1,3.5,0,0.0,0.0
SYN-004976,0.808,livestock,low,mixed,1698.0,579438.0,53,0,1,2.5,0,0.0,0.0
SYN-004977,0.92,livestock,medium,masonry,959.0,438578.0,69,0,0,22.2,0,0.0,0.0
SYN-004978,0.414,crop_farming,medium,mixed,700.0,237941.0,69,0,0,4.4,0,0.0,0.0
SYN-004979,0.596,mixed_farming,low,masonry,744.0,341976.0,23,0,1,0.8,0,0.0,0.0
SYN-004980,0.54,viticulture,high,mixed,1326.0,602870.0,80,0,1,10.8,0,0.0,0.0
SYN-004981,0.653,viticulture,low,wood,1099.0,504297.0,29,0,1,22.1,0,0.0,0.0
SYN-004982,0.861,crop_farming,low,mixed,343.0,137583.0,76,0,1,22.8,0,0.0,0.0
SYN-004983,0.702,livestock,medium,wood,3644.0,1806070.0,23,0,1,6.6,0,0.0,0.0
SYN-004984,0.711,crop_farming,medium,masonry,923.0,361845.0,9,0,1,12.4,0,0.0,0.0
SYN-004985,0.765,livestock,medium,masonry,2711.0,1182378.0,47,1,1,4.8,0,0.0,0.0
SYN-004986,0.709,livestock,medium,mixed,766.0,273433.0,79,0,0,31.8,0,0.0,0.0
SYN-004987,0.813,mixed_farming,high,mixed,1340.0,368597.0,58,0,1,5.1,0,0.0,0.0
SYN-004988,0.464,crop_farming,low,masonry,2280.0,731719.0,6,0,1,3.5,0,0.0,0.0
SYN-004989,0.414,viticulture,medium,masonry,2085.0,1019908.0,65,0,1,14.5,0,0.0,0.0
SYN-004990,0.896,crop_farming,low,masonry,1018.0,494860.0,63,0,1,16.1,0,0.0,0.0
SYN-004991,0.687,crop_farming,medium,masonry,1688.0,653037.0,77,0,0,6.6,0,0.0,0.0
SYN-004992,0.579,mixed_farming,medium,wood,1881.0,809310.0,60,0,1,12.5,0,0.0,0.0
SYN-004993,0.673,mixed_farming,medium,masonry,1101.0,372510.0,33,0,0,7.4,0,0.0,0.0
SYN-004994,0.79,livestock,low,mixed,588.0,197143.0,18,0,1,0.5,0,0.0,0.0
SYN-004995,0.473,mixed_farming,high,masonry,808.0,370391.0,77,0,1,4.4,0,0.0,0.0
SYN-004996,0.714,crop_farming,medium,mixed,947.0,567487.0,31,0,0,2.1,0,0.0,0.0
SYN-004997,0.466,crop_farming,high,wood,1233.0,691819.0,44,0,0,8.4,1,25612.43,25612.43
SYN-004998,0.916,livestock,medium,mixed,3412.0,1038117.0,51,0,0,9.7,0,0.0,0.0
SYN-004999,0.737,livestock,high,mixed,2186.0,825452.0,80,0,1,7.1,0,0.0,0.0
SYN-005000,0.887,mixed_farming,medium,masonry,713.0,359815.0,40,0,0,0.9,0,0.0,0.0
SYN-005001,0.833,crop_farming,medium,masonry,3999.0,1881891.0,70,0,1,6.2,0,0.0,0.0
SYN-005002,0.889,mixed_farming,medium,mixed,1151.0,467137.0,57,0,1,12.7,0,0.0,0.0
SYN-005003,0.605,mixed_farming,medium,mixed,1876.0,514497.0,16,0,1,19.2,0,0.0,0.0
SYN-005004,0.484,crop_farming,medium,mixed,658.0,409090.0,11,0,0,7.9,0,0.0,0.0
SYN-005005,0.935,crop_farming,medium,mixed,903.0,269864.0,51,0,1,1.3,0,0.0,0.0
SYN-005006,0.931,livestock,medium,masonry,2380.0,1345732.0,33,0,1,5.3,0,0.0,0.0
SYN-005007,0.93,mixed_farming,medium,masonry,685.0,326884.0,4,1,1,10.9,0,0.0,0.0
SYN-005008,0.994,mixed_farming,medium,wood,1256.0,712433.0,58,0,1,3.8,0,0.0,0.0
SYN-005009,0.758,mixed_farming,medium,mixed,1646.0,496870.0,76,0,1,20.1,0,0.0,0.0
SYN-005010,0.707,livestock,medium,mixed,623.0,412419.0,1,0,0,6.9,0,0.0,0.0
SYN-005011,0.878,crop_farming,medium,mixed,382.0,139117.0,75,1,1,18.6,0,0.0,0.0
SYN-005012,0.466,livestock,medium,wood,2186.0,779271.0,53,0,1,4.6,0,0.0,0.0
SYN-005013,0.87,crop_farming,high,wood,7795.0,1811160.0,77,0,1,3.0,0,0.0,0.0
SYN-005014,0.887,mixed_farming,low,masonry,1633.0,430915.0,44,0,1,5.0,0,0.0,0.0
SYN-005015,0.746,crop_farming,low,wood,1850.0,842418.0,29,0,1,12.1,0,0.0,0.0
SYN-005016,0.633,crop_farming,low,masonry,682.0,227294.0,74,1,1,10.1,0,0.0,0.0
SYN-005017,0.794,livestock,medium,masonry,3150.0,1311908.0,48,0,0,14.5,0,0.0,0.0
SYN-005018,0.949,livestock,medium,wood,949.0,491257.0,77,0,1,15.7,1,4631.73,4631.73
SYN-005019,0.495,mixed_farming,medium,masonry,2582.0,994228.0,21,0,0,6.2,0,0.0,0.0
SYN-005020,0.587,livestock,low,masonry,1799.0,796683.0,56,0,1,17.0,0,0.0,0.0
SYN-005021,0.803,viticulture,high,mixed,1827.0,543893.0,48,0,1,1.8,0,0.0,0.0
SYN-005022,0.9,mixed_farming,medium,wood,1782.0,911012.0,44,0,1,17.6,0,0.0,0.0
SYN-005023,0.791,mixed_farming,medium,masonry,1746.0,586299.0,67,1,1,9.3,0,0.0,0.0
SYN-005024,0.755,mixed_farming,low,mixed,1457.0,690073.0,43,0,0,21.2,0,0.0,0.0
SYN-005025,0.451,mixed_farming,low,masonry,2276.0,1134221.0,65,0,1,7.6,0,0.0,0.0
SYN-005026,0.66,mixed_farming,low,masonry,756.0,383903.0,36,0,1,10.1,0,0.0,0.0
SYN-005027,0.934,livestock,medium,mixed,1038.0,282276.0,14,0,1,13.0,0,0.0,0.0
SYN-005028,0.617,livestock,medium,mixed,3147.0,1085785.0,63,0,1,8.5,0,0.0,0.0
SYN-005029,0.629,mixed_farming,low,mixed,1356.0,702243.0,52,0,1,4.9,0,0.0,0.0
SYN-005030,0.615,crop_farming,low,mixed,981.0,497925.0,27,1,1,17.6,0,0.0,0.0
SYN-005031,0.618,crop_farming,low,wood,2375.0,985748.0,1,1,1,6.6,1,20530.99,20530.99
SYN-005032,0.643,mixed_farming,medium,mixed,2089.0,549555.0,20,1,1,11.8,0,0.0,0.0
SYN-005033,0.864,crop_farming,low,masonry,521.0,224028.0,34,0,1,3.3,0,0.0,0.0
SYN-005034,0.673,livestock,low,mixed,1948.0,1063841.0,36,0,1,8.1,0,0.0,0.0
SYN-005035,0.764,mixed_farming,low,mixed,1325.0,366957.0,59,0,1,16.1,0,0.0,0.0
SYN-005036,0.665,crop_farming,medium,masonry,1925.0,932696.0,27,0,0,12.6,0,0.0,0.0
SYN-005037,0.924,mixed_farming,high,mixed,1220.0,478960.0,7,0,1,9.5,0,0.0,0.0
SYN-005038,0.507,crop_farming,medium,mixed,1639.0,901858.0,66,0,1,2.0,0,0.0,0.0
SYN-005039,0.474,mixed_farming,low,masonry,369.0,136995.0,28,0,0,10.6,0,0.0,0.0
SYN-005040,0.645,mixed_farming,high,masonry,677.0,164585.0,23,0,0,4.2,0,0.0,0.0
SYN-005041,0.985,crop_farming,high,masonry,1961.0,631645.0,61,0,1,8.6,0,0.0,0.0
SYN-005042,0.82,crop_farming,medium,masonry,6660.0,3407439.0,33,0,1,14.4,0,0.0,0.0
SYN-005043,0.77,livestock,low,wood,1539.0,810905.0,40,0,1,2.0,0,0.0,0.0
SYN-005044,0.634,livestock,medium,masonry,773.0,424522.0,22,1,1,10.9,0,0.0,0.0
SYN-005045,0.577,crop_farming,high,mixed,1323.0,784846.0,71,0,1,11.8,0,0.0,0.0
SYN-005046,0.974,viticulture,medium,mixed,678.0,313999.0,44,0,0,3.5,0,0.0,0.0
SYN-005047,0.656,crop_farming,medium,masonry,2731.0,1343993.0,26,0,0,8.3,0,0.0,0.0
SYN-005048,0.827,mixed_farming,medium,masonry,1250.0,414871.0,25,1,1,7.3,0,0.0,0.0
SYN-005049,0.886,crop_farming,high,masonry,2403.0,744720.0,35,0,0,2.5,0,0.0,0.0
SYN-005050,0.795,viticulture,low,masonry,1097.0,501090.0,51,0,1,5.1,0,0.0,0.0
SYN-005051,0.54,crop_farming,low,masonry,2546.0,1331317.0,20,0,1,5.8,0,0.0,0.0
SYN-005052,0.573,livestock,high,masonry,422.0,228340.0,65,1,0,15.0,0,0.0,0.0
SYN-005053,0.414,livestock,low,mixed,1231.0,339659.0,28,1,1,12.0,0,0.0,0.0
SYN-005054,0.982,crop_farming,medium,mixed,1721.0,991176.0,60,1,1,11.6,0,0.0,0.0
SYN-005055,0.901,mixed_farming,low,masonry,1018.0,529453.0,74,1,1,11.4,0,0.0,0.0
SYN-005056,0.642,crop_farming,low,masonry,1531.0,749898.0,25,1,1,14.6,0,0.0,0.0
SYN-005057,0.935,livestock,low,wood,1514.0,666356.0,41,0,0,3.1,0,0.0,0.0
SYN-005058,0.492,livestock,medium,masonry,2396.0,817744.0,46,0,1,4.4,0,0.0,0.0
SYN-005059,0.425,mixed_farming,medium,mixed,1815.0,553986.0,60,0,1,15.1,0,0.0,0.0
SYN-005060,0.481,crop_farming,medium,masonry,1565.0,670345.0,31,0,0,7.2,0,0.0,0.0
SYN-005061,0.93,crop_farming,low,wood,2147.0,579554.0,59,1,1,8.1,1,2207.6,2207.6
SYN-005062,0.496,crop_farming,high,masonry,503.0,230976.0,53,0,0,3.0,0,0.0,0.0
SYN-005063,0.441,livestock,medium,masonry,743.0,343650.0,27,1,1,3.4,0,0.0,0.0
SYN-005064,0.511,crop_farming,high,mixed,493.0,251835.0,70,0,1,16.3,0,0.0,0.0
SYN-005065,0.649,viticulture,medium,masonry,1731.0,829783.0,4,0,0,18.7,0,0.0,0.0
SYN-005066,0.698,livestock,low,mixed,1586.0,552333.0,68,0,0,6.7,0,0.0,0.0
SYN-005067,0.542,mixed_farming,medium,masonry,2982.0,1081781.0,29,1,1,38.9,0,0.0,0.0
SYN-005068,0.883,livestock,high,masonry,1523.0,453998.0,71,0,1,7.2,0,0.0,0.0
SYN-005069,0.976,crop_farming,low,masonry,804.0,339492.0,20,0,1,17.0,0,0.0,0.0
SYN-005070,0.575,livestock,medium,mixed,1322.0,431449.0,33,0,1,9.5,0,0.0,0.0
SYN-005071,0.959,crop_farming,medium,wood,358.0,143046.0,9,0,1,6.2,0,0.0,0.0
SYN-005072,0.891,livestock,low,masonry,930.0,365088.0,65,0,1,11.5,0,0.0,0.0
SYN-005073,0.932,livestock,medium,wood,264.0,144161.0,57,0,1,2.9,0,0.0,0.0
SYN-005074,0.436,livestock,low,mixed,1500.0,855323.0,31,0,0,18.7,0,0.0,0.0
SYN-005075,0.9,viticulture,low,masonry,1011.0,434837.0,49,1,1,5.6,0,0.0,0.0
SYN-005076,0.752,crop_farming,high,masonry,1112.0,328367.0,9,0,1,7.9,0,0.0,0.0
SYN-005077,0.423,livestock,medium,masonry,661.0,342379.0,52,0,0,4.9,0,0.0,0.0
SYN-005078,0.852,crop_farming,medium,masonry,785.0,231484.0,48,0,1,9.0,0,0.0,0.0
SYN-005079,0.545,livestock,medium,mixed,1901.0,832547.0,70,2,1,5.9,0,0.0,0.0
SYN-005080,0.878,mixed_farming,high,masonry,477.0,250587.0,48,1,1,6.8,1,11114.0,11114.0
SYN-005081,0.776,crop_farming,medium,masonry,1684.0,736829.0,26,1,1,5.7,0,0.0,0.0
SYN-005082,0.695,mixed_farming,medium,mixed,715.0,248367.0,61,0,1,1.3,0,0.0,0.0
SYN-005083,0.414,livestock,low,masonry,406.0,197796.0,61,0,0,9.8,0,0.0,0.0
SYN-005084,0.934,crop_farming,medium,wood,2690.0,1561938.0,68,0,0,4.7,0,0.0,0.0
SYN-005085,0.489,viticulture,medium,mixed,2875.0,1418731.0,53,0,1,13.5,0,0.0,0.0
SYN-005086,0.898,livestock,medium,masonry,854.0,564557.0,72,1,0,4.4,0,0.0,0.0
SYN-005087,0.813,mixed_farming,medium,masonry,848.0,282766.0,50,1,0,6.2,1,40123.12,40123.12
SYN-005088,0.442,livestock,low,masonry,1030.0,390636.0,57,1,1,10.9,0,0.0,0.0
SYN-005089,0.725,viticulture,high,wood,716.0,404715.0,75,0,0,10.5,0,0.0,0.0
SYN-005090,0.977,crop_farming,high,masonry,803.0,225232.0,51,0,1,0.5,0,0.0,0.0
SYN-005091,0.954,livestock,medium,wood,1624.0,915664.0,48,0,0,3.8,0,0.0,0.0
SYN-005092,0.488,mixed_farming,medium,wood,4666.0,2433087.0,2,0,1,6.7,0,0.0,0.0
SYN-005093,0.504,livestock,medium,masonry,962.0,292036.0,19,1,1,1.4,0,0.0,0.0
SYN-005094,0.492,livestock,medium,mixed,2357.0,680869.0,10,0,1,2.1,0,0.0,0.0
SYN-005095,0.854,viticulture,medium,mixed,1524.0,524546.0,24,0,1,10.6,0,0.0,0.0
SYN-005096,0.496,livestock,medium,masonry,409.0,266300.0,12,1,1,9.2,0,0.0,0.0
SYN-005097,0.439,mixed_farming,low,wood,1193.0,464758.0,50,0,0,17.7,0,0.0,0.0
SYN-005098,0.634,mixed_farming,low,masonry,1099.0,539702.0,21,0,1,13.5,0,0.0,0.0
SYN-005099,0.98,mixed_farming,medium,wood,3140.0,1176519.0,19,0,1,4.0,0,0.0,0.0
SYN-005100,0.585,mixed_farming,medium,mixed,3224.0,912803.0,72,0,1,16.5,1,32531.7,32531.7
SYN-005101,0.835,livestock,low,masonry,1548.0,525582.0,35,1,1,13.7,0,0.0,0.0
SYN-005102,0.486,crop_farming,low,masonry,2668.0,986054.0,59,1,1,6.1,0,0.0,0.0
SYN-005103,0.773,crop_farming,medium,masonry,1102.0,474793.0,5,0,1,7.4,0,0.0,0.0
SYN-005104,0.749,mixed_farming,medium,masonry,2509.0,1297261.0,51,0,0,8.7,0,0.0,0.0
SYN-005105,0.943,mixed_farming,medium,mixed,1294.0,338317.0,71,0,1,7.3,0,0.0,0.0
SYN-005106,0.83,livestock,medium,masonry,2474.0,1175662.0,10,1,1,9.9,0,0.0,0.0
SYN-005107,0.472,crop_farming,high,wood,2643.0,858051.0,15,1,0,1.5,0,0.0,0.0
SYN-005108,0.643,crop_farming,low,masonry,1931.0,901267.0,53,0,1,4.8,0,0.0,0.0
SYN-005109,0.4,livestock,high,masonry,748.0,234688.0,50,0,0,2.3,0,0.0,0.0
SYN-005110,0.545,mixed_farming,low,masonry,922.0,396078.0,59,0,1,4.2,0,0.0,0.0
SYN-005111,0.983,crop_farming,medium,masonry,1976.0,761445.0,21,0,0,9.5,0,0.0,0.0
SYN-005112,0.673,mixed_farming,low,mixed,2166.0,998816.0,25,2,1,9.3,0,0.0,0.0
SYN-005113,0.921,mixed_farming,low,masonry,1343.0,382774.0,7,0,0,9.2,1,13330.35,13330.35
SYN-005114,0.414,viticulture,low,mixed,989.0,350965.0,20,0,0,18.0,1,24441.38,24441.38
SYN-005115,0.928,crop_farming,low,mixed,1373.0,537002.0,52,0,1,8.5,0,0.0,0.0
SYN-005116,0.934,viticulture,high,masonry,1011.0,465621.0,55,0,1,6.5,0,0.0,0.0
SYN-005117,0.792,mixed_farming,medium,masonry,1015.0,289890.0,46,0,1,7.5,0,0.0,0.0
SYN-005118,0.47,mixed_farming,high,masonry,4333.0,1151052.0,10,0,0,0.8,0,0.0,0.0
SYN-005119,0.926,crop_farming,medium,masonry,890.0,468579.0,70,1,1,10.0,0,0.0,0.0
SYN-005120,0.94,livestock,medium,mixed,1686.0,688773.0,47,0,0,4.2,0,0.0,0.0
SYN-005121,0.521,mixed_farming,low,masonry,1339.0,414702.0,3,0,1,14.8,0,0.0,0.0
SYN-005122,0.964,livestock,medium,masonry,546.0,190851.0,79,0,1,2.3,0,0.0,0.0
SYN-005123,0.929,livestock,medium,masonry,534.0,413667.0,47,0,1,10.6,0,0.0,0.0
SYN-005124,0.523,livestock,high,masonry,1150.0,629257.0,2,0,1,11.4,0,0.0,0.0
SYN-005125,0.636,livestock,high,wood,341.0,169274.0,33,1,1,22.1,0,0.0,0.0
SYN-005126,0.602,crop_farming,low,mixed,3983.0,1890437.0,15,0,1,9.1,0,0.0,0.0
SYN-005127,0.699,livestock,medium,mixed,958.0,401552.0,1,0,1,16.4,0,0.0,0.0
SYN-005128,0.933,crop_farming,medium,masonry,909.0,351915.0,43,1,1,3.8,0,0.0,0.0
SYN-005129,0.925,viticulture,medium,masonry,2684.0,1407164.0,2,1,1,10.4,0,0.0,0.0
SYN-005130,0.505,viticulture,low,masonry,1106.0,346512.0,6,0,0,10.4,0,0.0,0.0
SYN-005131,0.731,crop_farming,medium,mixed,1850.0,968957.0,40,1,0,25.0,0,0.0,0.0
SYN-005132,0.72,crop_farming,medium,masonry,835.0,289902.0,57,0,1,13.1,0,0.0,0.0
SYN-005133,0.67,crop_farming,low,masonry,1248.0,542622.0,29,0,1,17.9,0,0.0,0.0
SYN-005134,0.829,livestock,medium,mixed,2274.0,1271857.0,7,0,1,5.3,0,0.0,0.0
SYN-005135,0.788,mixed_farming,low,mixed,692.0,361014.0,58,1,0,8.5,0,0.0,0.0
SYN-005136,0.565,livestock,high,masonry,1708.0,871450.0,16,0,0,6.8,0,0.0,0.0
SYN-005137,0.609,crop_farming,low,masonry,252.0,204687.0,20,0,1,22.3,0,0.0,0.0
SYN-005138,0.933,crop_farming,low,wood,2759.0,1001942.0,44,2,1,2.1,0,0.0,0.0
SYN-005139,0.595,crop_farming,low,masonry,844.0,328589.0,16,0,1,12.0,0,0.0,0.0
SYN-005140,0.666,mixed_farming,high,wood,1146.0,489136.0,66,0,0,4.1,0,0.0,0.0
SYN-005141,0.984,mixed_farming,medium,masonry,1137.0,491245.0,64,1,1,17.1,0,0.0,0.0
SYN-005142,0.914,livestock,low,wood,643.0,256016.0,30,1,1,8.6,0,0.0,0.0
SYN-005143,0.819,livestock,low,wood,612.0,206512.0,59,0,1,5.9,0,0.0,0.0
SYN-005144,0.582,viticulture,medium,masonry,1701.0,982302.0,5,0,0,8.8,0,0.0,0.0
SYN-005145,0.777,livestock,medium,mixed,1754.0,886531.0,66,0,0,1.7,0,0.0,0.0
SYN-005146,0.785,mixed_farming,low,masonry,682.0,205705.0,28,0,0,15.3,0,0.0,0.0
SYN-005147,0.647,mixed_farming,high,masonry,1723.0,771287.0,77,1,0,16.6,0,0.0,0.0
SYN-005148,0.422,livestock,low,masonry,1742.0,858118.0,6,0,0,12.7,0,0.0,0.0
SYN-005149,0.62,mixed_farming,medium,mixed,948.0,536082.0,17,0,1,12.4,0,0.0,0.0
SYN-005150,0.705,crop_farming,low,masonry,523.0,320301.0,16,0,1,5.8,0,0.0,0.0
SYN-005151,0.97,mixed_farming,medium,masonry,1183.0,611933.0,50,0,1,2.7,0,0.0,0.0
SYN-005152,0.836,crop_farming,medium,wood,1537.0,477069.0,38,0,1,10.0,0,0.0,0.0
SYN-005153,0.465,livestock,medium,wood,1166.0,571300.0,3,0,1,3.3,0,0.0,0.0
SYN-005154,0.581,crop_farming,medium,masonry,825.0,437994.0,71,1,0,2.6,0,0.0,0.0
SYN-005155,0.713,crop_farming,high,masonry,1642.0,400158.0,28,0,1,9.3,0,0.0,0.0
SYN-005156,0.671,crop_farming,high,masonry,2759.0,973256.0,72,0,0,11.5,0,0.0,0.0
SYN-005157,0.403,livestock,medium,masonry,735.0,198788.0,29,0,0,8.7,0,0.0,0.0
SYN-005158,0.961,mixed_farming,medium,wood,999.0,381843.0,57,1,0,18.6,0,0.0,0.0
SYN-005159,0.942,livestock,high,wood,7209.0,1557936.0,78,0,1,13.0,0,0.0,0.0
SYN-005160,0.954,livestock,low,masonry,1464.0,682429.0,68,0,0,1.1,0,0.0,0.0
SYN-005161,0.657,viticulture,low,masonry,532.0,319710.0,56,0,1,3.1,0,0.0,0.0
SYN-005162,0.9,viticulture,low,masonry,889.0,373922.0,43,0,1,20.4,0,0.0,0.0
SYN-005163,0.825,crop_farming,high,masonry,741.0,553703.0,65,0,0,9.6,0,0.0,0.0
SYN-005164,0.707,livestock,low,masonry,1552.0,828770.0,77,0,1,9.2,0,0.0,0.0
SYN-005165,0.446,mixed_farming,low,masonry,1480.0,514909.0,40,0,0,1.5,0,0.0,0.0
SYN-005166,0.501,mixed_farming,medium,masonry,801.0,376392.0,67,0,0,11.3,0,0.0,0.0
SYN-005167,0.543,livestock,low,masonry,4051.0,1702566.0,1,0,1,5.6,0,0.0,0.0
SYN-005168,0.938,mixed_farming,low,mixed,1281.0,652245.0,53,0,1,4.6,0,0.0,0.0
SYN-005169,0.799,crop_farming,medium,mixed,901.0,278181.0,77,0,0,3.8,0,0.0,0.0
SYN-005170,0.99,livestock,low,masonry,548.0,296794.0,19,0,0,4.4,0,0.0,0.0
SYN-005171,0.74,mixed_farming,high,masonry,677.0,215960.0,65,0,1,7.5,0,0.0,0.0
SYN-005172,0.451,mixed_farming,low,mixed,539.0,243424.0,61,0,1,3.9,0,0.0,0.0
SYN-005173,0.687,mixed_farming,high,masonry,1071.0,442049.0,13,0,1,9.5,1,6241.9,6241.9
SYN-005174,0.467,crop_farming,medium,wood,682.0,411127.0,71,1,0,3.7,0,0.0,0.0
SYN-005175,0.941,crop_farming,low,masonry,2017.0,1005235.0,49,0,0,14.3,0,0.0,0.0
SYN-005176,0.567,crop_farming,low,wood,829.0,506914.0,39,0,1,18.0,0,0.0,0.0
SYN-005177,0.518,crop_farming,medium,masonry,2093.0,695958.0,22,1,1,6.7,0,0.0,0.0
SYN-005178,0.707,crop_farming,medium,mixed,1668.0,801785.0,30,0,1,10.9,0,0.0,0.0
SYN-005179,0.884,livestock,low,masonry,1844.0,654791.0,40,0,1,0.8,0,0.0,0.0
SYN-005180,0.706,livestock,high,mixed,2171.0,1153941.0,30,0,1,3.0,0,0.0,0.0
SYN-005181,0.423,mixed_farming,medium,mixed,4428.0,1770302.0,36,0,0,2.9,0,0.0,0.0
SYN-005182,0.846,livestock,high,masonry,698.0,448738.0,61,0,0,3.0,0,0.0,0.0
SYN-005183,0.42,crop_farming,low,mixed,2100.0,1288661.0,17,1,1,2.8,0,0.0,0.0
SYN-005184,0.763,mixed_farming,low,masonry,1570.0,870048.0,77,0,0,11.7,0,0.0,0.0
SYN-005185,0.77,crop_farming,medium,masonry,2419.0,609227.0,28,1,1,1.1,0,0.0,0.0
SYN-005186,0.525,mixed_farming,low,masonry,1302.0,388033.0,33,1,1,29.5,0,0.0,0.0
SYN-005187,0.668,crop_farming,low,mixed,2603.0,1086819.0,34,0,1,9.7,0,0.0,0.0
SYN-005188,0.404,livestock,low,wood,523.0,151068.0,9,0,1,12.5,0,0.0,0.0
SYN-005189,0.57,mixed_farming,low,masonry,631.0,232966.0,43,0,0,3.3,0,0.0,0.0
SYN-005190,0.772,livestock,medium,mixed,837.0,316549.0,4,2,1,6.1,0,0.0,0.0
SYN-005191,0.571,mixed_farming,low,wood,1154.0,473275.0,66,0,1,13.1,0,0.0,0.0
SYN-005192,0.429,mixed_farming,high,mixed,1249.0,509453.0,67,0,0,14.6,0,0.0,0.0
SYN-005193,0.805,crop_farming,low,masonry,749.0,309170.0,26,0,1,9.5,0,0.0,0.0
SYN-005194,0.845,mixed_farming,medium,masonry,636.0,378344.0,25,0,1,4.7,0,0.0,0.0
SYN-005195,0.918,mixed_farming,medium,masonry,792.0,336985.0,21,0,1,15.6,0,0.0,0.0
SYN-005196,0.925,viticulture,medium,masonry,399.0,259585.0,66,1,1,3.9,0,0.0,0.0
SYN-005197,0.698,livestock,high,masonry,1005.0,263235.0,79,0,1,4.8,0,0.0,0.0
SYN-005198,0.644,livestock,high,mixed,1167.0,582524.0,10,0,1,2.7,0,0.0,0.0
SYN-005199,0.752,mixed_farming,low,mixed,1614.0,965733.0,11,0,1,10.7,0,0.0,0.0
SYN-005200,0.876,livestock,medium,mixed,1351.0,545993.0,4,0,1,5.4,0,0.0,0.0
SYN-005201,0.685,crop_farming,high,masonry,3888.0,1881722.0,35,1,1,7.9,0,0.0,0.0
SYN-005202,0.997,crop_farming,low,masonry,2055.0,629452.0,25,0,1,4.0,0,0.0,0.0
SYN-005203,0.783,crop_farming,medium,mixed,1957.0,699748.0,32,0,1,8.1,0,0.0,0.0
SYN-005204,0.585,livestock,low,masonry,1536.0,809366.0,26,0,0,14.0,0,0.0,0.0
SYN-005205,0.876,crop_farming,medium,wood,1717.0,817295.0,45,0,0,5.0,0,0.0,0.0
SYN-005206,0.49,crop_farming,medium,masonry,1050.0,571448.0,80,0,1,9.7,0,0.0,0.0
SYN-005207,0.961,crop_farming,medium,masonry,1293.0,312636.0,78,0,1,7.6,0,0.0,0.0
SYN-005208,0.604,viticulture,high,mixed,4226.0,1579712.0,20,0,0,11.1,0,0.0,0.0
SYN-005209,0.811,crop_farming,medium,mixed,1158.0,558644.0,68,0,0,11.8,0,0.0,0.0
SYN-005210,0.775,crop_farming,high,masonry,510.0,210394.0,60,0,0,2.3,0,0.0,0.0
SYN-005211,0.458,livestock,medium,mixed,1906.0,745909.0,73,0,1,13.4,0,0.0,0.0
SYN-005212,0.833,crop_farming,medium,masonry,2141.0,820855.0,74,0,1,7.5,0,0.0,0.0
SYN-005213,0.587,viticulture,medium,masonry,1340.0,641094.0,9,0,0,12.2,0,0.0,0.0
SYN-005214,0.629,viticulture,medium,masonry,357.0,302341.0,63,0,1,0.7,0,0.0,0.0
SYN-005215,0.458,livestock,high,mixed,2797.0,1124656.0,61,0,1,11.0,0,0.0,0.0
SYN-005216,0.886,livestock,low,mixed,1407.0,609979.0,78,1,1,4.4,0,0.0,0.0
SYN-005217,0.916,livestock,high,masonry,991.0,280364.0,61,0,1,8.9,0,0.0,0.0
SYN-005218,0.481,crop_farming,medium,mixed,2623.0,1094863.0,14,0,1,10.3,0,0.0,0.0
SYN-005219,0.888,crop_farming,medium,mixed,325.0,144462.0,27,1,1,24.1,0,0.0,0.0
SYN-005220,0.939,crop_farming,medium,masonry,1303.0,587346.0,55,0,1,8.4,0,0.0,0.0
SYN-005221,0.458,crop_farming,medium,masonry,853.0,386316.0,26,0,1,7.9,0,0.0,0.0
SYN-005222,0.998,livestock,medium,masonry,3197.0,1122894.0,42,1,0,3.1,0,0.0,0.0
SYN-005223,0.403,crop_farming,medium,masonry,1419.0,662796.0,49,1,1,6.9,0,0.0,0.0
SYN-005224,0.905,crop_farming,low,wood,691.0,256926.0,70,0,1,3.4,0,0.0,0.0
SYN-005225,0.735,livestock,medium,mixed,2540.0,937745.0,12,0,1,11.9,0,0.0,0.0
SYN-005226,0.974,livestock,medium,masonry,245.0,123339.0,60,0,1,10.7,0,0.0,0.0
SYN-005227,0.603,crop_farming,medium,masonry,1686.0,745002.0,74,0,1,13.1,0,0.0,0.0
SYN-005228,0.617,crop_farming,medium,masonry,533.0,290919.0,63,1,0,5.8,0,0.0,0.0
SYN-005229,0.904,crop_farming,low,masonry,897.0,423088.0,1,0,1,2.1,0,0.0,0.0
SYN-005230,0.826,crop_farming,medium,masonry,1036.0,325468.0,31,0,1,6.0,0,0.0,0.0
SYN-005231,0.76,mixed_farming,medium,masonry,2190.0,870922.0,43,0,0,8.3,1,15521.68,15521.68
SYN-005232,0.787,viticulture,medium,masonry,5076.0,1510620.0,55,2,1,20.8,0,0.0,0.0
SYN-005233,0.81,livestock,medium,masonry,381.0,287667.0,64,0,1,21.8,0,0.0,0.0
SYN-005234,0.429,livestock,medium,masonry,1620.0,850598.0,71,0,1,4.3,0,0.0,0.0
SYN-005235,0.471,mixed_farming,medium,masonry,5073.0,2143677.0,66,0,1,7.3,0,0.0,0.0
SYN-005236,0.509,mixed_farming,low,masonry,835.0,370468.0,16,0,1,2.4,0,0.0,0.0
SYN-005237,0.506,crop_farming,low,masonry,802.0,377708.0,54,0,1,1.8,0,0.0,0.0
SYN-005238,0.906,crop_farming,medium,masonry,1413.0,494513.0,3,0,1,14.4,0,0.0,0.0
SYN-005239,0.637,livestock,low,masonry,2077.0,903376.0,11,0,1,1.8,0,0.0,0.0
SYN-005240,0.694,livestock,low,wood,1858.0,944249.0,25,0,1,14.0,0,0.0,0.0
SYN-005241,0.454,crop_farming,low,masonry,960.0,427639.0,51,0,0,13.9,0,0.0,0.0
SYN-005242,0.922,crop_farming,low,mixed,719.0,399021.0,70,1,0,4.2,0,0.0,0.0
SYN-005243,0.406,livestock,high,masonry,2851.0,947860.0,60,0,1,3.6,0,0.0,0.0
SYN-005244,0.45,crop_farming,low,masonry,733.0,264096.0,38,0,1,6.2,0,0.0,0.0
SYN-005245,0.887,livestock,low,masonry,349.0,201325.0,8,0,1,7.9,0,0.0,0.0
SYN-005246,0.478,mixed_farming,high,mixed,471.0,155334.0,21,0,1,7.9,0,0.0,0.0
SYN-005247,0.876,livestock,high,wood,833.0,343773.0,53,0,0,5.3,0,0.0,0.0
SYN-005248,0.61,crop_farming,low,masonry,3198.0,697675.0,73,0,1,1.3,0,0.0,0.0
SYN-005249,0.866,crop_farming,high,masonry,560.0,243828.0,10,0,1,8.6,0,0.0,0.0
SYN-005250,0.43,mixed_farming,low,mixed,3259.0,953167.0,4,0,0,16.4,0,0.0,0.0
SYN-005251,0.605,livestock,medium,masonry,2834.0,1607274.0,42,1,1,7.0,0,0.0,0.0
SYN-005252,0.689,crop_farming,low,masonry,1403.0,702284.0,65,0,1,5.5,0,0.0,0.0
SYN-005253,0.775,crop_farming,medium,mixed,231.0,163429.0,18,2,1,19.2,0,0.0,0.0
SYN-005254,0.902,mixed_farming,low,masonry,561.0,253439.0,64,1,1,4.0,0,0.0,0.0
SYN-005255,0.547,mixed_farming,medium,mixed,803.0,291905.0,80,0,1,7.8,0,0.0,0.0
SYN-005256,0.795,mixed_farming,low,masonry,3733.0,1655465.0,42,0,1,16.6,0,0.0,0.0
SYN-005257,0.491,mixed_farming,medium,masonry,837.0,286468.0,57,0,1,8.9,0,0.0,0.0
SYN-005258,0.877,livestock,medium,wood,733.0,303994.0,22,0,1,17.9,0,0.0,0.0
SYN-005259,0.96,livestock,low,masonry,1370.0,418902.0,57,0,0,5.7,0,0.0,0.0
SYN-005260,0.428,crop_farming,high,masonry,485.0,223846.0,35,0,1,16.4,0,0.0,0.0
SYN-005261,0.448,mixed_farming,medium,masonry,1193.0,502654.0,65,0,0,9.5,0,0.0,0.0
SYN-005262,0.873,mixed_farming,low,masonry,721.0,290428.0,29,0,1,12.2,0,0.0,0.0
SYN-005263,0.928,crop_farming,low,masonry,6954.0,3194389.0,46,3,1,5.1,0,0.0,0.0
SYN-005264,0.789,mixed_farming,low,masonry,668.0,217392.0,12,1,0,8.9,0,0.0,0.0
SYN-005265,0.677,livestock,low,masonry,4249.0,1372017.0,53,0,1,6.7,0,0.0,0.0
SYN-005266,0.861,crop_farming,medium,masonry,578.0,283161.0,48,0,1,6.7,0,0.0,0.0
SYN-005267,0.58,livestock,medium,mixed,1438.0,684098.0,30,0,0,10.1,0,0.0,0.0
SYN-005268,0.995,mixed_farming,medium,masonry,1678.0,490524.0,16,0,1,6.4,0,0.0,0.0
SYN-005269,0.909,viticulture,medium,wood,1329.0,672472.0,77,0,0,3.5,0,0.0,0.0
SYN-005270,0.932,livestock,medium,masonry,1277.0,552234.0,80,2,1,1.6,0,0.0,0.0
SYN-005271,0.913,viticulture,low,masonry,2122.0,576228.0,40,0,1,5.0,0,0.0,0.0
SYN-005272,0.96,mixed_farming,medium,wood,1590.0,750800.0,46,0,0,11.0,1,1339.23,1339.23
SYN-005273,0.439,mixed_farming,high,mixed,1083.0,360885.0,51,0,1,10.7,0,0.0,0.0
SYN-005274,0.945,mixed_farming,low,masonry,782.0,285295.0,10,0,1,13.3,0,0.0,0.0
SYN-005275,0.549,livestock,medium,masonry,1088.0,489092.0,20,0,1,3.0,0,0.0,0.0
SYN-005276,0.616,mixed_farming,high,mixed,1079.0,421360.0,50,0,1,6.1,0,0.0,0.0
SYN-005277,0.622,livestock,medium,masonry,1066.0,406945.0,50,1,0,3.0,0,0.0,0.0
SYN-005278,0.539,mixed_farming,high,masonry,1274.0,341800.0,31,1,1,5.6,0,0.0,0.0
SYN-005279,0.663,crop_farming,low,masonry,485.0,216907.0,41,0,0,6.3,0,0.0,0.0
SYN-005280,0.703,mixed_farming,medium,mixed,621.0,370041.0,15,0,1,12.7,0,0.0,0.0
SYN-005281,0.489,viticulture,low,mixed,2081.0,995804.0,59,1,1,10.5,0,0.0,0.0
SYN-005282,0.616,livestock,low,masonry,281.0,146316.0,24,0,0,6.4,0,0.0,0.0
SYN-005283,0.609,viticulture,high,wood,2639.0,1402854.0,80,0,1,1.9,0,0.0,0.0
SYN-005284,0.805,livestock,low,masonry,843.0,320056.0,21,0,1,4.2,0,0.0,0.0
SYN-005285,0.748,crop_farming,high,mixed,3587.0,1727935.0,4,0,0,6.2,0,0.0,0.0
SYN-005286,0.83,crop_farming,medium,masonry,2689.0,1431466.0,47,0,1,20.9,0,0.0,0.0
SYN-005287,0.87,mixed_farming,high,mixed,980.0,543319.0,13,0,1,9.8,0,0.0,0.0
SYN-005288,0.8,livestock,high,masonry,1048.0,260824.0,23,0,0,3.9,0,0.0,0.0
SYN-005289,0.545,livestock,medium,masonry,3414.0,1747286.0,42,0,0,3.5,0,0.0,0.0
SYN-005290,0.701,mixed_farming,high,masonry,2773.0,985613.0,4,0,1,7.1,0,0.0,0.0
SYN-005291,0.68,livestock,medium,wood,2281.0,674471.0,19,0,0,4.7,1,25923.89,25923.89
SYN-005292,0.444,livestock,medium,masonry,2550.0,1301445.0,66,0,0,3.8,0,0.0,0.0
SYN-005293,0.937,mixed_farming,medium,masonry,598.0,235636.0,22,0,0,4.7,0,0.0,0.0
SYN-005294,0.455,mixed_farming,low,masonry,1385.0,566161.0,23,0,1,6.2,0,0.0,0.0
SYN-005295,0.986,mixed_farming,low,mixed,735.0,347151.0,36,0,1,15.1,0,0.0,0.0
SYN-005296,0.419,mixed_farming,low,mixed,588.0,327821.0,25,0,0,12.8,0,0.0,0.0
SYN-005297,0.838,viticulture,medium,masonry,1348.0,538317.0,76,0,0,10.9,0,0.0,0.0
SYN-005298,0.573,crop_farming,low,masonry,926.0,487467.0,35,2,1,13.2,0,0.0,0.0
SYN-005299,0.943,crop_farming,medium,mixed,1088.0,298028.0,18,0,1,10.7,0,0.0,0.0
SYN-005300,0.894,crop_farming,medium,masonry,876.0,465991.0,64,0,0,14.6,0,0.0,0.0
SYN-005301,0.415,livestock,medium,masonry,536.0,338068.0,2,0,1,4.0,0,0.0,0.0
SYN-005302,0.413,mixed_farming,high,masonry,3652.0,1152488.0,50,0,1,2.7,0,0.0,0.0
SYN-005303,0.762,mixed_farming,high,masonry,1341.0,509434.0,39,0,1,8.6,0,0.0,0.0
SYN-005304,0.49,livestock,high,wood,475.0,189352.0,8,0,0,12.2,0,0.0,0.0
SYN-005305,0.408,crop_farming,medium,mixed,1364.0,424793.0,20,0,1,7.8,0,0.0,0.0
SYN-005306,0.981,mixed_farming,low,masonry,3258.0,1423278.0,37,0,0,4.2,0,0.0,0.0
SYN-005307,0.78,viticulture,high,mixed,2260.0,706051.0,3,0,1,11.0,0,0.0,0.0
SYN-005308,0.406,crop_farming,low,masonry,865.0,491163.0,61,2,1,8.7,0,0.0,0.0
SYN-005309,0.694,crop_farming,low,wood,879.0,454559.0,65,0,0,5.2,0,0.0,0.0
SYN-005310,0.495,crop_farming,low,masonry,651.0,541446.0,4,1,1,5.3,0,0.0,0.0
SYN-005311,0.883,livestock,medium,wood,748.0,478484.0,31,0,1,1.5,0,0.0,0.0
SYN-005312,0.417,crop_farming,medium,wood,789.0,331291.0,4,1,0,2.6,0,0.0,0.0
SYN-005313,0.623,livestock,low,wood,467.0,423619.0,14,0,1,2.4,0,0.0,0.0
SYN-005314,0.543,mixed_farming,medium,masonry,908.0,505229.0,57,0,1,2.1,0,0.0,0.0
SYN-005315,0.989,livestock,low,mixed,1516.0,523887.0,26,0,1,11.8,0,0.0,0.0
SYN-005316,0.447,livestock,low,mixed,926.0,498192.0,41,1,0,1.1,0,0.0,0.0
SYN-005317,0.832,crop_farming,low,masonry,1396.0,698291.0,22,0,1,0.8,0,0.0,0.0
SYN-005318,0.687,viticulture,low,masonry,3478.0,1575758.0,14,0,1,25.5,0,0.0,0.0
SYN-005319,0.89,livestock,medium,mixed,3997.0,1342499.0,69,0,1,5.7,0,0.0,0.0
SYN-005320,0.529,livestock,low,wood,1160.0,471073.0,54,1,1,2.9,0,0.0,0.0
SYN-005321,0.913,crop_farming,low,mixed,2148.0,1143183.0,70,0,1,26.7,0,0.0,0.0
SYN-005322,0.97,mixed_farming,low,masonry,1088.0,611990.0,7,0,0,3.9,0,0.0,0.0
SYN-005323,0.528,mixed_farming,medium,mixed,883.0,313536.0,17,0,1,12.3,0,0.0,0.0
SYN-005324,0.546,crop_farming,high,masonry,586.0,304549.0,36,0,1,5.9,0,0.0,0.0
SYN-005325,0.978,crop_farming,medium,masonry,1282.0,446628.0,80,0,1,2.0,0,0.0,0.0
SYN-005326,0.66,crop_farming,medium,mixed,2452.0,1127355.0,66,0,1,0.6,0,0.0,0.0
SYN-005327,0.901,mixed_farming,high,mixed,529.0,197165.0,42,1,1,6.4,0,0.0,0.0
SYN-005328,0.905,viticulture,low,mixed,1006.0,676174.0,15,0,1,3.7,0,0.0,0.0
SYN-005329,0.587,livestock,low,masonry,975.0,414929.0,77,0,1,6.4,0,0.0,0.0
SYN-005330,0.507,livestock,medium,masonry,1423.0,451421.0,48,0,1,12.5,0,0.0,0.0
SYN-005331,0.62,mixed_farming,low,mixed,1438.0,508088.0,63,0,1,9.1,0,0.0,0.0
SYN-005332,0.755,mixed_farming,medium,masonry,1718.0,719428.0,30,0,1,16.1,0,0.0,0.0
SYN-005333,0.698,crop_farming,medium,wood,4159.0,1670022.0,61,2,1,2.0,0,0.0,0.0
SYN-005334,0.842,crop_farming,low,wood,688.0,369920.0,72,0,0,6.0,0,0.0,0.0
SYN-005335,0.729,livestock,medium,wood,664.0,294661.0,34,0,0,21.4,0,0.0,0.0
SYN-005336,0.883,mixed_farming,medium,wood,1423.0,575964.0,52,0,1,1.7,0,0.0,0.0
SYN-005337,0.462,mixed_farming,low,masonry,3116.0,1310924.0,63,0,1,4.1,0,0.0,0.0
SYN-005338,0.663,mixed_farming,high,masonry,468.0,156414.0,29,1,0,6.9,0,0.0,0.0
SYN-005339,0.41,mixed_farming,medium,mixed,1503.0,454461.0,53,0,1,0.6,0,0.0,0.0
SYN-005340,0.472,crop_farming,low,masonry,1063.0,487915.0,40,1,1,14.1,0,0.0,0.0
SYN-005341,0.599,livestock,low,mixed,2112.0,995761.0,46,0,1,23.3,0,0.0,0.0
SYN-005342,0.941,crop_farming,low,masonry,1823.0,524519.0,43,2,1,5.8,0,0.0,0.0
SYN-005343,0.628,mixed_farming,low,wood,1251.0,605935.0,18,0,0,8.4,0,0.0,0.0
SYN-005344,0.564,mixed_farming,low,masonry,1664.0,386613.0,79,0,0,5.9,0,0.0,0.0
SYN-005345,0.802,crop_farming,low,mixed,790.0,309493.0,26,0,1,11.5,0,0.0,0.0
SYN-005346,0.822,crop_farming,high,masonry,2039.0,641579.0,60,0,0,8.1,1,22519.39,22519.39
SYN-005347,0.689,mixed_farming,high,mixed,2985.0,1183584.0,63,1,1,21.5,0,0.0,0.0
SYN-005348,0.573,mixed_farming,medium,wood,1293.0,381933.0,58,0,0,7.1,0,0.0,0.0
SYN-005349,0.581,mixed_farming,medium,masonry,930.0,629957.0,17,0,1,13.0,0,0.0,0.0
SYN-005350,0.511,crop_farming,medium,masonry,1103.0,539176.0,79,1,0,7.5,0,0.0,0.0
SYN-005351,0.618,viticulture,medium,masonry,2025.0,761766.0,50,1,0,2.7,0,0.0,0.0
SYN-005352,0.501,mixed_farming,high,mixed,1179.0,663336.0,13,0,1,13.7,0,0.0,0.0
SYN-005353,0.786,mixed_farming,medium,mixed,556.0,208580.0,49,0,1,2.2,0,0.0,0.0
SYN-005354,0.937,mixed_farming,medium,mixed,2250.0,1077577.0,38,0,1,10.8,0,0.0,0.0
SYN-005355,0.553,viticulture,high,masonry,640.0,350397.0,56,0,1,6.9,0,0.0,0.0
SYN-005356,0.545,viticulture,medium,masonry,1597.0,556490.0,77,0,0,6.7,0,0.0,0.0
SYN-005357,0.939,mixed_farming,low,wood,360.0,136166.0,21,0,0,13.1,0,0.0,0.0
SYN-005358,0.741,livestock,low,mixed,1300.0,675242.0,69,0,1,15.3,0,0.0,0.0
SYN-005359,0.838,livestock,medium,masonry,1159.0,434438.0,68,2,1,10.8,0,0.0,0.0
SYN-005360,0.933,mixed_farming,low,masonry,337.0,143761.0,17,0,1,17.5,0,0.0,0.0
SYN-005361,0.799,mixed_farming,low,masonry,1505.0,716602.0,24,0,0,5.7,0,0.0,0.0
SYN-005362,0.845,crop_farming,low,mixed,592.0,183404.0,34,0,1,5.9,0,0.0,0.0
SYN-005363,0.632,crop_farming,low,mixed,1281.0,730246.0,23,0,0,1.7,0,0.0,0.0
SYN-005364,0.963,viticulture,high,mixed,927.0,467520.0,16,0,1,5.9,0,0.0,0.0
SYN-005365,0.822,mixed_farming,medium,mixed,463.0,318942.0,59,0,0,5.0,0,0.0,0.0
SYN-005366,0.443,viticulture,low,wood,614.0,289873.0,57,0,1,7.1,0,0.0,0.0
SYN-005367,0.757,livestock,medium,masonry,647.0,403792.0,60,1,1,8.0,0,0.0,0.0
SYN-005368,0.457,mixed_farming,low,masonry,2295.0,1079715.0,50,0,1,7.7,0,0.0,0.0
SYN-005369,0.713,mixed_farming,medium,masonry,2087.0,858385.0,15,0,1,4.8,0,0.0,0.0
SYN-005370,0.453,livestock,medium,wood,5046.0,2272818.0,47,0,0,7.6,0,0.0,0.0
SYN-005371,0.776,crop_farming,low,mixed,869.0,406787.0,43,0,1,7.8,0,0.0,0.0
SYN-005372,0.674,viticulture,medium,masonry,851.0,354925.0,73,1,1,13.8,0,0.0,0.0
SYN-005373,0.732,crop_farming,low,mixed,1323.0,551685.0,71,0,0,2.3,0,0.0,0.0
SYN-005374,0.789,mixed_farming,medium,masonry,962.0,433582.0,9,0,1,5.4,0,0.0,0.0
SYN-005375,0.55,mixed_farming,high,masonry,830.0,333540.0,44,0,1,3.9,0,0.0,0.0
SYN-005376,0.592,mixed_farming,high,mixed,1256.0,469656.0,76,0,1,14.2,0,0.0,0.0
SYN-005377,0.689,crop_farming,low,wood,1915.0,705983.0,57,0,1,1.4,0,0.0,0.0
SYN-005378,0.74,mixed_farming,medium,masonry,307.0,260776.0,39,0,1,15.0,1,18006.3,18006.3
SYN-005379,0.954,crop_farming,medium,masonry,836.0,518278.0,54,0,1,3.1,0,0.0,0.0
SYN-005380,0.611,mixed_farming,high,wood,487.0,291059.0,3,0,1,15.5,0,0.0,0.0
SYN-005381,0.755,crop_farming,low,mixed,1097.0,584481.0,40,1,1,4.0,0,0.0,0.0
SYN-005382,0.954,mixed_farming,medium,mixed,1606.0,523628.0,74,1,1,10.7,0,0.0,0.0
SYN-005383,0.831,mixed_farming,low,masonry,2505.0,1048759.0,36,0,0,3.8,0,0.0,0.0
SYN-005384,0.597,crop_farming,low,masonry,914.0,307462.0,75,1,1,8.8,0,0.0,0.0
SYN-005385,0.649,crop_farming,medium,masonry,1299.0,700712.0,64,1,1,8.4,0,0.0,0.0
SYN-005386,0.927,mixed_farming,medium,masonry,406.0,194472.0,76,0,1,4.3,0,0.0,0.0
SYN-005387,0.663,crop_farming,low,mixed,693.0,374070.0,12,0,1,6.9,0,0.0,0.0
SYN-005388,0.551,crop_farming,high,mixed,1387.0,383793.0,67,1,1,4.9,1,15266.85,15266.85
SYN-005389,0.714,livestock,medium,mixed,501.0,274702.0,18,0,1,3.5,0,0.0,0.0
SYN-005390,0.512,viticulture,high,masonry,2708.0,962129.0,23,0,0,31.0,0,0.0,0.0
SYN-005391,0.749,livestock,medium,masonry,1703.0,520470.0,11,1,1,0.6,0,0.0,0.0
SYN-005392,0.995,livestock,high,mixed,673.0,396172.0,23,0,1,9.2,0,0.0,0.0
SYN-005393,0.982,viticulture,medium,masonry,462.0,245746.0,52,0,1,5.4,0,0.0,0.0
SYN-005394,0.768,livestock,low,masonry,759.0,687622.0,27,0,1,5.3,0,0.0,0.0
SYN-005395,0.932,livestock,low,masonry,675.0,317038.0,2,0,1,5.6,0,0.0,0.0
SYN-005396,0.889,livestock,high,masonry,549.0,373455.0,19,0,1,8.1,0,0.0,0.0
SYN-005397,0.97,livestock,low,masonry,486.0,228719.0,11,0,0,23.0,0,0.0,0.0
SYN-005398,0.924,livestock,medium,masonry,1043.0,396673.0,73,0,1,9.1,0,0.0,0.0
SYN-005399,0.94,mixed_farming,medium,wood,1951.0,485056.0,61,0,1,4.8,0,0.0,0.0
SYN-005400,0.538,crop_farming,low,masonry,763.0,314380.0,43,0,1,5.0,0,0.0,0.0
SYN-005401,0.495,mixed_farming,low,mixed,1618.0,592065.0,69,0,1,1.8,0,0.0,0.0
SYN-005402,0.426,crop_farming,medium,mixed,979.0,413543.0,22,0,0,4.1,0,0.0,0.0
SYN-005403,0.796,livestock,medium,masonry,1804.0,677952.0,73,0,1,9.2,0,0.0,0.0
SYN-005404,0.96,crop_farming,medium,masonry,727.0,323909.0,62,0,0,10.7,0,0.0,0.0
SYN-005405,0.996,livestock,low,masonry,1455.0,678082.0,21,1,0,27.0,0,0.0,0.0
SYN-005406,0.911,mixed_farming,medium,masonry,1310.0,497311.0,51,1,1,9.8,0,0.0,0.0
SYN-005407,0.899,livestock,low,masonry,2938.0,966000.0,77,0,0,5.3,0,0.0,0.0
SYN-005408,0.711,crop_farming,medium,wood,1743.0,743703.0,31,0,0,7.4,0,0.0,0.0
SYN-005409,0.671,crop_farming,low,masonry,1431.0,604099.0,18,0,1,14.5,0,0.0,0.0
SYN-005410,0.784,mixed_farming,low,masonry,466.0,249310.0,74,0,0,12.1,1,28512.75,28512.75
SYN-005411,0.414,crop_farming,high,wood,861.0,303408.0,26,0,1,5.4,0,0.0,0.0
SYN-005412,0.877,mixed_farming,low,mixed,720.0,311953.0,45,0,1,5.4,0,0.0,0.0
SYN-005413,0.794,livestock,medium,mixed,710.0,314208.0,8,0,1,15.8,0,0.0,0.0
SYN-005414,0.502,crop_farming,low,masonry,1224.0,537154.0,51,0,0,6.0,0,0.0,0.0
SYN-005415,0.781,mixed_farming,low,wood,1417.0,725854.0,80,1,1,3.9,0,0.0,0.0
SYN-005416,0.76,livestock,low,mixed,1454.0,445182.0,3,0,1,10.9,0,0.0,0.0
SYN-005417,0.873,crop_farming,high,mixed,2752.0,1286397.0,23,0,1,13.9,0,0.0,0.0
SYN-005418,0.902,viticulture,medium,mixed,1660.0,857023.0,51,1,0,4.3,0,0.0,0.0
SYN-005419,0.552,crop_farming,low,masonry,546.0,327884.0,48,0,0,14.7,0,0.0,0.0
SYN-005420,0.889,livestock,medium,wood,1383.0,473987.0,34,0,1,20.1,0,0.0,0.0
SYN-005421,0.509,livestock,medium,wood,1772.0,919714.0,26,0,0,11.8,0,0.0,0.0
SYN-005422,0.637,livestock,medium,mixed,2753.0,776876.0,60,1,1,1.5,0,0.0,0.0
SYN-005423,0.696,mixed_farming,high,masonry,1096.0,382142.0,39,0,0,7.0,0,0.0,0.0
SYN-005424,0.883,crop_farming,medium,mixed,1103.0,370571.0,4,0,1,17.3,0,0.0,0.0
SYN-005425,0.941,viticulture,medium,masonry,2444.0,868744.0,12,0,1,14.1,0,0.0,0.0
SYN-005426,0.41,mixed_farming,low,mixed,1361.0,469906.0,31,0,1,0.5,0,0.0,0.0
SYN-005427,0.842,viticulture,high,masonry,429.0,145063.0,52,0,1,8.9,0,0.0,0.0
SYN-005428,0.927,mixed_farming,medium,mixed,373.0,416824.0,6,0,1,9.5,0,0.0,0.0
SYN-005429,0.973,viticulture,low,wood,4010.0,1645096.0,80,0,1,14.1,1,26501.37,26501.37
SYN-005430,0.561,mixed_farming,high,masonry,398.0,211110.0,75,0,0,3.6,0,0.0,0.0
SYN-005431,0.504,livestock,high,mixed,1087.0,526068.0,6,0,1,11.1,0,0.0,0.0
SYN-005432,0.699,livestock,medium,wood,2152.0,676707.0,34,0,1,12.7,1,9542.47,9542.47
SYN-005433,0.941,mixed_farming,low,masonry,385.0,227243.0,30,0,0,6.4,0,0.0,0.0
SYN-005434,0.589,livestock,medium,masonry,600.0,286695.0,12,0,1,6.2,0,0.0,0.0
SYN-005435,0.703,mixed_farming,high,masonry,539.0,219349.0,42,0,1,16.5,0,0.0,0.0
SYN-005436,0.997,crop_farming,medium,mixed,3908.0,2132942.0,60,0,1,6.3,0,0.0,0.0
SYN-005437,0.674,mixed_farming,low,masonry,4500.0,1793051.0,43,0,1,4.8,0,0.0,0.0
SYN-005438,0.777,crop_farming,low,masonry,752.0,322620.0,71,0,1,2.4,0,0.0,0.0
SYN-005439,0.997,viticulture,low,masonry,1766.0,799167.0,52,0,0,8.7,0,0.0,0.0
SYN-005440,0.62,crop_farming,low,masonry,1481.0,721086.0,63,0,1,5.7,0,0.0,0.0
SYN-005441,0.564,crop_farming,medium,masonry,1010.0,525713.0,68,0,1,5.8,0,0.0,0.0
SYN-005442,0.57,mixed_farming,low,mixed,421.0,254549.0,69,0,1,7.9,0,0.0,0.0
SYN-005443,0.77,mixed_farming,medium,masonry,5431.0,1529956.0,46,0,0,15.2,0,0.0,0.0
SYN-005444,0.498,mixed_farming,high,mixed,372.0,134911.0,68,0,0,13.7,0,0.0,0.0
SYN-005445,0.499,viticulture,medium,mixed,1391.0,439337.0,31,0,1,12.2,0,0.0,0.0
SYN-005446,0.556,crop_farming,low,wood,796.0,433673.0,80,0,0,5.0,0,0.0,0.0
SYN-005447,0.725,mixed_farming,high,masonry,2334.0,883093.0,53,1,1,10.5,0,0.0,0.0
SYN-005448,0.907,livestock,low,mixed,2100.0,704776.0,30,0,1,1.9,0,0.0,0.0
SYN-005449,0.718,livestock,high,mixed,641.0,250600.0,5,0,1,9.0,0,0.0,0.0
SYN-005450,0.87,livestock,low,masonry,725.0,341535.0,28,0,0,4.5,0,0.0,0.0
SYN-005451,0.975,crop_farming,medium,masonry,442.0,267532.0,39,0,1,8.5,0,0.0,0.0
SYN-005452,0.844,livestock,medium,masonry,1376.0,683016.0,9,1,1,5.6,0,0.0,0.0
SYN-005453,0.786,mixed_farming,medium,mixed,1924.0,707139.0,46,0,1,7.3,0,0.0,0.0
SYN-005454,0.405,crop_farming,medium,masonry,910.0,546187.0,69,0,1,1.1,0,0.0,0.0
SYN-005455,0.669,viticulture,low,wood,1034.0,538133.0,26,0,0,29.0,0,0.0,0.0
SYN-005456,0.561,livestock,medium,mixed,4189.0,1870312.0,75,0,1,8.6,0,0.0,0.0
SYN-005457,0.707,crop_farming,low,mixed,2227.0,944236.0,33,0,0,15.0,0,0.0,0.0
SYN-005458,0.971,mixed_farming,medium,wood,2910.0,1359959.0,23,0,1,9.8,0,0.0,0.0
SYN-005459,0.592,crop_farming,medium,mixed,282.0,164327.0,67,0,1,1.1,0,0.0,0.0
SYN-005460,0.496,crop_farming,medium,masonry,1730.0,853100.0,50,0,1,8.8,0,0.0,0.0
SYN-005461,0.896,mixed_farming,low,masonry,1427.0,698511.0,50,0,0,1.5,0,0.0,0.0
SYN-005462,0.994,crop_farming,medium,mixed,537.0,260318.0,20,0,1,4.9,0,0.0,0.0
SYN-005463,0.868,crop_farming,medium,masonry,615.0,202625.0,48,0,1,7.4,0,0.0,0.0
SYN-005464,0.483,mixed_farming,low,wood,1052.0,392870.0,69,1,1,6.0,0,0.0,0.0
SYN-005465,0.73,crop_farming,medium,masonry,507.0,142063.0,16,0,1,2.4,0,0.0,0.0
SYN-005466,0.643,mixed_farming,low,masonry,721.0,381689.0,1,0,0,2.4,0,0.0,0.0
SYN-005467,0.78,mixed_farming,low,mixed,898.0,513219.0,62,0,1,13.4,0,0.0,0.0
SYN-005468,0.801,crop_farming,medium,mixed,1760.0,508909.0,56,0,0,15.2,0,0.0,0.0
SYN-005469,0.884,livestock,low,wood,766.0,317261.0,17,0,0,11.1,0,0.0,0.0
SYN-005470,0.544,crop_farming,low,masonry,906.0,448264.0,44,1,1,16.0,0,0.0,0.0
SYN-005471,0.979,mixed_farming,medium,masonry,2359.0,560805.0,10,1,1,29.0,0,0.0,0.0
SYN-005472,0.529,crop_farming,medium,mixed,385.0,183412.0,23,0,1,9.1,0,0.0,0.0
SYN-005473,0.474,viticulture,low,wood,1405.0,668366.0,15,1,1,13.7,0,0.0,0.0
SYN-005474,0.897,crop_farming,low,masonry,1561.0,593018.0,74,0,1,6.8,0,0.0,0.0
SYN-005475,0.678,mixed_farming,medium,mixed,1589.0,716805.0,29,0,1,3.6,0,0.0,0.0
SYN-005476,0.694,crop_farming,medium,masonry,875.0,363369.0,39,0,1,1.6,0,0.0,0.0
SYN-005477,0.591,crop_farming,medium,mixed,607.0,278932.0,20,0,1,19.9,0,0.0,0.0
SYN-005478,0.428,livestock,medium,masonry,3254.0,1049379.0,42,0,0,3.8,0,0.0,0.0
SYN-005479,0.516,livestock,medium,wood,695.0,240307.0,45,0,1,0.5,0,0.0,0.0
SYN-005480,0.857,viticulture,high,masonry,586.0,185177.0,7,0,0,4.8,0,0.0,0.0
SYN-005481,0.535,crop_farming,low,mixed,1228.0,500501.0,63,0,1,7.2,0,0.0,0.0
SYN-005482,0.996,crop_farming,low,mixed,750.0,285158.0,33,1,0,28.8,0,0.0,0.0
SYN-005483,0.872,livestock,low,masonry,2400.0,1163300.0,38,1,1,9.0,0,0.0,0.0
SYN-005484,0.909,livestock,low,masonry,1020.0,469613.0,13,0,1,5.6,0,0.0,0.0
SYN-005485,0.924,mixed_farming,medium,mixed,2611.0,1297374.0,6,0,1,14.0,0,0.0,0.0
SYN-005486,0.831,viticulture,high,mixed,1622.0,783989.0,45,0,0,7.5,0,0.0,0.0
SYN-005487,0.68,mixed_farming,low,mixed,942.0,323637.0,3,0,0,6.6,0,0.0,0.0
SYN-005488,0.95,crop_farming,low,mixed,2500.0,838068.0,47,0,1,11.0,0,0.0,0.0
SYN-005489,0.656,livestock,medium,masonry,794.0,275282.0,62,0,1,5.9,0,0.0,0.0
SYN-005490,0.457,mixed_farming,high,wood,984.0,566647.0,20,0,0,20.9,0,0.0,0.0
SYN-005491,0.758,livestock,low,masonry,1709.0,820265.0,23,0,1,20.1,0,0.0,0.0
SYN-005492,0.463,mixed_farming,medium,mixed,1404.0,467794.0,76,0,1,14.7,0,0.0,0.0
SYN-005493,0.793,crop_farming,high,wood,782.0,373733.0,37,1,1,4.1,0,0.0,0.0
SYN-005494,0.999,livestock,medium,wood,446.0,227144.0,25,1,1,6.4,0,0.0,0.0
SYN-005495,0.805,mixed_farming,medium,masonry,1197.0,488678.0,71,0,1,12.7,0,0.0,0.0
SYN-005496,0.526,crop_farming,medium,masonry,755.0,425039.0,53,0,0,6.3,0,0.0,0.0
SYN-005497,0.483,viticulture,low,mixed,1236.0,415388.0,48,0,0,5.8,0,0.0,0.0
SYN-005498,0.614,livestock,medium,masonry,922.0,662516.0,79,0,1,9.4,0,0.0,0.0
SYN-005499,0.487,crop_farming,low,mixed,760.0,388516.0,49,0,1,3.9,0,0.0,0.0
SYN-005500,0.742,crop_farming,medium,masonry,1018.0,564829.0,65,0,1,6.9,0,0.0,0.0
SYN-005501,0.87,crop_farming,high,masonry,1155.0,501156.0,57,0,0,5.1,0,0.0,0.0
SYN-005502,0.795,livestock,low,masonry,1904.0,536764.0,60,1,0,2.9,0,0.0,0.0
SYN-005503,0.77,crop_farming,medium,mixed,1596.0,608681.0,55,0,1,10.3,1,18713.54,18713.54
SYN-005504,0.661,mixed_farming,low,mixed,4729.0,1886734.0,5,0,1,3.3,0,0.0,0.0
SYN-005505,0.504,mixed_farming,low,masonry,1329.0,500575.0,15,0,1,2.2,0,0.0,0.0
SYN-005506,0.783,livestock,medium,masonry,783.0,362943.0,42,0,0,1.7,0,0.0,0.0
SYN-005507,0.652,crop_farming,low,masonry,1088.0,446230.0,57,0,0,10.6,0,0.0,0.0
SYN-005508,0.583,livestock,medium,mixed,1754.0,650662.0,61,0,1,3.1,0,0.0,0.0
SYN-005509,0.796,mixed_farming,low,mixed,2327.0,843229.0,65,1,1,3.9,0,0.0,0.0
SYN-005510,0.627,mixed_farming,high,wood,2899.0,1329306.0,53,0,0,14.2,0,0.0,0.0
SYN-005511,0.501,crop_farming,medium,wood,626.0,211068.0,4,0,1,1.5,1,15174.58,15174.58
SYN-005512,0.69,livestock,medium,masonry,2786.0,1620099.0,46,0,0,5.8,0,0.0,0.0
SYN-005513,0.574,livestock,medium,wood,1176.0,339658.0,57,0,0,4.1,0,0.0,0.0
SYN-005514,0.84,livestock,medium,masonry,663.0,231279.0,74,0,0,13.3,1,6742.93,6742.93
SYN-005515,0.428,crop_farming,low,mixed,1062.0,570147.0,49,1,1,5.4,0,0.0,0.0
SYN-005516,0.912,viticulture,high,masonry,2662.0,926816.0,45,0,1,3.9,0,0.0,0.0
SYN-005517,0.677,crop_farming,low,mixed,1631.0,594556.0,13,1,0,6.2,0,0.0,0.0
SYN-005518,0.41,crop_farming,low,mixed,551.0,276558.0,68,0,1,7.6,0,0.0,0.0
SYN-005519,0.48,crop_farming,medium,masonry,554.0,280103.0,33,0,0,1.8,0,0.0,0.0
SYN-005520,0.967,livestock,medium,wood,544.0,394712.0,71,0,1,4.0,0,0.0,0.0
SYN-005521,0.722,livestock,medium,wood,753.0,415989.0,15,1,1,13.4,0,0.0,0.0
SYN-005522,0.861,crop_farming,high,wood,1275.0,392424.0,63,0,0,5.6,0,0.0,0.0
SYN-005523,0.93,livestock,medium,masonry,583.0,330331.0,24,1,0,15.1,0,0.0,0.0
SYN-005524,0.592,mixed_farming,low,wood,917.0,430017.0,12,0,0,19.6,0,0.0,0.0
SYN-005525,0.728,crop_farming,low,mixed,3015.0,1408521.0,74,0,0,15.3,0,0.0,0.0
SYN-005526,0.79,viticulture,low,mixed,3469.0,1508666.0,63,1,0,16.3,0,0.0,0.0
SYN-005527,0.905,livestock,medium,masonry,3320.0,1917072.0,70,1,1,7.6,0,0.0,0.0
SYN-005528,0.652,crop_farming,low,mixed,377.0,203601.0,63,1,0,3.2,0,0.0,0.0
SYN-005529,0.971,viticulture,medium,mixed,3597.0,1716967.0,47,0,0,14.1,0,0.0,0.0
SYN-005530,0.764,mixed_farming,medium,mixed,1286.0,726721.0,54,0,0,17.3,0,0.0,0.0
SYN-005531,0.924,livestock,medium,wood,1275.0,681182.0,5,0,1,9.9,0,0.0,0.0
SYN-005532,0.45,mixed_farming,low,masonry,2366.0,1163500.0,30,0,0,4.9,0,0.0,0.0
SYN-005533,0.678,livestock,low,mixed,1915.0,629302.0,27,0,1,5.0,0,0.0,0.0
SYN-005534,0.508,livestock,high,masonry,360.0,213334.0,24,0,1,16.7,0,0.0,0.0
SYN-005535,0.947,mixed_farming,medium,masonry,814.0,384606.0,29,0,0,2.6,0,0.0,0.0
SYN-005536,0.541,mixed_farming,medium,masonry,955.0,525306.0,53,0,1,1.1,0,0.0,0.0
SYN-005537,0.828,crop_farming,medium,masonry,510.0,286828.0,50,0,1,10.4,0,0.0,0.0
SYN-005538,0.438,mixed_farming,high,masonry,2317.0,760512.0,59,0,1,7.1,0,0.0,0.0
SYN-005539,0.521,livestock,low,masonry,3088.0,918550.0,35,0,1,13.6,0,0.0,0.0
SYN-005540,0.592,crop_farming,high,masonry,1204.0,389792.0,74,0,1,8.1,0,0.0,0.0
SYN-005541,0.869,viticulture,low,mixed,1472.0,553243.0,42,0,1,10.6,0,0.0,0.0
SYN-005542,0.551,livestock,high,masonry,1203.0,607215.0,28,0,0,13.8,0,0.0,0.0
SYN-005543,0.89,mixed_farming,low,masonry,1293.0,399090.0,72,0,1,12.7,1,14127.65,14127.65
SYN-005544,0.873,mixed_farming,low,masonry,2506.0,737172.0,24,0,1,8.6,0,0.0,0.0
SYN-005545,0.995,livestock,low,masonry,385.0,133275.0,67,0,1,21.0,0,0.0,0.0
SYN-005546,0.806,crop_farming,high,masonry,1662.0,925308.0,60,0,1,17.8,0,0.0,0.0
SYN-005547,0.782,viticulture,high,wood,1221.0,467343.0,77,0,1,15.7,0,0.0,0.0
SYN-005548,0.761,mixed_farming,low,mixed,762.0,266250.0,79,0,1,6.7,0,0.0,0.0
SYN-005549,0.466,mixed_farming,low,masonry,874.0,412536.0,11,0,0,6.1,0,0.0,0.0
SYN-005550,0.708,livestock,low,masonry,3988.0,914313.0,24,0,0,2.6,0,0.0,0.0
SYN-005551,0.911,crop_farming,low,masonry,511.0,272940.0,40,2,0,10.8,0,0.0,0.0
SYN-005552,0.413,crop_farming,medium,mixed,1086.0,568553.0,22,1,0,7.2,0,0.0,0.0
SYN-005553,0.476,livestock,low,wood,3495.0,944434.0,13,0,1,21.3,0,0.0,0.0
SYN-005554,0.76,crop_farming,high,masonry,531.0,267940.0,72,0,1,19.1,0,0.0,0.0
SYN-005555,0.908,mixed_farming,high,masonry,901.0,667221.0,1,0,0,3.3,0,0.0,0.0
SYN-005556,0.584,mixed_farming,low,mixed,1246.0,361214.0,22,2,1,1.8,0,0.0,0.0
SYN-005557,0.923,livestock,medium,masonry,1585.0,488904.0,69,1,0,4.0,0,0.0,0.0
SYN-005558,0.603,livestock,high,masonry,1150.0,356724.0,34,0,1,22.4,0,0.0,0.0
SYN-005559,0.679,mixed_farming,high,mixed,677.0,310177.0,22,0,1,28.9,0,0.0,0.0
SYN-005560,0.972,crop_farming,medium,mixed,1621.0,574783.0,80,0,1,12.7,1,5116.35,5116.35
SYN-005561,0.651,viticulture,low,masonry,1135.0,590431.0,54,0,1,13.4,0,0.0,0.0
SYN-005562,0.76,livestock,low,mixed,1823.0,557910.0,65,0,1,2.6,0,0.0,0.0
SYN-005563,0.961,crop_farming,medium,masonry,2209.0,1172938.0,29,0,1,8.1,0,0.0,0.0
SYN-005564,0.559,crop_farming,medium,masonry,461.0,221039.0,20,0,1,22.2,0,0.0,0.0
SYN-005565,0.455,viticulture,medium,mixed,2372.0,984240.0,35,1,1,4.4,0,0.0,0.0
SYN-005566,0.975,crop_farming,medium,mixed,1027.0,695017.0,77,0,1,11.8,0,0.0,0.0
SYN-005567,0.736,mixed_farming,medium,mixed,2072.0,997184.0,48,0,1,13.4,0,0.0,0.0
SYN-005568,0.98,crop_farming,low,mixed,1671.0,896022.0,68,0,0,4.1,0,0.0,0.0
SYN-005569,0.92,crop_farming,medium,mixed,4045.0,886314.0,76,1,1,11.0,0,0.0,0.0
SYN-005570,0.757,mixed_farming,high,wood,1217.0,459547.0,78,0,1,1.5,0,0.0,0.0
SYN-005571,0.683,crop_farming,low,mixed,932.0,262626.0,76,2,1,5.6,0,0.0,0.0
SYN-005572,0.688,crop_farming,low,masonry,868.0,352367.0,33,0,0,6.3,0,0.0,0.0
SYN-005573,0.5,livestock,high,mixed,618.0,181478.0,76,0,1,6.2,1,5248.46,5248.46
SYN-005574,0.672,mixed_farming,medium,masonry,2049.0,915183.0,54,0,1,6.2,0,0.0,0.0
SYN-005575,0.893,livestock,medium,mixed,592.0,197197.0,73,0,1,17.2,0,0.0,0.0
SYN-005576,0.993,crop_farming,high,masonry,2038.0,1113638.0,31,0,0,5.3,0,0.0,0.0
SYN-005577,0.976,viticulture,medium,masonry,1048.0,497500.0,1,0,1,37.9,1,8201.88,8201.88
SYN-005578,0.977,mixed_farming,high,mixed,385.0,182236.0,36,1,0,5.9,0,0.0,0.0
SYN-005579,0.411,mixed_farming,high,mixed,3189.0,1163826.0,24,1,1,2.7,0,0.0,0.0
SYN-005580,0.709,mixed_farming,low,masonry,150.0,100461.0,54,0,0,4.7,0,0.0,0.0
SYN-005581,0.52,mixed_farming,medium,masonry,1149.0,300158.0,50,0,1,14.7,0,0.0,0.0
SYN-005582,0.769,livestock,low,mixed,1411.0,485312.0,34,0,1,8.2,0,0.0,0.0
SYN-005583,0.968,livestock,medium,wood,271.0,113426.0,54,0,1,9.5,0,0.0,0.0
SYN-005584,0.926,mixed_farming,medium,masonry,1615.0,571336.0,34,0,1,5.6,0,0.0,0.0
SYN-005585,0.92,mixed_farming,medium,masonry,784.0,404431.0,59,0,1,2.3,0,0.0,0.0
SYN-005586,0.619,viticulture,high,masonry,1031.0,338998.0,44,0,1,1.0,0,0.0,0.0
SYN-005587,0.701,livestock,medium,masonry,2901.0,976078.0,23,0,1,4.2,0,0.0,0.0
SYN-005588,0.569,crop_farming,medium,masonry,1330.0,626653.0,9,0,1,6.4,0,0.0,0.0
SYN-005589,0.732,livestock,medium,wood,965.0,409816.0,9,1,1,6.1,0,0.0,0.0
SYN-005590,0.582,mixed_farming,medium,masonry,1085.0,391023.0,79,1,0,5.1,0,0.0,0.0
SYN-005591,0.885,livestock,low,masonry,3845.0,911509.0,63,0,1,7.1,0,0.0,0.0
SYN-005592,0.679,mixed_farming,medium,masonry,1577.0,388006.0,67,1,0,14.2,0,0.0,0.0
SYN-005593,0.82,mixed_farming,medium,masonry,682.0,300538.0,52,0,1,5.0,0,0.0,0.0
SYN-005594,0.924,crop_farming,low,masonry,882.0,387656.0,39,0,0,11.4,0,0.0,0.0
SYN-005595,0.58,livestock,medium,masonry,559.0,284345.0,67,0,1,6.8,0,0.0,0.0
SYN-005596,0.773,mixed_farming,medium,masonry,904.0,329877.0,61,0,1,24.1,0,0.0,0.0
SYN-005597,0.907,viticulture,low,mixed,3447.0,1763698.0,21,0,1,10.2,0,0.0,0.0
SYN-005598,0.97,livestock,high,masonry,1088.0,579400.0,80,1,1,2.6,0,0.0,0.0
SYN-005599,0.498,livestock,low,mixed,508.0,235589.0,10,0,0,5.6,0,0.0,0.0
SYN-005600,0.809,livestock,medium,wood,1604.0,932331.0,42,0,0,8.2,0,0.0,0.0
SYN-005601,0.661,livestock,medium,masonry,939.0,559623.0,10,0,1,11.6,0,0.0,0.0
SYN-005602,0.571,crop_farming,low,masonry,1746.0,713770.0,58,0,1,8.4,0,0.0,0.0
SYN-005603,0.495,mixed_farming,medium,wood,1035.0,269094.0,31,0,1,3.0,0,0.0,0.0
SYN-005604,0.751,viticulture,low,masonry,3101.0,1330889.0,7,0,1,5.4,0,0.0,0.0
SYN-005605,0.6,livestock,low,masonry,671.0,370174.0,65,0,1,8.2,0,0.0,0.0
SYN-005606,0.801,livestock,medium,mixed,568.0,374689.0,77,1,1,13.1,0,0.0,0.0
SYN-005607,0.569,crop_farming,low,mixed,2229.0,695107.0,29,1,0,22.2,0,0.0,0.0
SYN-005608,0.4,mixed_farming,high,wood,330.0,245524.0,14,0,1,12.0,0,0.0,0.0
SYN-005609,0.86,livestock,medium,masonry,1084.0,519379.0,25,0,1,14.0,0,0.0,0.0
SYN-005610,0.497,mixed_farming,low,masonry,2039.0,818380.0,65,0,1,4.0,0,0.0,0.0
SYN-005611,0.552,crop_farming,high,masonry,291.0,98288.0,69,1,1,14.2,0,0.0,0.0
SYN-005612,0.541,mixed_farming,medium,masonry,1264.0,694186.0,40,0,1,12.7,0,0.0,0.0
SYN-005613,0.605,crop_farming,medium,masonry,458.0,360414.0,44,0,1,8.6,0,0.0,0.0
SYN-005614,0.691,mixed_farming,medium,masonry,365.0,309773.0,52,0,1,17.0,0,0.0,0.0
SYN-005615,0.887,mixed_farming,high,masonry,606.0,187918.0,30,0,1,8.7,0,0.0,0.0
SYN-005616,0.79,crop_farming,low,masonry,1076.0,320209.0,48,0,1,8.2,0,0.0,0.0
SYN-005617,0.488,livestock,low,masonry,766.0,348864.0,5,0,1,7.5,0,0.0,0.0
SYN-005618,0.51,mixed_farming,high,masonry,2489.0,1182235.0,34,0,1,13.9,0,0.0,0.0
SYN-005619,0.908,mixed_farming,low,mixed,1279.0,536341.0,59,0,1,4.8,0,0.0,0.0
SYN-005620,0.55,crop_farming,medium,masonry,882.0,282815.0,77,0,1,9.2,0,0.0,0.0
SYN-005621,0.531,livestock,medium,mixed,517.0,305981.0,72,1,1,16.0,0,0.0,0.0
SYN-005622,0.402,livestock,medium,masonry,1402.0,489117.0,25,0,0,3.0,0,0.0,0.0
SYN-005623,0.864,mixed_farming,medium,masonry,4621.0,2447745.0,17,0,1,6.6,0,0.0,0.0
SYN-005624,0.843,mixed_farming,high,wood,767.0,299324.0,19,1,0,4.8,1,19914.89,19914.89
SYN-005625,0.609,crop_farming,low,wood,828.0,453201.0,18,1,0,5.8,1,2459.0,2459.0
SYN-005626,0.404,mixed_farming,medium,masonry,608.0,204780.0,72,0,1,3.4,0,0.0,0.0
SYN-005627,0.871,mixed_farming,medium,masonry,2617.0,780941.0,3,1,1,3.1,0,0.0,0.0
SYN-005628,0.46,mixed_farming,low,wood,2214.0,1327631.0,24,1,1,4.9,0,0.0,0.0
SYN-005629,0.676,crop_farming,high,masonry,907.0,546606.0,52,1,1,2.4,0,0.0,0.0
SYN-005630,0.904,livestock,medium,masonry,821.0,437460.0,9,0,1,5.4,0,0.0,0.0
SYN-005631,0.547,livestock,low,masonry,656.0,307704.0,31,0,1,19.5,0,0.0,0.0
SYN-005632,0.628,crop_farming,high,masonry,1004.0,275583.0,13,0,1,1.2,0,0.0,0.0
SYN-005633,0.797,livestock,high,mixed,2352.0,1127728.0,23,0,1,9.3,0,0.0,0.0
SYN-005634,0.804,crop_farming,low,mixed,1245.0,376743.0,29,0,1,3.1,0,0.0,0.0
SYN-005635,0.678,crop_farming,medium,masonry,2799.0,964537.0,54,0,0,5.3,0,0.0,0.0
SYN-005636,0.66,mixed_farming,low,masonry,759.0,288857.0,71,0,1,3.6,0,0.0,0.0
SYN-005637,0.652,crop_farming,low,masonry,270.0,191737.0,79,0,1,2.7,0,0.0,0.0
SYN-005638,0.692,mixed_farming,low,mixed,6591.0,2301782.0,54,0,0,6.5,0,0.0,0.0
SYN-005639,0.608,crop_farming,high,wood,1393.0,821876.0,59,0,0,3.7,0,0.0,0.0
SYN-005640,0.554,livestock,low,masonry,2010.0,1093154.0,11,0,1,12.5,0,0.0,0.0
SYN-005641,0.59,livestock,low,mixed,726.0,477402.0,51,0,0,4.6,0,0.0,0.0
SYN-005642,0.687,mixed_farming,medium,masonry,500.0,212130.0,43,0,0,30.5,0,0.0,0.0
SYN-005643,0.629,mixed_farming,medium,mixed,1340.0,466280.0,79,0,1,5.7,0,0.0,0.0
SYN-005644,0.751,livestock,low,masonry,332.0,249219.0,50,0,1,9.9,0,0.0,0.0
SYN-005645,0.779,mixed_farming,low,masonry,1019.0,345145.0,64,0,0,14.1,0,0.0,0.0
SYN-005646,0.998,crop_farming,medium,masonry,2355.0,1280535.0,65,0,0,6.3,0,0.0,0.0
SYN-005647,0.769,mixed_farming,medium,mixed,1622.0,446271.0,10,0,1,12.0,0,0.0,0.0
SYN-005648,0.841,crop_farming,medium,masonry,1430.0,700478.0,46,0,0,4.5,0,0.0,0.0
SYN-005649,0.459,livestock,low,masonry,3765.0,1822254.0,72,0,1,5.2,0,0.0,0.0
SYN-005650,0.856,crop_farming,medium,wood,1547.0,719232.0,28,0,1,10.1,0,0.0,0.0
SYN-005651,0.705,mixed_farming,medium,mixed,351.0,231774.0,64,0,1,7.1,0,0.0,0.0
SYN-005652,0.92,livestock,low,masonry,1100.0,297589.0,80,0,1,15.7,0,0.0,0.0
SYN-005653,0.983,mixed_farming,low,masonry,4236.0,1640412.0,79,1,1,6.8,0,0.0,0.0
SYN-005654,0.538,livestock,medium,mixed,991.0,382761.0,21,0,1,24.6,0,0.0,0.0
SYN-005655,0.957,crop_farming,low,masonry,4071.0,2149955.0,27,0,1,11.2,0,0.0,0.0
SYN-005656,0.803,crop_farming,low,masonry,2358.0,911874.0,78,0,1,20.5,0,0.0,0.0
SYN-005657,0.843,viticulture,high,masonry,929.0,263992.0,32,1,1,3.1,0,0.0,0.0
SYN-005658,0.683,mixed_farming,medium,masonry,600.0,198523.0,17,0,1,5.3,0,0.0,0.0
SYN-005659,0.613,crop_farming,medium,mixed,1512.0,786956.0,50,1,1,5.8,0,0.0,0.0
SYN-005660,0.88,mixed_farming,low,mixed,2768.0,1368058.0,42,0,1,6.7,0,0.0,0.0
SYN-005661,0.413,livestock,medium,masonry,434.0,280261.0,1,0,1,7.4,0,0.0,0.0
SYN-005662,0.724,crop_farming,medium,wood,1311.0,353510.0,9,1,0,36.5,0,0.0,0.0
SYN-005663,0.444,livestock,high,mixed,322.0,149558.0,50,0,1,14.1,0,0.0,0.0
SYN-005664,0.553,crop_farming,medium,mixed,972.0,417311.0,72,1,1,3.0,0,0.0,0.0
SYN-005665,0.835,crop_farming,medium,masonry,413.0,208545.0,53,0,1,20.0,0,0.0,0.0
SYN-005666,0.853,mixed_farming,low,masonry,1747.0,894472.0,40,0,0,5.5,0,0.0,0.0
SYN-005667,0.933,crop_farming,medium,mixed,774.0,292634.0,80,0,1,7.0,0,0.0,0.0
SYN-005668,0.829,mixed_farming,high,mixed,2573.0,1005772.0,71,0,1,5.2,0,0.0,0.0
SYN-005669,0.805,mixed_farming,medium,masonry,853.0,304276.0,31,0,0,10.8,0,0.0,0.0
SYN-005670,0.967,mixed_farming,medium,masonry,804.0,337101.0,66,0,1,2.7,0,0.0,0.0
SYN-005671,0.722,mixed_farming,high,masonry,424.0,165058.0,73,0,1,27.4,0,0.0,0.0
SYN-005672,0.792,mixed_farming,high,masonry,1563.0,608797.0,16,1,1,4.3,1,48870.79,48870.79
SYN-005673,0.921,livestock,low,masonry,1669.0,534060.0,50,0,1,7.2,0,0.0,0.0
SYN-005674,0.858,livestock,low,masonry,2232.0,725537.0,5,1,1,4.6,0,0.0,0.0
SYN-005675,0.862,livestock,medium,masonry,1855.0,822750.0,45,0,0,2.0,0,0.0,0.0
SYN-005676,0.722,viticulture,high,wood,1573.0,661798.0,74,0,1,1.5,1,46297.18,46297.18
SYN-005677,0.717,crop_farming,medium,mixed,1785.0,901428.0,72,0,1,13.4,0,0.0,0.0
SYN-005678,0.789,livestock,low,masonry,1906.0,659529.0,45,0,1,9.9,0,0.0,0.0
SYN-005679,0.82,mixed_farming,medium,masonry,2186.0,1029972.0,48,0,1,5.5,0,0.0,0.0
SYN-005680,0.728,livestock,low,masonry,449.0,292112.0,69,0,0,9.8,0,0.0,0.0
SYN-005681,0.511,mixed_farming,low,masonry,898.0,391866.0,1,1,1,4.0,0,0.0,0.0
SYN-005682,0.549,livestock,low,mixed,422.0,264193.0,56,0,0,5.1,0,0.0,0.0
SYN-005683,0.696,crop_farming,low,masonry,1504.0,977331.0,26,0,0,3.6,0,0.0,0.0
SYN-005684,0.522,mixed_farming,medium,wood,3496.0,1604096.0,62,0,0,2.5,0,0.0,0.0
SYN-005685,0.654,livestock,low,masonry,2170.0,564605.0,10,0,1,3.4,0,0.0,0.0
SYN-005686,0.488,crop_farming,low,wood,817.0,281627.0,39,0,1,3.3,0,0.0,0.0
SYN-005687,0.488,crop_farming,medium,mixed,1683.0,566310.0,61,0,1,9.5,0,0.0,0.0
SYN-005688,0.906,crop_farming,low,mixed,1521.0,747751.0,59,0,1,7.1,0,0.0,0.0
SYN-005689,0.725,mixed_farming,medium,wood,1410.0,696247.0,60,0,1,5.9,0,0.0,0.0
SYN-005690,0.868,mixed_farming,low,masonry,519.0,182523.0,74,0,0,8.5,0,0.0,0.0
SYN-005691,0.407,livestock,low,masonry,2849.0,1013499.0,29,0,1,4.2,0,0.0,0.0
SYN-005692,0.571,crop_farming,medium,masonry,564.0,538787.0,57,0,0,2.8,0,0.0,0.0
SYN-005693,0.411,livestock,low,mixed,955.0,464399.0,65,1,1,4.0,0,0.0,0.0
SYN-005694,0.402,mixed_farming,low,wood,2261.0,721366.0,75,0,1,8.0,0,0.0,0.0
SYN-005695,0.419,mixed_farming,low,masonry,951.0,414680.0,18,1,1,4.3,0,0.0,0.0
SYN-005696,0.713,crop_farming,low,mixed,1276.0,549466.0,20,0,0,7.1,0,0.0,0.0
SYN-005697,0.454,crop_farming,low,masonry,1310.0,456624.0,35,0,1,6.3,0,0.0,0.0
SYN-005698,0.879,viticulture,low,masonry,1265.0,576252.0,65,1,0,5.2,0,0.0,0.0
SYN-005699,0.71,mixed_farming,low,mixed,1306.0,667593.0,71,0,0,1.9,0,0.0,0.0
SYN-005700,0.547,crop_farming,low,masonry,1393.0,606489.0,43,0,1,4.6,0,0.0,0.0
SYN-005701,0.903,mixed_farming,high,masonry,1272.0,620676.0,59,0,1,8.7,0,0.0,0.0
SYN-005702,0.706,crop_farming,low,mixed,677.0,455628.0,5,0,1,13.1,0,0.0,0.0
SYN-005703,0.61,crop_farming,low,masonry,443.0,213141.0,61,0,0,12.6,0,0.0,0.0
SYN-005704,0.741,mixed_farming,medium,masonry,2319.0,1173864.0,52,0,0,11.8,0,0.0,0.0
SYN-005705,0.804,livestock,low,masonry,2389.0,1072810.0,27,0,1,2.5,0,0.0,0.0
SYN-005706,0.735,livestock,medium,masonry,1509.0,537345.0,51,0,0,16.0,0,0.0,0.0
SYN-005707,0.96,viticulture,low,mixed,1501.0,808336.0,76,1,0,3.7,0,0.0,0.0
SYN-005708,0.612,mixed_farming,medium,wood,669.0,313813.0,80,0,1,4.9,0,0.0,0.0
SYN-005709,0.646,crop_farming,high,masonry,248.0,174973.0,52,0,1,7.9,1,6403.91,6403.91
SYN-005710,0.915,mixed_farming,low,mixed,1031.0,646196.0,52,0,1,15.0,0,0.0,0.0
SYN-005711,0.782,mixed_farming,low,mixed,353.0,170048.0,53,0,1,3.4,0,0.0,0.0
SYN-005712,0.98,livestock,medium,mixed,1366.0,583448.0,11,1,1,35.8,0,0.0,0.0
SYN-005713,0.875,viticulture,high,mixed,2829.0,929851.0,28,0,0,6.5,0,0.0,0.0
SYN-005714,0.708,mixed_farming,medium,masonry,812.0,388781.0,80,0,1,6.4,0,0.0,0.0
SYN-005715,0.781,crop_farming,medium,mixed,843.0,357182.0,6,0,0,7.4,0,0.0,0.0
SYN-005716,0.644,crop_farming,low,masonry,630.0,444315.0,26,0,0,12.8,0,0.0,0.0
SYN-005717,0.477,mixed_farming,medium,masonry,1247.0,570213.0,73,0,1,11.7,0,0.0,0.0
SYN-005718,0.644,viticulture,low,masonry,1186.0,656686.0,56,0,0,3.0,0,0.0,0.0
SYN-005719,0.569,crop_farming,medium,masonry,625.0,257386.0,32,0,0,10.1,0,0.0,0.0
SYN-005720,0.807,crop_farming,low,masonry,2193.0,825995.0,48,1,1,10.3,0,0.0,0.0
SYN-005721,0.802,mixed_farming,medium,wood,7020.0,3287937.0,61,0,1,16.9,0,0.0,0.0
SYN-005722,0.962,crop_farming,low,masonry,2627.0,792561.0,29,2,1,1.3,1,10389.72,10389.72
SYN-005723,0.448,crop_farming,medium,masonry,1128.0,639035.0,75,0,0,18.1,0,0.0,0.0
SYN-005724,0.681,mixed_farming,medium,wood,1119.0,539077.0,33,0,0,15.5,0,0.0,0.0
SYN-005725,0.639,mixed_farming,high,masonry,868.0,488356.0,71,0,1,14.5,0,0.0,0.0
SYN-005726,0.716,mixed_farming,high,masonry,856.0,357731.0,53,0,1,20.5,0,0.0,0.0
SYN-005727,0.472,mixed_farming,medium,mixed,2259.0,833639.0,4,0,1,15.9,0,0.0,0.0
SYN-005728,0.695,livestock,medium,wood,2324.0,752157.0,70,0,0,10.8,0,0.0,0.0
SYN-005729,0.794,viticulture,low,mixed,567.0,315913.0,10,0,1,6.5,0,0.0,0.0
SYN-005730,0.588,crop_farming,high,masonry,1538.0,442639.0,76,0,1,2.9,0,0.0,0.0
SYN-005731,0.79,crop_farming,medium,masonry,2495.0,1201853.0,2,0,0,3.7,1,18734.62,18734.62
SYN-005732,0.559,mixed_farming,medium,mixed,965.0,427406.0,80,0,1,18.7,0,0.0,0.0
SYN-005733,0.622,mixed_farming,medium,wood,1056.0,594920.0,38,1,1,5.7,1,6519.95,6519.95
SYN-005734,0.944,mixed_farming,medium,masonry,1905.0,1012186.0,10,0,1,6.5,0,0.0,0.0
SYN-005735,0.415,crop_farming,high,wood,1941.0,959435.0,17,0,1,9.7,1,12444.43,12444.43
SYN-005736,0.564,viticulture,high,mixed,1602.0,541675.0,16,0,0,5.8,0,0.0,0.0
SYN-005737,0.961,mixed_farming,medium,masonry,1430.0,697016.0,44,0,0,9.4,0,0.0,0.0
SYN-005738,0.488,mixed_farming,medium,masonry,1560.0,661320.0,17,0,1,6.3,0,0.0,0.0
SYN-005739,0.638,viticulture,high,masonry,1012.0,602990.0,64,0,1,8.1,0,0.0,0.0
SYN-005740,0.672,livestock,medium,wood,586.0,226147.0,78,0,0,9.5,0,0.0,0.0
SYN-005741,0.792,mixed_farming,medium,masonry,441.0,267333.0,24,0,1,4.6,0,0.0,0.0
SYN-005742,0.767,mixed_farming,medium,mixed,1785.0,692287.0,8,0,0,9.6,0,0.0,0.0
SYN-005743,0.776,mixed_farming,medium,masonry,1300.0,662568.0,5,0,0,5.7,0,0.0,0.0
SYN-005744,0.964,mixed_farming,medium,mixed,1630.0,619082.0,56,0,0,21.9,0,0.0,0.0
SYN-005745,0.636,mixed_farming,medium,masonry,707.0,341282.0,61,0,0,1.2,0,0.0,0.0
SYN-005746,0.694,crop_farming,high,wood,1296.0,333525.0,77,0,0,16.0,0,0.0,0.0
SYN-005747,0.978,crop_farming,high,masonry,1276.0,386748.0,11,0,0,5.8,0,0.0,0.0
SYN-005748,0.477,viticulture,medium,mixed,2783.0,1434798.0,47,0,0,12.4,0,0.0,0.0
SYN-005749,0.969,viticulture,low,mixed,2108.0,995077.0,16,0,1,6.3,0,0.0,0.0
SYN-005750,0.969,viticulture,medium,masonry,749.0,295202.0,1,0,1,10.9,0,0.0,0.0
SYN-005751,0.972,crop_farming,medium,wood,1682.0,744496.0,35,0,0,9.6,0,0.0,0.0
SYN-005752,0.44,livestock,medium,masonry,746.0,369574.0,6,0,1,6.4,0,0.0,0.0
SYN-005753,0.747,mixed_farming,high,wood,222.0,162490.0,13,0,1,3.8,1,16443.56,16443.56
SYN-005754,0.903,mixed_farming,low,masonry,3721.0,1350255.0,57,0,0,1.8,0,0.0,0.0
SYN-005755,0.588,crop_farming,low,mixed,950.0,485100.0,18,0,1,10.0,0,0.0,0.0
SYN-005756,0.754,mixed_farming,high,wood,2382.0,791567.0,32,0,1,13.0,0,0.0,0.0
SYN-005757,0.554,crop_farming,high,wood,788.0,352120.0,77,0,1,1.9,0,0.0,0.0
SYN-005758,0.478,livestock,medium,masonry,717.0,340358.0,41,1,1,7.4,0,0.0,0.0
SYN-005759,0.911,crop_farming,low,masonry,850.0,523505.0,12,1,0,2.9,0,0.0,0.0
SYN-005760,0.989,crop_farming,medium,mixed,1428.0,506729.0,4,0,1,11.8,0,0.0,0.0
SYN-005761,0.442,crop_farming,medium,masonry,1359.0,392765.0,33,0,1,1.3,0,0.0,0.0
SYN-005762,0.473,viticulture,medium,wood,1675.0,898306.0,72,0,1,3.9,0,0.0,0.0
SYN-005763,0.753,mixed_farming,low,masonry,878.0,442125.0,3,0,1,5.8,0,0.0,0.0
SYN-005764,0.452,viticulture,low,masonry,1244.0,675687.0,73,1,1,8.3,0,0.0,0.0
SYN-005765,0.779,livestock,medium,mixed,701.0,379859.0,39,0,1,7.3,0,0.0,0.0
SYN-005766,0.832,livestock,medium,masonry,3150.0,775132.0,49,0,1,16.2,0,0.0,0.0
SYN-005767,0.649,livestock,medium,masonry,516.0,371014.0,44,0,0,18.3,0,0.0,0.0
SYN-005768,0.854,mixed_farming,medium,masonry,710.0,291380.0,39,0,1,13.2,0,0.0,0.0
SYN-005769,0.468,livestock,low,wood,920.0,308770.0,25,0,1,5.9,0,0.0,0.0
SYN-005770,0.581,mixed_farming,medium,mixed,5726.0,1817926.0,32,1,0,7.8,1,22017.81,22017.81
SYN-005771,0.885,mixed_farming,high,wood,1995.0,557477.0,59,0,1,5.2,0,0.0,0.0
SYN-005772,0.453,mixed_farming,medium,masonry,696.0,264089.0,16,0,1,6.4,0,0.0,0.0
SYN-005773,0.571,crop_farming,medium,masonry,2068.0,608271.0,64,0,1,17.7,0,0.0,0.0
SYN-005774,0.773,livestock,medium,masonry,1695.0,788131.0,76,0,0,21.2,1,3437.63,3437.63
SYN-005775,0.548,crop_farming,high,masonry,1448.0,840215.0,41,1,1,14.5,0,0.0,0.0
SYN-005776,0.689,crop_farming,medium,masonry,1905.0,689721.0,40,0,1,9.5,0,0.0,0.0
SYN-005777,0.902,mixed_farming,medium,masonry,1259.0,353717.0,65,0,1,7.9,0,0.0,0.0
SYN-005778,0.562,livestock,high,masonry,1354.0,391503.0,9,0,1,8.9,0,0.0,0.0
SYN-005779,0.662,mixed_farming,low,mixed,442.0,213525.0,63,0,1,8.1,0,0.0,0.0
SYN-005780,0.411,crop_farming,medium,masonry,3096.0,1408680.0,64,0,1,14.5,0,0.0,0.0
SYN-005781,0.825,viticulture,medium,masonry,906.0,479665.0,28,0,0,10.1,0,0.0,0.0
SYN-005782,0.613,viticulture,high,masonry,542.0,297065.0,78,0,1,7.0,0,0.0,0.0
SYN-005783,0.916,livestock,medium,masonry,873.0,747296.0,40,0,1,12.5,0,0.0,0.0
SYN-005784,0.453,mixed_farming,low,mixed,896.0,418184.0,23,0,0,7.5,0,0.0,0.0
SYN-005785,0.869,crop_farming,high,mixed,720.0,256914.0,21,0,1,4.6,0,0.0,0.0
SYN-005786,0.888,mixed_farming,medium,mixed,2009.0,1021827.0,55,0,1,4.1,0,0.0,0.0
SYN-005787,0.866,mixed_farming,medium,masonry,2283.0,899906.0,74,0,1,1.9,0,0.0,0.0
SYN-005788,0.841,mixed_farming,low,masonry,339.0,143949.0,80,0,1,29.2,0,0.0,0.0
SYN-005789,0.543,mixed_farming,low,mixed,867.0,381494.0,73,0,1,10.6,0,0.0,0.0
SYN-005790,0.65,livestock,medium,wood,909.0,437249.0,10,0,0,9.2,0,0.0,0.0
SYN-005791,0.632,mixed_farming,medium,masonry,1084.0,638073.0,58,0,1,2.9,0,0.0,0.0
SYN-005792,0.545,mixed_farming,high,masonry,3674.0,1242455.0,66,0,1,3.4,0,0.0,0.0
SYN-005793,0.695,crop_farming,low,mixed,714.0,372497.0,18,0,1,9.1,0,0.0,0.0
SYN-005794,0.819,crop_farming,medium,wood,3346.0,1535920.0,40,0,0,6.6,0,0.0,0.0
SYN-005795,0.687,mixed_farming,low,masonry,1102.0,542480.0,5,2,1,2.9,0,0.0,0.0
SYN-005796,0.985,mixed_farming,medium,masonry,3366.0,1127731.0,54,0,1,3.7,0,0.0,0.0
SYN-005797,0.825,livestock,low,mixed,990.0,301558.0,48,0,1,5.1,0,0.0,0.0
SYN-005798,0.666,viticulture,medium,mixed,918.0,494023.0,15,1,1,9.0,0,0.0,0.0
SYN-005799,0.642,mixed_farming,low,masonry,1194.0,594466.0,15,0,1,4.8,0,0.0,0.0
SYN-005800,0.75,livestock,medium,masonry,2807.0,1481141.0,18,0,1,5.6,0,0.0,0.0
SYN-005801,0.659,livestock,low,mixed,1343.0,583104.0,51,0,0,1.4,0,0.0,0.0
SYN-005802,0.533,mixed_farming,medium,mixed,1389.0,630651.0,45,0,0,9.0,0,0.0,0.0
SYN-005803,0.713,mixed_farming,low,mixed,1833.0,994561.0,42,1,1,4.6,0,0.0,0.0
SYN-005804,0.804,livestock,medium,masonry,684.0,333618.0,21,0,1,17.7,0,0.0,0.0
SYN-005805,0.615,livestock,medium,masonry,1508.0,543552.0,64,0,1,16.8,0,0.0,0.0
SYN-005806,0.57,mixed_farming,low,mixed,806.0,420317.0,48,1,1,9.4,0,0.0,0.0
SYN-005807,0.53,mixed_farming,low,masonry,3154.0,972233.0,25,0,1,11.6,0,0.0,0.0
SYN-005808,0.618,mixed_farming,low,masonry,1591.0,692299.0,8,0,1,19.2,0,0.0,0.0
SYN-005809,0.547,crop_farming,medium,masonry,1901.0,628689.0,69,0,1,12.2,0,0.0,0.0
SYN-005810,0.858,mixed_farming,high,masonry,322.0,202508.0,63,0,1,8.2,0,0.0,0.0
SYN-005811,0.783,livestock,low,mixed,1919.0,992190.0,25,2,1,4.0,0,0.0,0.0
SYN-005812,0.572,crop_farming,medium,masonry,1080.0,603660.0,22,0,1,10.1,0,0.0,0.0
SYN-005813,0.995,mixed_farming,medium,mixed,476.0,363272.0,78,0,1,3.7,0,0.0,0.0
SYN-005814,0.787,mixed_farming,medium,mixed,1289.0,684140.0,59,0,1,19.1,0,0.0,0.0
SYN-005815,0.485,livestock,medium,masonry,452.0,270213.0,12,0,1,3.6,0,0.0,0.0
SYN-005816,0.898,mixed_farming,high,wood,1803.0,644994.0,14,0,1,6.5,0,0.0,0.0
SYN-005817,0.852,livestock,medium,masonry,3078.0,1494133.0,43,0,0,2.7,0,0.0,0.0
SYN-005818,0.7,crop_farming,high,mixed,378.0,140564.0,64,0,1,1.6,0,0.0,0.0
SYN-005819,0.54,livestock,low,masonry,1189.0,303952.0,5,0,1,17.7,0,0.0,0.0
SYN-005820,0.887,livestock,high,wood,1089.0,520526.0,2,0,0,6.7,0,0.0,0.0
SYN-005821,0.475,mixed_farming,high,masonry,333.0,182508.0,49,2,1,22.5,0,0.0,0.0
SYN-005822,0.651,mixed_farming,high,mixed,2199.0,758787.0,14,1,1,11.6,0,0.0,0.0
SYN-005823,0.89,mixed_farming,low,masonry,1820.0,806698.0,45,0,1,3.4,0,0.0,0.0
SYN-005824,0.881,crop_farming,high,masonry,4523.0,2263168.0,28,0,1,30.2,0,0.0,0.0
SYN-005825,0.778,livestock,low,masonry,1673.0,461837.0,68,0,1,7.1,0,0.0,0.0
SYN-005826,0.405,crop_farming,medium,masonry,684.0,333838.0,63,1,1,17.6,0,0.0,0.0
SYN-005827,0.6,mixed_farming,low,masonry,1693.0,692019.0,11,0,1,7.9,0,0.0,0.0
SYN-005828,0.912,crop_farming,medium,masonry,2794.0,1132361.0,3,0,0,4.2,1,28017.22,28017.22
SYN-005829,0.833,livestock,medium,mixed,896.0,262028.0,35,0,0,9.5,0,0.0,0.0
SYN-005830,0.886,mixed_farming,low,masonry,2109.0,782691.0,60,0,0,17.9,0,0.0,0.0
SYN-005831,0.438,mixed_farming,low,masonry,262.0,199622.0,40,0,1,8.8,0,0.0,0.0
SYN-005832,0.964,crop_farming,low,wood,3161.0,1250390.0,19,0,1,7.0,0,0.0,0.0
SYN-005833,0.537,livestock,medium,mixed,2039.0,571904.0,4,0,1,10.3,0,0.0,0.0
SYN-005834,0.599,mixed_farming,high,masonry,232.0,106166.0,80,0,0,14.6,0,0.0,0.0
SYN-005835,0.904,livestock,medium,masonry,1554.0,970507.0,72,0,0,14.1,0,0.0,0.0
SYN-005836,0.644,crop_farming,medium,masonry,333.0,155840.0,23,0,0,10.1,0,0.0,0.0
SYN-005837,0.786,mixed_farming,high,mixed,815.0,395094.0,40,0,0,10.0,0,0.0,0.0
SYN-005838,0.731,livestock,medium,wood,1884.0,1008874.0,12,0,1,5.8,0,0.0,0.0
SYN-005839,0.92,livestock,medium,mixed,1109.0,367914.0,32,0,1,7.2,0,0.0,0.0
SYN-005840,0.494,crop_farming,medium,wood,2743.0,1316472.0,55,1,1,6.6,0,0.0,0.0
SYN-005841,0.459,livestock,low,mixed,1263.0,323173.0,51,0,1,12.1,0,0.0,0.0
SYN-005842,0.779,livestock,medium,wood,1183.0,373536.0,23,0,1,14.3,1,42656.86,42656.86
SYN-005843,0.907,crop_farming,medium,mixed,2475.0,837689.0,29,0,1,5.6,0,0.0,0.0
SYN-005844,0.954,livestock,medium,mixed,973.0,484923.0,44,0,0,9.8,0,0.0,0.0
SYN-005845,0.64,livestock,medium,mixed,1192.0,603974.0,43,0,1,2.5,0,0.0,0.0
SYN-005846,0.841,mixed_farming,low,mixed,1299.0,466904.0,62,0,1,9.3,0,0.0,0.0
SYN-005847,0.634,viticulture,medium,masonry,1160.0,626476.0,40,0,1,0.7,0,0.0,0.0
SYN-005848,0.591,crop_farming,low,masonry,2576.0,1230127.0,64,0,0,3.7,0,0.0,0.0
SYN-005849,0.415,crop_farming,high,masonry,786.0,390208.0,22,0,0,2.7,0,0.0,0.0
SYN-005850,0.55,mixed_farming,low,masonry,706.0,340356.0,18,0,0,0.9,0,0.0,0.0
SYN-005851,0.502,viticulture,medium,wood,608.0,289179.0,77,1,1,5.2,0,0.0,0.0
SYN-005852,0.561,mixed_farming,medium,mixed,301.0,317771.0,17,0,1,14.5,0,0.0,0.0
SYN-005853,0.573,crop_farming,low,masonry,3179.0,1551776.0,66,0,1,1.6,0,0.0,0.0
SYN-005854,0.915,crop_farming,medium,masonry,675.0,334555.0,22,0,1,10.2,0,0.0,0.0
SYN-005855,0.522,crop_farming,low,masonry,1038.0,666795.0,9,0,0,16.1,0,0.0,0.0
SYN-005856,0.892,mixed_farming,medium,mixed,3337.0,1630136.0,32,0,0,17.8,0,0.0,0.0
SYN-005857,0.916,mixed_farming,high,wood,1105.0,709078.0,8,0,1,5.3,1,23416.24,23416.24
SYN-005858,0.678,livestock,low,masonry,1693.0,781438.0,60,3,0,5.0,0,0.0,0.0
SYN-005859,0.835,livestock,medium,masonry,481.0,290350.0,80,0,1,3.9,0,0.0,0.0
SYN-005860,0.591,crop_farming,high,wood,3008.0,1244811.0,44,0,1,15.5,0,0.0,0.0
SYN-005861,0.411,mixed_farming,medium,mixed,1120.0,538624.0,79,0,1,7.8,0,0.0,0.0
SYN-005862,0.826,crop_farming,high,wood,625.0,353757.0,71,0,0,4.3,0,0.0,0.0
SYN-005863,0.764,mixed_farming,medium,masonry,625.0,229764.0,77,0,0,3.2,0,0.0,0.0
SYN-005864,0.677,mixed_farming,medium,masonry,3635.0,1415616.0,56,0,0,9.4,0,0.0,0.0
SYN-005865,0.939,mixed_farming,low,mixed,828.0,396195.0,28,0,1,4.0,0,0.0,0.0
SYN-005866,0.836,livestock,low,masonry,634.0,311494.0,50,1,0,9.8,1,6607.13,6607.13
SYN-005867,0.655,mixed_farming,medium,mixed,915.0,455759.0,21,0,1,6.9,0,0.0,0.0
SYN-005868,0.432,mixed_farming,high,mixed,1248.0,299559.0,42,0,1,26.2,0,0.0,0.0
SYN-005869,0.926,crop_farming,low,masonry,1338.0,416298.0,61,0,1,4.7,0,0.0,0.0
SYN-005870,0.991,crop_farming,high,masonry,1618.0,693115.0,34,0,1,8.6,1,7607.2,7607.2
SYN-005871,0.781,mixed_farming,medium,mixed,1412.0,445994.0,39,0,0,8.8,0,0.0,0.0
SYN-005872,0.861,crop_farming,medium,wood,1846.0,919642.0,28,0,1,9.1,0,0.0,0.0
SYN-005873,0.704,crop_farming,high,masonry,1015.0,430319.0,6,0,0,3.9,0,0.0,0.0
SYN-005874,0.542,crop_farming,high,mixed,4661.0,1554361.0,14,0,0,2.6,0,0.0,0.0
SYN-005875,0.947,crop_farming,medium,masonry,882.0,284816.0,14,0,0,7.8,0,0.0,0.0
SYN-005876,0.813,livestock,low,wood,2919.0,859945.0,22,0,1,14.4,0,0.0,0.0
SYN-005877,0.729,mixed_farming,low,mixed,821.0,350394.0,6,1,1,8.5,0,0.0,0.0
SYN-005878,0.809,crop_farming,low,masonry,479.0,288539.0,73,0,0,4.5,0,0.0,0.0
SYN-005879,0.707,mixed_farming,medium,mixed,410.0,177689.0,63,1,0,19.3,0,0.0,0.0
SYN-005880,0.435,crop_farming,low,mixed,1477.0,393804.0,67,0,1,5.4,0,0.0,0.0
SYN-005881,0.796,livestock,medium,mixed,2579.0,998447.0,44,0,1,10.6,1,8959.03,8959.03
SYN-005882,0.403,crop_farming,low,masonry,574.0,305349.0,1,0,1,4.0,0,0.0,0.0
SYN-005883,0.532,mixed_farming,medium,mixed,685.0,436764.0,13,1,0,12.0,0,0.0,0.0
SYN-005884,0.494,viticulture,medium,mixed,1558.0,740610.0,18,0,1,4.6,0,0.0,0.0
SYN-005885,0.604,livestock,medium,masonry,1210.0,474310.0,59,0,1,3.3,0,0.0,0.0
SYN-005886,0.945,crop_farming,medium,masonry,828.0,230380.0,65,0,1,10.7,0,0.0,0.0
SYN-005887,0.448,crop_farming,high,wood,528.0,214146.0,55,0,1,4.9,0,0.0,0.0
SYN-005888,0.614,crop_farming,high,mixed,1482.0,509925.0,47,0,0,7.1,0,0.0,0.0
SYN-005889,0.856,mixed_farming,medium,masonry,1853.0,825481.0,30,0,0,4.3,0,0.0,0.0
SYN-005890,0.918,crop_farming,low,wood,1668.0,439244.0,6,0,1,3.1,0,0.0,0.0
SYN-005891,0.842,viticulture,high,masonry,1233.0,737974.0,19,1,1,6.6,1,17833.74,17833.74
SYN-005892,0.979,mixed_farming,high,mixed,610.0,316492.0,65,1,1,6.2,0,0.0,0.0
SYN-005893,0.818,livestock,high,masonry,1487.0,779957.0,49,0,0,8.8,0,0.0,0.0
SYN-005894,0.847,mixed_farming,medium,masonry,1416.0,720655.0,61,0,1,7.9,0,0.0,0.0
SYN-005895,0.653,crop_farming,low,wood,516.0,197780.0,73,1,1,9.9,0,0.0,0.0
SYN-005896,0.581,mixed_farming,medium,mixed,996.0,490206.0,23,0,0,2.2,0,0.0,0.0
SYN-005897,0.677,crop_farming,medium,masonry,1538.0,816010.0,49,1,1,4.9,0,0.0,0.0
SYN-005898,0.861,mixed_farming,low,wood,1152.0,415963.0,60,0,0,10.1,0,0.0,0.0
SYN-005899,0.79,livestock,medium,wood,339.0,120650.0,62,0,1,14.0,0,0.0,0.0
SYN-005900,0.863,crop_farming,medium,mixed,799.0,280660.0,71,0,1,16.8,0,0.0,0.0
SYN-005901,0.777,mixed_farming,low,masonry,766.0,306615.0,75,0,0,13.8,0,0.0,0.0
SYN-005902,0.84,crop_farming,medium,masonry,1743.0,759670.0,52,0,0,3.8,0,0.0,0.0
SYN-005903,0.493,crop_farming,medium,mixed,6561.0,1955514.0,68,0,1,8.1,0,0.0,0.0
SYN-005904,0.594,mixed_farming,medium,wood,1322.0,643529.0,60,0,1,4.0,0,0.0,0.0
SYN-005905,0.737,livestock,low,masonry,556.0,274906.0,25,0,0,8.9,0,0.0,0.0
SYN-005906,0.41,mixed_farming,high,masonry,1092.0,564140.0,4,0,0,8.6,0,0.0,0.0
SYN-005907,0.947,mixed_farming,medium,masonry,1220.0,377411.0,73,1,1,1.0,0,0.0,0.0
SYN-005908,0.544,mixed_farming,medium,masonry,1982.0,943645.0,46,0,0,13.7,0,0.0,0.0
SYN-005909,0.453,crop_farming,medium,mixed,2717.0,1386190.0,44,0,0,8.4,0,0.0,0.0
SYN-005910,0.799,crop_farming,medium,masonry,2993.0,1037679.0,61,0,1,3.7,0,0.0,0.0
SYN-005911,0.516,viticulture,medium,mixed,1718.0,876776.0,11,0,1,1.2,0,0.0,0.0
SYN-005912,0.737,crop_farming,low,mixed,1211.0,345673.0,38,0,0,25.6,0,0.0,0.0
SYN-005913,0.549,livestock,high,masonry,3179.0,1414724.0,59,1,0,9.1,0,0.0,0.0
SYN-005914,0.5,crop_farming,low,wood,967.0,502286.0,33,0,1,8.3,0,0.0,0.0
SYN-005915,0.841,crop_farming,high,masonry,1256.0,413703.0,56,0,0,9.6,0,0.0,0.0
SYN-005916,0.633,mixed_farming,medium,masonry,1035.0,521398.0,46,1,1,7.8,0,0.0,0.0
SYN-005917,0.745,mixed_farming,low,masonry,303.0,95802.0,30,0,0,2.9,0,0.0,0.0
SYN-005918,0.53,mixed_farming,medium,masonry,2770.0,1388313.0,54,1,1,6.4,0,0.0,0.0
SYN-005919,0.731,mixed_farming,low,masonry,1880.0,741919.0,37,0,0,4.6,0,0.0,0.0
SYN-005920,0.653,crop_farming,high,wood,260.0,108816.0,66,0,0,14.2,0,0.0,0.0
SYN-005921,0.431,livestock,medium,masonry,2324.0,1194034.0,5,0,0,11.1,0,0.0,0.0
SYN-005922,0.836,crop_farming,medium,masonry,995.0,477890.0,66,0,1,11.8,0,0.0,0.0
SYN-005923,0.731,mixed_farming,medium,mixed,2304.0,567110.0,62,0,1,1.3,0,0.0,0.0
SYN-005924,0.956,livestock,high,wood,1273.0,599675.0,57,0,1,17.4,0,0.0,0.0
SYN-005925,0.885,livestock,medium,masonry,502.0,216978.0,22,1,1,2.7,0,0.0,0.0
SYN-005926,0.743,crop_farming,medium,masonry,1233.0,645381.0,79,0,1,25.2,0,0.0,0.0
SYN-005927,0.426,mixed_farming,medium,masonry,676.0,195897.0,53,0,0,4.4,0,0.0,0.0
SYN-005928,0.851,mixed_farming,low,masonry,547.0,221531.0,44,0,1,8.8,0,0.0,0.0
SYN-005929,0.729,mixed_farming,medium,masonry,2129.0,852790.0,19,0,1,5.1,0,0.0,0.0
SYN-005930,0.901,crop_farming,medium,mixed,1563.0,635994.0,36,0,0,0.5,0,0.0,0.0
SYN-005931,0.747,viticulture,high,masonry,3208.0,1268483.0,36,0,1,2.5,0,0.0,0.0
SYN-005932,0.401,crop_farming,medium,masonry,938.0,455087.0,27,0,1,14.6,0,0.0,0.0
SYN-005933,0.889,livestock,medium,mixed,648.0,317796.0,26,0,0,7.4,0,0.0,0.0
SYN-005934,0.88,crop_farming,medium,masonry,1836.0,861190.0,10,0,1,12.0,0,0.0,0.0
SYN-005935,0.46,crop_farming,medium,masonry,705.0,392754.0,58,1,1,0.5,0,0.0,0.0
SYN-005936,0.81,livestock,medium,mixed,991.0,272538.0,18,0,1,3.5,0,0.0,0.0
SYN-005937,0.716,crop_farming,high,masonry,1705.0,826662.0,38,0,1,10.1,0,0.0,0.0
SYN-005938,0.754,livestock,low,masonry,1117.0,541125.0,25,0,0,4.2,0,0.0,0.0
SYN-005939,0.934,mixed_farming,medium,masonry,882.0,453011.0,79,1,0,22.5,0,0.0,0.0
SYN-005940,0.55,mixed_farming,high,mixed,487.0,249005.0,41,0,1,39.1,0,0.0,0.0
SYN-005941,0.408,mixed_farming,medium,mixed,2228.0,1094213.0,24,0,0,6.5,0,0.0,0.0
SYN-005942,0.525,mixed_farming,low,masonry,954.0,485780.0,80,0,0,6.8,0,0.0,0.0
SYN-005943,0.949,crop_farming,medium,masonry,1811.0,985720.0,67,1,1,5.2,0,0.0,0.0
SYN-005944,0.527,mixed_farming,low,masonry,1662.0,477791.0,63,0,1,11.9,0,0.0,0.0
SYN-005945,0.805,crop_farming,low,masonry,2463.0,1246001.0,12,0,1,7.7,0,0.0,0.0
SYN-005946,0.874,crop_farming,medium,mixed,1040.0,494976.0,72,0,1,23.9,0,0.0,0.0
SYN-005947,0.888,crop_farming,high,wood,967.0,601836.0,14,0,1,4.1,0,0.0,0.0
SYN-005948,0.406,mixed_farming,low,masonry,590.0,336397.0,15,0,1,9.7,0,0.0,0.0
SYN-005949,0.406,livestock,high,masonry,852.0,339998.0,29,0,1,13.9,0,0.0,0.0
SYN-005950,0.993,mixed_farming,medium,mixed,1513.0,803083.0,2,0,1,10.9,0,0.0,0.0
SYN-005951,0.716,livestock,high,masonry,713.0,301452.0,3,0,1,23.8,0,0.0,0.0
SYN-005952,0.438,livestock,medium,masonry,1488.0,821673.0,1,0,1,12.0,0,0.0,0.0
SYN-005953,0.416,livestock,high,wood,3146.0,1049084.0,26,0,1,4.9,0,0.0,0.0
SYN-005954,0.886,crop_farming,high,masonry,907.0,556113.0,41,0,1,21.8,0,0.0,0.0
SYN-005955,0.943,livestock,high,masonry,516.0,229809.0,9,1,1,6.4,0,0.0,0.0
SYN-005956,0.715,mixed_farming,medium,masonry,926.0,457467.0,10,0,1,3.2,0,0.0,0.0
SYN-005957,0.623,livestock,low,mixed,481.0,305657.0,42,0,1,15.5,0,0.0,0.0
SYN-005958,0.821,crop_farming,medium,mixed,2885.0,708740.0,16,0,1,2.9,0,0.0,0.0
SYN-005959,0.413,mixed_farming,medium,masonry,1281.0,363250.0,39,0,1,5.8,0,0.0,0.0
SYN-005960,0.939,livestock,low,mixed,755.0,405770.0,15,0,0,10.2,0,0.0,0.0
SYN-005961,0.554,crop_farming,high,masonry,842.0,321320.0,59,0,1,1.2,0,0.0,0.0
SYN-005962,0.515,crop_farming,low,wood,562.0,218123.0,58,1,0,4.4,0,0.0,0.0
SYN-005963,0.586,livestock,high,masonry,2338.0,968708.0,75,0,0,2.2,0,0.0,0.0
SYN-005964,0.438,livestock,medium,masonry,4001.0,1175665.0,77,0,1,7.8,0,0.0,0.0
SYN-005965,0.634,mixed_farming,high,mixed,459.0,444191.0,59,0,1,6.3,0,0.0,0.0
SYN-005966,0.829,crop_farming,high,masonry,2388.0,1181098.0,10,0,0,12.7,0,0.0,0.0
SYN-005967,0.699,mixed_farming,medium,mixed,1033.0,574063.0,44,0,1,21.6,0,0.0,0.0
SYN-005968,0.801,crop_farming,medium,masonry,2762.0,1351648.0,9,0,1,5.9,0,0.0,0.0
SYN-005969,0.528,mixed_farming,low,masonry,368.0,291394.0,55,0,1,13.1,0,0.0,0.0
SYN-005970,0.639,mixed_farming,high,masonry,1403.0,503557.0,27,0,1,3.0,0,0.0,0.0
SYN-005971,0.712,livestock,high,masonry,930.0,437608.0,39,0,0,16.1,0,0.0,0.0
SYN-005972,0.744,crop_farming,low,masonry,1860.0,963933.0,52,0,1,22.9,0,0.0,0.0
SYN-005973,0.512,livestock,low,masonry,1261.0,676717.0,33,1,1,6.6,0,0.0,0.0
SYN-005974,0.885,viticulture,medium,masonry,1230.0,707502.0,30,1,1,4.5,0,0.0,0.0
SYN-005975,0.454,viticulture,low,mixed,1131.0,599395.0,36,1,0,5.3,0,0.0,0.0
SYN-005976,0.459,crop_farming,high,mixed,3346.0,820384.0,23,0,1,3.7,0,0.0,0.0
SYN-005977,0.55,mixed_farming,low,masonry,1082.0,443329.0,19,0,1,11.3,0,0.0,0.0
SYN-005978,0.793,livestock,high,masonry,2126.0,755631.0,10,0,0,9.2,0,0.0,0.0
SYN-005979,0.446,crop_farming,high,masonry,1824.0,909357.0,5,1,1,3.3,0,0.0,0.0
SYN-005980,0.405,mixed_farming,high,masonry,2160.0,1176863.0,37,0,1,7.4,0,0.0,0.0
SYN-005981,0.683,livestock,medium,masonry,627.0,339991.0,52,1,1,7.2,0,0.0,0.0
SYN-005982,0.608,livestock,low,masonry,1919.0,507207.0,3,0,1,4.4,0,0.0,0.0
SYN-005983,0.494,mixed_farming,high,wood,1509.0,531485.0,39,0,1,14.7,0,0.0,0.0
SYN-005984,0.794,livestock,medium,mixed,559.0,171286.0,51,1,0,8.5,0,0.0,0.0
SYN-005985,0.785,mixed_farming,high,masonry,1056.0,490334.0,69,0,1,10.0,0,0.0,0.0
SYN-005986,0.473,livestock,medium,masonry,5385.0,2794495.0,66,1,1,11.4,0,0.0,0.0
SYN-005987,0.538,crop_farming,low,masonry,939.0,364401.0,44,0,1,13.4,0,0.0,0.0
SYN-005988,0.619,livestock,high,masonry,954.0,479503.0,78,0,1,23.5,0,0.0,0.0
SYN-005989,0.994,viticulture,high,masonry,1625.0,862394.0,72,0,1,10.2,0,0.0,0.0
SYN-005990,0.861,livestock,low,masonry,853.0,430637.0,26,1,0,8.1,0,0.0,0.0
SYN-005991,0.602,crop_farming,medium,masonry,1328.0,371333.0,36,0,1,17.3,0,0.0,0.0
SYN-005992,0.979,mixed_farming,low,masonry,905.0,343713.0,67,0,0,7.7,0,0.0,0.0
SYN-005993,0.673,viticulture,medium,mixed,1574.0,492613.0,58,0,1,19.4,0,0.0,0.0
SYN-005994,0.628,viticulture,medium,masonry,1164.0,366299.0,41,1,1,3.7,1,13581.44,13581.44
SYN-005995,0.967,livestock,medium,wood,4310.0,1027252.0,40,1,1,14.0,0,0.0,0.0
SYN-005996,0.842,livestock,low,masonry,1249.0,683362.0,22,0,1,4.5,0,0.0,0.0
SYN-005997,0.729,mixed_farming,low,masonry,1049.0,549140.0,42,0,0,3.5,0,0.0,0.0
SYN-005998,0.76,mixed_farming,medium,masonry,2366.0,714270.0,8,0,1,4.3,0,0.0,0.0
SYN-005999,0.984,mixed_farming,low,masonry,491.0,283680.0,65,0,0,1.8,0,0.0,0.0
SYN-006000,0.492,mixed_farming,medium,masonry,3640.0,1499168.0,36,0,1,1.3,0,0.0,0.0
SYN-006001,0.608,livestock,medium,masonry,637.0,171252.0,32,0,1,2.0,0,0.0,0.0
SYN-006002,0.653,crop_farming,medium,masonry,2631.0,797037.0,70,0,1,4.0,0,0.0,0.0
SYN-006003,0.991,livestock,medium,masonry,3124.0,1038602.0,80,0,1,9.0,0,0.0,0.0
SYN-006004,0.451,crop_farming,low,masonry,861.0,331843.0,76,0,1,4.0,0,0.0,0.0
SYN-006005,0.467,crop_farming,low,mixed,917.0,420269.0,69,0,0,24.2,0,0.0,0.0
SYN-006006,0.661,livestock,high,mixed,1129.0,394070.0,37,1,0,1.4,0,0.0,0.0
SYN-006007,0.502,mixed_farming,high,mixed,1815.0,497439.0,61,0,1,15.1,0,0.0,0.0
SYN-006008,0.811,mixed_farming,high,wood,634.0,342910.0,62,0,1,10.5,0,0.0,0.0
SYN-006009,0.616,mixed_farming,high,masonry,1129.0,392026.0,53,0,0,4.4,0,0.0,0.0
SYN-006010,0.908,mixed_farming,medium,wood,989.0,485673.0,18,1,0,6.5,0,0.0,0.0
SYN-006011,0.849,mixed_farming,high,masonry,573.0,273927.0,20,0,1,20.5,0,0.0,0.0
SYN-006012,0.682,mixed_farming,medium,masonry,614.0,402551.0,60,0,0,7.0,0,0.0,0.0
SYN-006013,0.907,crop_farming,medium,mixed,1317.0,631787.0,1,0,1,3.3,0,0.0,0.0
SYN-006014,0.46,mixed_farming,high,masonry,1302.0,452749.0,2,0,1,3.8,0,0.0,0.0
SYN-006015,0.749,crop_farming,medium,masonry,738.0,276097.0,55,0,0,6.1,0,0.0,0.0
SYN-006016,0.763,crop_farming,medium,masonry,1276.0,599115.0,34,0,1,24.6,0,0.0,0.0
SYN-006017,0.548,crop_farming,medium,masonry,796.0,380392.0,73,0,0,4.3,0,0.0,0.0
SYN-006018,0.43,mixed_farming,low,masonry,2834.0,1347005.0,62,1,1,16.7,0,0.0,0.0
SYN-006019,0.721,mixed_farming,medium,mixed,1133.0,553220.0,21,0,0,5.0,0,0.0,0.0
SYN-006020,0.708,viticulture,high,masonry,2474.0,1040166.0,30,0,1,3.8,0,0.0,0.0
SYN-006021,0.792,viticulture,medium,masonry,403.0,234726.0,21,0,0,6.7,0,0.0,0.0
SYN-006022,0.528,mixed_farming,low,masonry,1495.0,701379.0,9,1,0,1.4,0,0.0,0.0
SYN-006023,0.508,crop_farming,medium,wood,1785.0,965218.0,24,0,0,11.0,0,0.0,0.0
SYN-006024,0.987,mixed_farming,medium,wood,1108.0,261977.0,78,0,1,7.3,0,0.0,0.0
SYN-006025,0.468,mixed_farming,medium,mixed,854.0,299038.0,80,0,0,9.1,0,0.0,0.0
SYN-006026,1.0,mixed_farming,medium,masonry,1097.0,497492.0,24,0,1,18.1,0,0.0,0.0
SYN-006027,0.832,crop_farming,medium,masonry,1964.0,712375.0,42,0,1,6.1,0,0.0,0.0
SYN-006028,0.778,crop_farming,medium,masonry,552.0,257340.0,4,0,0,6.7,0,0.0,0.0
SYN-006029,0.604,viticulture,medium,mixed,1911.0,933833.0,15,0,1,12.2,0,0.0,0.0
SYN-006030,0.921,crop_farming,medium,masonry,1491.0,611376.0,33,0,1,2.9,0,0.0,0.0
SYN-006031,0.946,livestock,medium,mixed,1023.0,443171.0,36,0,1,1.5,0,0.0,0.0
SYN-006032,0.833,livestock,medium,masonry,1052.0,274405.0,56,0,0,2.4,0,0.0,0.0
SYN-006033,0.826,crop_farming,low,wood,1262.0,482418.0,28,0,0,3.1,0,0.0,0.0
SYN-006034,0.696,crop_farming,medium,masonry,3562.0,1600432.0,31,0,1,16.0,0,0.0,0.0
SYN-006035,0.447,viticulture,medium,masonry,1520.0,503145.0,62,0,0,6.9,0,0.0,0.0
SYN-006036,0.999,mixed_farming,medium,masonry,657.0,246028.0,73,0,1,8.0,0,0.0,0.0
SYN-006037,0.409,viticulture,high,mixed,913.0,404294.0,53,0,1,9.0,0,0.0,0.0
SYN-006038,0.697,crop_farming,low,wood,576.0,361457.0,18,0,1,16.7,0,0.0,0.0
SYN-006039,0.62,crop_farming,high,masonry,355.0,128271.0,36,0,1,7.5,0,0.0,0.0
SYN-006040,0.866,livestock,low,wood,569.0,217778.0,47,0,0,2.5,0,0.0,0.0
SYN-006041,0.841,livestock,medium,masonry,1310.0,414080.0,22,1,1,7.9,0,0.0,0.0
SYN-006042,0.777,crop_farming,high,masonry,2774.0,883489.0,9,0,0,24.0,0,0.0,0.0
SYN-006043,0.445,mixed_farming,medium,masonry,2315.0,1053046.0,68,0,1,5.4,0,0.0,0.0
SYN-006044,0.542,viticulture,high,masonry,572.0,210330.0,10,0,1,18.5,0,0.0,0.0
SYN-006045,0.456,livestock,high,mixed,722.0,255485.0,10,0,1,9.5,0,0.0,0.0
SYN-006046,0.987,livestock,low,masonry,658.0,385569.0,16,0,1,18.8,0,0.0,0.0
SYN-006047,0.477,livestock,high,masonry,226.0,98462.0,1,0,1,4.5,0,0.0,0.0
SYN-006048,0.98,crop_farming,high,masonry,1087.0,433628.0,18,0,1,3.9,0,0.0,0.0
SYN-006049,0.468,crop_farming,medium,mixed,2043.0,1388771.0,9,0,1,0.7,0,0.0,0.0
SYN-006050,0.917,livestock,low,wood,1029.0,465806.0,53,0,0,5.7,0,0.0,0.0
SYN-006051,0.745,livestock,low,mixed,532.0,228803.0,72,0,1,3.3,0,0.0,0.0
SYN-006052,0.899,livestock,high,masonry,700.0,235732.0,68,0,1,4.9,0,0.0,0.0
SYN-006053,0.78,mixed_farming,high,masonry,979.0,504350.0,46,0,1,9.9,0,0.0,0.0
SYN-006054,0.861,crop_farming,high,masonry,1999.0,1021934.0,70,0,0,0.7,0,0.0,0.0
SYN-006055,0.838,crop_farming,medium,wood,1076.0,356386.0,33,0,0,10.5,0,0.0,0.0
SYN-006056,0.556,crop_farming,low,masonry,1831.0,753818.0,51,0,1,4.7,0,0.0,0.0
SYN-006057,0.961,crop_farming,medium,wood,1150.0,510667.0,27,0,1,15.2,0,0.0,0.0
SYN-006058,0.786,livestock,medium,mixed,1414.0,454655.0,33,0,1,15.4,0,0.0,0.0
SYN-006059,0.521,mixed_farming,low,mixed,658.0,359401.0,10,0,0,5.9,0,0.0,0.0
SYN-006060,0.584,mixed_farming,low,mixed,776.0,324874.0,22,1,1,4.3,0,0.0,0.0
SYN-006061,0.72,mixed_farming,low,masonry,536.0,170018.0,8,0,1,7.8,0,0.0,0.0
SYN-006062,0.929,livestock,low,masonry,1792.0,698535.0,24,1,0,15.0,0,0.0,0.0
SYN-006063,0.878,crop_farming,medium,masonry,1003.0,650756.0,56,0,0,12.6,0,0.0,0.0
SYN-006064,0.581,livestock,medium,masonry,150.0,111846.0,37,0,1,25.3,0,0.0,0.0
SYN-006065,0.813,livestock,medium,mixed,1657.0,747147.0,70,0,1,4.0,0,0.0,0.0
SYN-006066,0.401,mixed_farming,medium,masonry,2283.0,1119505.0,51,0,1,4.4,0,0.0,0.0
SYN-006067,0.6,livestock,high,wood,715.0,375943.0,79,1,1,15.8,0,0.0,0.0
SYN-006068,0.904,crop_farming,medium,wood,1656.0,883526.0,45,0,0,6.0,0,0.0,0.0
SYN-006069,0.491,crop_farming,medium,masonry,1058.0,730411.0,54,0,0,3.1,0,0.0,0.0
SYN-006070,0.612,crop_farming,medium,masonry,306.0,156619.0,61,0,0,4.3,0,0.0,0.0
SYN-006071,0.401,viticulture,medium,masonry,4313.0,2148658.0,15,1,1,8.4,0,0.0,0.0
SYN-006072,0.414,crop_farming,medium,masonry,1062.0,426459.0,11,0,0,23.1,0,0.0,0.0
SYN-006073,0.488,crop_farming,medium,mixed,1381.0,525376.0,37,0,1,21.4,0,0.0,0.0
SYN-006074,0.461,crop_farming,medium,mixed,808.0,507252.0,10,0,1,14.7,0,0.0,0.0
SYN-006075,0.694,mixed_farming,medium,mixed,1000.0,565492.0,78,0,1,5.5,0,0.0,0.0
SYN-006076,0.94,livestock,medium,masonry,1346.0,523972.0,80,0,1,5.3,0,0.0,0.0
SYN-006077,0.451,mixed_farming,low,mixed,615.0,315229.0,16,1,1,22.6,0,0.0,0.0
SYN-006078,0.922,livestock,medium,mixed,3645.0,1759241.0,26,0,1,4.8,0,0.0,0.0
SYN-006079,0.801,crop_farming,medium,wood,2090.0,888662.0,19,0,1,16.0,0,0.0,0.0
SYN-006080,0.501,mixed_farming,medium,mixed,1696.0,663204.0,78,2,1,9.8,1,18595.66,18595.66
SYN-006081,0.574,crop_farming,medium,mixed,1105.0,340219.0,65,1,1,4.5,0,0.0,0.0
SYN-006082,0.517,crop_farming,low,masonry,739.0,224513.0,24,0,0,11.4,0,0.0,0.0
SYN-006083,0.874,livestock,low,mixed,2367.0,787171.0,60,0,1,10.3,1,17761.41,17761.41
SYN-006084,0.835,crop_farming,medium,masonry,1803.0,658508.0,6,1,1,1.2,0,0.0,0.0
SYN-006085,0.583,crop_farming,medium,masonry,935.0,623406.0,13,0,1,6.3,0,0.0,0.0
SYN-006086,0.433,mixed_farming,low,masonry,599.0,179017.0,41,0,1,8.3,0,0.0,0.0
SYN-006087,0.501,livestock,low,masonry,435.0,139415.0,26,0,1,9.3,0,0.0,0.0
SYN-006088,0.778,crop_farming,low,masonry,1235.0,612039.0,16,0,1,4.2,0,0.0,0.0
SYN-006089,0.454,livestock,medium,masonry,1031.0,250134.0,42,0,0,6.5,0,0.0,0.0
SYN-006090,0.722,mixed_farming,low,mixed,2619.0,1343533.0,72,0,1,5.4,0,0.0,0.0
SYN-006091,0.768,crop_farming,medium,mixed,2310.0,861692.0,42,0,1,5.6,0,0.0,0.0
SYN-006092,0.813,crop_farming,medium,wood,1243.0,659606.0,35,2,1,20.5,0,0.0,0.0
SYN-006093,0.475,mixed_farming,high,mixed,1150.0,485963.0,10,0,0,19.4,0,0.0,0.0
SYN-006094,0.676,mixed_farming,medium,masonry,573.0,397044.0,36,0,1,2.5,0,0.0,0.0
SYN-006095,0.678,viticulture,low,mixed,2415.0,947414.0,69,0,0,7.3,0,0.0,0.0
SYN-006096,0.901,livestock,medium,mixed,1168.0,657746.0,32,0,0,12.9,0,0.0,0.0
SYN-006097,0.681,crop_farming,medium,masonry,1796.0,749588.0,69,0,0,4.0,0,0.0,0.0
SYN-006098,0.644,livestock,low,wood,2604.0,1156505.0,9,0,1,7.3,0,0.0,0.0
SYN-006099,0.474,mixed_farming,high,wood,839.0,394295.0,51,0,1,3.0,0,0.0,0.0
SYN-006100,0.817,crop_farming,medium,masonry,708.0,287540.0,50,0,0,2.6,0,0.0,0.0
SYN-006101,0.772,livestock,low,mixed,6031.0,1895312.0,23,0,1,7.6,0,0.0,0.0
SYN-006102,0.83,crop_farming,low,masonry,1784.0,898616.0,13,0,1,2.5,0,0.0,0.0
SYN-006103,0.794,mixed_farming,high,wood,1011.0,419997.0,56,0,1,8.8,0,0.0,0.0
SYN-006104,0.925,mixed_farming,high,mixed,2713.0,1191990.0,52,0,0,8.0,0,0.0,0.0
SYN-006105,0.926,livestock,high,masonry,992.0,351837.0,32,0,0,10.0,0,0.0,0.0
SYN-006106,0.585,viticulture,low,mixed,1498.0,386232.0,33,0,0,2.4,0,0.0,0.0
SYN-006107,0.509,viticulture,medium,masonry,838.0,409124.0,74,0,1,1.6,0,0.0,0.0
SYN-006108,0.956,crop_farming,low,masonry,1199.0,441159.0,69,1,0,27.4,0,0.0,0.0
SYN-006109,0.828,livestock,medium,mixed,1014.0,429441.0,32,0,1,6.7,0,0.0,0.0
SYN-006110,0.983,mixed_farming,medium,mixed,743.0,432281.0,42,0,0,11.0,0,0.0,0.0
SYN-006111,0.698,crop_farming,high,masonry,1419.0,460670.0,34,1,1,7.8,0,0.0,0.0
SYN-006112,0.977,livestock,medium,mixed,800.0,364435.0,72,0,0,6.3,0,0.0,0.0
SYN-006113,0.474,crop_farming,medium,masonry,1762.0,427101.0,39,0,0,7.9,0,0.0,0.0
SYN-006114,0.754,viticulture,low,masonry,994.0,447979.0,3,1,1,4.1,0,0.0,0.0
SYN-006115,0.698,livestock,medium,mixed,396.0,398105.0,9,1,1,7.2,0,0.0,0.0
SYN-006116,0.402,mixed_farming,low,masonry,1814.0,1288680.0,59,0,1,14.1,0,0.0,0.0
SYN-006117,0.516,livestock,high,masonry,1834.0,1055040.0,3,0,1,6.4,0,0.0,0.0
SYN-006118,0.492,crop_farming,low,wood,5244.0,1336268.0,45,0,1,21.9,0,0.0,0.0
SYN-006119,0.436,mixed_farming,medium,mixed,1226.0,384698.0,45,0,0,10.2,0,0.0,0.0
SYN-006120,0.969,crop_farming,low,mixed,1365.0,421859.0,14,0,0,3.4,0,0.0,0.0
SYN-006121,0.979,crop_farming,medium,mixed,1654.0,762040.0,53,0,0,11.3,0,0.0,0.0
SYN-006122,0.935,livestock,low,wood,2351.0,943849.0,9,0,1,15.4,0,0.0,0.0
SYN-006123,0.993,mixed_farming,medium,wood,2258.0,948084.0,74,0,1,5.3,0,0.0,0.0
SYN-006124,0.898,livestock,medium,masonry,1491.0,585857.0,59,0,1,9.0,0,0.0,0.0
SYN-006125,0.959,crop_farming,medium,masonry,1186.0,495728.0,14,0,1,2.4,0,0.0,0.0
SYN-006126,0.519,livestock,high,masonry,2096.0,717482.0,31,0,0,8.5,0,0.0,0.0
SYN-006127,0.554,crop_farming,low,masonry,1155.0,637435.0,72,0,0,5.1,0,0.0,0.0
SYN-006128,0.917,crop_farming,medium,masonry,524.0,377861.0,7,0,1,2.6,0,0.0,0.0
SYN-006129,0.688,livestock,high,mixed,457.0,187899.0,23,0,1,5.3,0,0.0,0.0
SYN-006130,0.83,crop_farming,low,mixed,1002.0,573694.0,56,1,1,8.8,0,0.0,0.0
SYN-006131,0.737,crop_farming,high,wood,1310.0,669739.0,41,1,1,24.9,0,0.0,0.0
SYN-006132,0.583,mixed_farming,high,masonry,6044.0,1757129.0,24,0,0,13.6,0,0.0,0.0
SYN-006133,0.571,mixed_farming,high,masonry,1121.0,476388.0,14,1,0,18.5,0,0.0,0.0
SYN-006134,0.849,crop_farming,medium,masonry,1249.0,473666.0,25,0,1,15.6,0,0.0,0.0
SYN-006135,0.719,livestock,medium,masonry,932.0,483113.0,37,0,1,11.9,0,0.0,0.0
SYN-006136,0.616,crop_farming,medium,masonry,1812.0,917288.0,7,1,1,5.8,0,0.0,0.0
SYN-006137,0.77,viticulture,medium,wood,1454.0,697095.0,49,0,0,9.4,0,0.0,0.0
SYN-006138,0.652,crop_farming,high,masonry,800.0,504554.0,34,0,1,3.2,0,0.0,0.0
SYN-006139,0.685,crop_farming,low,mixed,628.0,339739.0,21,0,0,9.2,0,0.0,0.0
SYN-006140,0.807,livestock,medium,masonry,933.0,397097.0,74,0,1,9.3,0,0.0,0.0
SYN-006141,0.675,crop_farming,medium,masonry,701.0,351326.0,68,0,1,6.7,1,44303.77,44303.77
SYN-006142,0.97,crop_farming,low,wood,1043.0,469297.0,69,0,1,6.8,0,0.0,0.0
SYN-006143,0.691,crop_farming,medium,wood,1329.0,749265.0,76,0,0,6.2,0,0.0,0.0
SYN-006144,0.977,mixed_farming,medium,masonry,875.0,423867.0,27,0,0,10.9,0,0.0,0.0
SYN-006145,0.909,mixed_farming,medium,wood,3119.0,884453.0,29,1,1,9.3,0,0.0,0.0
SYN-006146,0.935,mixed_farming,high,masonry,2575.0,854308.0,25,0,0,17.2,0,0.0,0.0
SYN-006147,0.858,mixed_farming,medium,mixed,1044.0,499262.0,20,0,0,19.6,0,0.0,0.0
SYN-006148,0.763,livestock,high,masonry,648.0,322127.0,70,0,0,8.3,0,0.0,0.0
SYN-006149,0.72,viticulture,medium,masonry,1189.0,521492.0,27,1,0,5.7,0,0.0,0.0
SYN-006150,0.731,mixed_farming,high,mixed,1111.0,393141.0,60,0,1,5.9,0,0.0,0.0
SYN-006151,0.521,mixed_farming,low,mixed,1164.0,619571.0,78,0,1,3.1,0,0.0,0.0
SYN-006152,0.529,mixed_farming,medium,mixed,936.0,555796.0,17,2,1,4.7,0,0.0,0.0
SYN-006153,0.42,livestock,high,masonry,613.0,393824.0,25,0,1,13.1,0,0.0,0.0
SYN-006154,0.847,crop_farming,low,wood,1240.0,571892.0,72,0,0,11.2,0,0.0,0.0
SYN-006155,0.475,livestock,medium,masonry,965.0,396634.0,33,0,1,6.5,0,0.0,0.0
SYN-006156,0.749,crop_farming,medium,masonry,1022.0,465708.0,73,0,1,16.6,0,0.0,0.0
SYN-006157,0.483,livestock,medium,masonry,1288.0,436219.0,47,0,1,7.5,0,0.0,0.0
SYN-006158,0.44,crop_farming,high,masonry,1159.0,447706.0,28,0,1,10.5,0,0.0,0.0
SYN-006159,0.72,crop_farming,medium,masonry,1270.0,604677.0,37,1,1,4.0,0,0.0,0.0
SYN-006160,0.924,viticulture,high,mixed,936.0,349262.0,72,0,1,11.8,0,0.0,0.0
SYN-006161,0.614,mixed_farming,medium,masonry,1532.0,815148.0,4,0,1,1.8,0,0.0,0.0
SYN-006162,0.952,livestock,medium,mixed,760.0,376604.0,54,0,1,7.1,0,0.0,0.0
SYN-006163,0.406,livestock,high,masonry,598.0,166261.0,69,0,1,6.2,0,0.0,0.0
SYN-006164,0.679,livestock,medium,mixed,680.0,360152.0,71,0,1,8.7,0,0.0,0.0
SYN-006165,0.488,mixed_farming,low,masonry,781.0,309960.0,44,0,1,24.6,0,0.0,0.0
SYN-006166,0.589,mixed_farming,medium,masonry,525.0,192886.0,31,0,1,4.9,0,0.0,0.0
SYN-006167,0.414,mixed_farming,medium,mixed,403.0,195804.0,79,1,0,10.5,0,0.0,0.0
SYN-006168,0.421,livestock,medium,wood,1681.0,546797.0,32,1,1,11.7,0,0.0,0.0
SYN-006169,0.828,livestock,medium,wood,2775.0,1244743.0,32,0,1,12.1,0,0.0,0.0
SYN-006170,0.793,mixed_farming,medium,masonry,1742.0,722746.0,41,1,1,6.4,0,0.0,0.0
SYN-006171,0.525,viticulture,high,wood,885.0,496143.0,39,0,1,2.8,0,0.0,0.0
SYN-006172,0.941,livestock,low,mixed,397.0,232608.0,22,1,0,9.1,0,0.0,0.0
SYN-006173,0.813,livestock,medium,wood,1373.0,474470.0,32,0,1,5.7,0,0.0,0.0
SYN-006174,0.602,livestock,medium,masonry,426.0,223061.0,43,0,1,9.5,0,0.0,0.0
SYN-006175,0.645,livestock,low,masonry,1146.0,323905.0,10,0,1,4.7,0,0.0,0.0
SYN-006176,0.576,viticulture,medium,masonry,721.0,218172.0,41,0,1,10.4,0,0.0,0.0
SYN-006177,0.898,mixed_farming,medium,mixed,275.0,127803.0,59,0,0,18.5,0,0.0,0.0
SYN-006178,0.696,livestock,high,masonry,3173.0,789058.0,16,0,1,4.2,0,0.0,0.0
SYN-006179,0.481,livestock,medium,masonry,536.0,283890.0,19,0,1,10.2,0,0.0,0.0
SYN-006180,0.521,livestock,low,mixed,962.0,499337.0,72,0,0,7.3,0,0.0,0.0
SYN-006181,0.578,crop_farming,medium,wood,1115.0,452581.0,73,1,1,12.0,0,0.0,0.0
SYN-006182,0.642,livestock,high,mixed,893.0,546269.0,9,1,1,3.7,0,0.0,0.0
SYN-006183,0.756,mixed_farming,medium,mixed,1639.0,732515.0,4,0,1,1.5,0,0.0,0.0
SYN-006184,0.978,mixed_farming,low,masonry,749.0,270178.0,71,0,1,5.8,0,0.0,0.0
SYN-006185,0.557,crop_farming,high,wood,1553.0,680032.0,79,0,0,11.4,0,0.0,0.0
SYN-006186,0.597,mixed_farming,low,masonry,1491.0,800206.0,44,0,1,6.4,0,0.0,0.0
SYN-006187,0.414,mixed_farming,low,masonry,495.0,152782.0,69,0,1,2.7,0,0.0,0.0
SYN-006188,0.624,crop_farming,medium,masonry,1413.0,393548.0,39,1,1,9.5,0,0.0,0.0
SYN-006189,0.805,mixed_farming,medium,masonry,611.0,290384.0,25,1,1,5.9,0,0.0,0.0
SYN-006190,0.978,mixed_farming,high,mixed,568.0,460317.0,69,1,1,5.8,0,0.0,0.0
SYN-006191,0.844,mixed_farming,low,mixed,1464.0,731743.0,40,0,1,8.4,0,0.0,0.0
SYN-006192,0.471,crop_farming,medium,masonry,929.0,426565.0,37,0,0,18.2,0,0.0,0.0
SYN-006193,0.934,crop_farming,medium,masonry,1544.0,561156.0,47,1,1,2.8,0,0.0,0.0
SYN-006194,0.903,livestock,high,masonry,1553.0,536899.0,25,0,0,7.0,0,0.0,0.0
SYN-006195,0.513,crop_farming,high,masonry,479.0,254249.0,23,0,0,14.0,0,0.0,0.0
SYN-006196,0.961,livestock,medium,wood,1961.0,736893.0,13,0,0,18.9,0,0.0,0.0
SYN-006197,0.828,mixed_farming,low,mixed,1459.0,545706.0,8,0,1,16.0,0,0.0,0.0
SYN-006198,0.87,crop_farming,low,masonry,828.0,360218.0,56,0,0,3.3,0,0.0,0.0
SYN-006199,0.675,livestock,high,masonry,1110.0,285213.0,37,0,1,6.4,0,0.0,0.0
SYN-006200,0.52,viticulture,medium,mixed,1998.0,1108651.0,67,0,1,5.7,0,0.0,0.0
SYN-006201,0.879,livestock,medium,mixed,985.0,395455.0,47,0,1,3.0,0,0.0,0.0
SYN-006202,0.686,livestock,high,wood,4793.0,1156594.0,41,0,0,7.9,0,0.0,0.0
SYN-006203,0.98,livestock,high,masonry,3194.0,1648306.0,78,0,1,4.4,0,0.0,0.0
SYN-006204,0.492,crop_farming,medium,masonry,1308.0,891296.0,23,0,1,4.5,0,0.0,0.0
SYN-006205,0.613,crop_farming,high,masonry,1045.0,332508.0,68,0,0,38.9,0,0.0,0.0
SYN-006206,0.841,mixed_farming,low,mixed,1075.0,387078.0,76,0,1,5.6,0,0.0,0.0
SYN-006207,0.743,livestock,medium,masonry,820.0,436230.0,47,0,1,10.9,0,0.0,0.0
SYN-006208,0.66,crop_farming,high,mixed,1315.0,363960.0,52,0,1,4.6,0,0.0,0.0
SYN-006209,0.821,crop_farming,low,masonry,1895.0,625406.0,69,0,0,3.6,0,0.0,0.0
SYN-006210,0.84,mixed_farming,low,mixed,504.0,353494.0,44,0,0,5.0,0,0.0,0.0
SYN-006211,0.746,crop_farming,medium,masonry,1841.0,903329.0,36,0,0,6.2,0,0.0,0.0
SYN-006212,0.591,mixed_farming,medium,mixed,2223.0,769365.0,64,0,1,9.1,0,0.0,0.0
SYN-006213,0.771,livestock,low,masonry,1758.0,602953.0,71,0,1,9.2,0,0.0,0.0
SYN-006214,0.727,mixed_farming,low,mixed,1114.0,563120.0,27,0,0,6.8,0,0.0,0.0
SYN-006215,0.879,crop_farming,low,masonry,1711.0,906917.0,38,0,0,1.3,0,0.0,0.0
SYN-006216,0.792,crop_farming,low,mixed,2820.0,700152.0,59,1,0,15.0,0,0.0,0.0
SYN-006217,0.698,livestock,high,mixed,1167.0,350571.0,55,0,1,2.6,0,0.0,0.0
SYN-006218,0.411,mixed_farming,medium,masonry,1231.0,570048.0,29,0,1,13.1,0,0.0,0.0
SYN-006219,0.5,crop_farming,medium,masonry,4847.0,1559628.0,58,0,1,8.4,0,0.0,0.0
SYN-006220,0.602,livestock,low,masonry,1480.0,766834.0,21,0,1,11.8,0,0.0,0.0
SYN-006221,0.761,livestock,medium,masonry,630.0,188344.0,11,0,0,18.0,0,0.0,0.0
SYN-006222,0.875,crop_farming,low,mixed,2138.0,1098779.0,19,2,0,16.9,0,0.0,0.0
SYN-006223,0.976,livestock,high,masonry,1574.0,564644.0,79,1,1,8.1,0,0.0,0.0
SYN-006224,0.76,crop_farming,high,masonry,792.0,290865.0,71,0,1,12.4,0,0.0,0.0
SYN-006225,0.837,livestock,medium,masonry,591.0,262163.0,11,0,1,7.1,0,0.0,0.0
SYN-006226,0.773,crop_farming,high,masonry,1415.0,435655.0,65,0,1,7.1,0,0.0,0.0
SYN-006227,0.658,livestock,low,masonry,1166.0,477993.0,30,0,1,6.3,0,0.0,0.0
SYN-006228,0.766,livestock,low,mixed,540.0,216173.0,17,0,1,15.0,0,0.0,0.0
SYN-006229,0.64,livestock,medium,masonry,1144.0,558159.0,23,0,1,11.1,0,0.0,0.0
SYN-006230,0.672,livestock,medium,wood,1098.0,486022.0,6,0,1,11.2,0,0.0,0.0
SYN-006231,0.947,viticulture,high,mixed,1164.0,466345.0,17,1,1,5.8,0,0.0,0.0
SYN-006232,0.738,livestock,low,masonry,1668.0,856670.0,13,0,1,13.9,0,0.0,0.0
SYN-006233,0.46,mixed_farming,medium,wood,386.0,133025.0,13,0,1,14.1,0,0.0,0.0
SYN-006234,0.714,crop_farming,low,mixed,588.0,273716.0,25,0,1,2.2,0,0.0,0.0
SYN-006235,0.972,livestock,low,mixed,883.0,379990.0,73,0,0,24.2,0,0.0,0.0
SYN-006236,0.46,crop_farming,medium,masonry,2870.0,850620.0,49,0,0,5.6,0,0.0,0.0
SYN-006237,0.983,livestock,high,mixed,5648.0,2504305.0,15,0,1,11.3,0,0.0,0.0
SYN-006238,0.993,mixed_farming,medium,masonry,1216.0,715705.0,54,0,0,4.0,0,0.0,0.0
SYN-006239,0.736,mixed_farming,medium,masonry,1248.0,414916.0,75,0,1,5.9,1,17992.39,17992.39
SYN-006240,0.599,livestock,low,masonry,248.0,149193.0,10,0,1,17.8,0,0.0,0.0
SYN-006241,0.405,mixed_farming,low,masonry,2182.0,852915.0,20,0,0,3.8,0,0.0,0.0
SYN-006242,0.409,crop_farming,low,mixed,1623.0,599038.0,37,0,1,9.9,0,0.0,0.0
SYN-006243,0.633,crop_farming,high,masonry,1457.0,463919.0,12,0,1,6.9,0,0.0,0.0
SYN-006244,0.87,mixed_farming,low,masonry,539.0,257624.0,42,0,1,1.8,0,0.0,0.0
SYN-006245,0.965,crop_farming,low,mixed,4389.0,1319446.0,50,0,0,12.2,0,0.0,0.0
SYN-006246,0.493,crop_farming,medium,masonry,3256.0,1518900.0,21,0,1,15.1,0,0.0,0.0
SYN-006247,0.693,viticulture,medium,masonry,1468.0,489678.0,21,0,1,7.9,0,0.0,0.0
SYN-006248,0.701,viticulture,medium,masonry,2310.0,986031.0,59,0,0,13.9,0,0.0,0.0
SYN-006249,0.628,mixed_farming,low,wood,1253.0,362883.0,45,0,1,6.2,0,0.0,0.0
SYN-006250,0.724,livestock,medium,mixed,2067.0,590384.0,48,0,0,6.0,0,0.0,0.0
SYN-006251,0.955,mixed_farming,medium,mixed,518.0,238850.0,6,0,1,14.5,0,0.0,0.0
SYN-006252,0.663,crop_farming,low,mixed,276.0,181802.0,59,0,1,6.1,0,0.0,0.0
SYN-006253,0.483,livestock,medium,mixed,531.0,217725.0,46,1,0,17.2,0,0.0,0.0
SYN-006254,0.799,livestock,low,mixed,718.0,345961.0,56,0,1,21.8,0,0.0,0.0
SYN-006255,0.419,viticulture,high,mixed,798.0,372315.0,27,0,1,7.5,0,0.0,0.0
SYN-006256,0.964,viticulture,high,wood,1622.0,517367.0,72,0,1,12.6,0,0.0,0.0
SYN-006257,0.964,mixed_farming,low,mixed,1025.0,282211.0,1,1,1,18.5,0,0.0,0.0
SYN-006258,0.455,crop_farming,medium,masonry,1190.0,398839.0,54,0,0,2.3,0,0.0,0.0
SYN-006259,0.731,livestock,medium,masonry,561.0,229340.0,5,0,1,5.6,0,0.0,0.0
SYN-006260,0.878,crop_farming,high,masonry,530.0,273848.0,65,0,0,10.8,0,0.0,0.0
SYN-006261,0.679,mixed_farming,medium,masonry,1245.0,542651.0,67,0,1,10.3,0,0.0,0.0
SYN-006262,0.687,crop_farming,medium,wood,852.0,281272.0,41,0,1,11.5,0,0.0,0.0
SYN-006263,0.982,crop_farming,low,mixed,1216.0,469948.0,45,0,0,7.5,0,0.0,0.0
SYN-006264,0.538,mixed_farming,low,mixed,1727.0,592682.0,19,0,1,7.5,0,0.0,0.0
SYN-006265,0.716,livestock,medium,mixed,3518.0,1868336.0,1,0,0,14.1,0,0.0,0.0
SYN-006266,0.469,mixed_farming,medium,wood,1196.0,615891.0,8,0,0,12.1,0,0.0,0.0
SYN-006267,0.581,crop_farming,high,mixed,3939.0,2019893.0,19,0,0,0.7,0,0.0,0.0
SYN-006268,0.911,mixed_farming,high,masonry,1578.0,726950.0,40,0,1,13.0,0,0.0,0.0
SYN-006269,0.83,crop_farming,medium,masonry,1897.0,993915.0,16,1,1,7.5,0,0.0,0.0
SYN-006270,0.767,crop_farming,medium,masonry,2403.0,697518.0,64,1,1,9.9,1,2187.17,2187.17
SYN-006271,0.468,livestock,high,masonry,1935.0,837519.0,57,0,1,1.4,0,0.0,0.0
SYN-006272,0.91,crop_farming,high,masonry,720.0,383361.0,47,0,1,11.4,0,0.0,0.0
SYN-006273,0.579,mixed_farming,high,masonry,2450.0,909610.0,53,0,0,29.7,0,0.0,0.0
SYN-006274,0.721,crop_farming,high,masonry,950.0,345802.0,3,0,1,1.5,0,0.0,0.0
SYN-006275,0.54,crop_farming,medium,masonry,1475.0,648022.0,21,0,1,14.8,0,0.0,0.0
SYN-006276,0.712,mixed_farming,medium,wood,1321.0,783353.0,20,1,0,13.2,0,0.0,0.0
SYN-006277,0.737,crop_farming,medium,masonry,2550.0,1034601.0,2,1,1,3.7,0,0.0,0.0
SYN-006278,0.604,mixed_farming,low,mixed,1565.0,495979.0,36,0,0,4.8,0,0.0,0.0
SYN-006279,0.704,mixed_farming,medium,masonry,492.0,144921.0,32,0,0,6.7,0,0.0,0.0
SYN-006280,0.644,crop_farming,medium,wood,4720.0,1176614.0,33,0,0,7.3,0,0.0,0.0
SYN-006281,0.818,mixed_farming,medium,mixed,2085.0,1307080.0,54,0,1,11.0,0,0.0,0.0
SYN-006282,0.726,crop_farming,low,wood,847.0,317325.0,56,0,1,3.6,0,0.0,0.0
SYN-006283,0.927,livestock,medium,masonry,579.0,176505.0,27,0,1,6.4,0,0.0,0.0
SYN-006284,0.43,crop_farming,medium,mixed,2246.0,1200037.0,15,0,0,13.7,0,0.0,0.0
SYN-006285,0.416,mixed_farming,medium,masonry,625.0,327112.0,31,1,1,1.4,0,0.0,0.0
SYN-006286,0.513,livestock,low,masonry,2040.0,1008684.0,30,0,1,13.7,1,1630.12,1630.12
SYN-006287,0.471,livestock,medium,mixed,2428.0,1135372.0,7,0,1,3.8,0,0.0,0.0
SYN-006288,0.716,viticulture,low,masonry,794.0,430754.0,43,0,1,15.1,0,0.0,0.0
SYN-006289,0.52,livestock,low,masonry,750.0,413782.0,31,0,0,4.1,0,0.0,0.0
SYN-006290,0.41,mixed_farming,medium,wood,893.0,491691.0,79,1,1,4.2,0,0.0,0.0
SYN-006291,0.57,mixed_farming,high,masonry,637.0,238144.0,11,0,1,7.4,0,0.0,0.0
SYN-006292,0.706,viticulture,medium,mixed,1407.0,530762.0,75,0,1,8.8,0,0.0,0.0
SYN-006293,0.829,viticulture,medium,masonry,1544.0,818950.0,28,0,0,6.9,0,0.0,0.0
SYN-006294,0.663,viticulture,high,masonry,1945.0,950911.0,31,0,1,5.3,0,0.0,0.0
SYN-006295,0.978,crop_farming,medium,masonry,705.0,350799.0,21,0,1,12.4,0,0.0,0.0
SYN-006296,0.52,mixed_farming,high,masonry,2092.0,1028996.0,27,0,0,3.8,0,0.0,0.0
SYN-006297,0.708,mixed_farming,low,mixed,638.0,303134.0,4,1,1,12.1,0,0.0,0.0
SYN-006298,0.552,mixed_farming,medium,wood,2091.0,714524.0,76,1,0,5.7,1,2940.25,2940.25
SYN-006299,0.884,crop_farming,low,masonry,461.0,192880.0,27,0,1,11.6,0,0.0,0.0
SYN-006300,0.513,viticulture,medium,masonry,3358.0,1684168.0,69,0,1,3.5,0,0.0,0.0
SYN-006301,0.977,crop_farming,high,mixed,864.0,424629.0,62,0,1,8.5,0,0.0,0.0
SYN-006302,0.83,livestock,medium,masonry,1789.0,899903.0,57,0,1,3.1,0,0.0,0.0
SYN-006303,0.734,livestock,medium,masonry,1884.0,887286.0,31,0,1,5.8,0,0.0,0.0
SYN-006304,0.719,crop_farming,low,masonry,531.0,296261.0,50,0,0,10.5,1,10950.13,10950.13
SYN-006305,0.617,mixed_farming,high,mixed,2086.0,759980.0,29,1,1,6.7,1,10073.51,10073.51
SYN-006306,0.413,crop_farming,medium,masonry,847.0,444611.0,59,0,1,19.1,0,0.0,0.0
SYN-006307,0.949,mixed_farming,low,masonry,993.0,341602.0,67,1,0,5.4,0,0.0,0.0
SYN-006308,0.877,mixed_farming,high,wood,784.0,390999.0,57,0,1,11.4,0,0.0,0.0
SYN-006309,0.481,livestock,medium,wood,3460.0,878807.0,33,0,0,4.0,0,0.0,0.0
SYN-006310,0.473,mixed_farming,medium,mixed,567.0,236810.0,67,0,0,19.0,0,0.0,0.0
SYN-006311,0.585,crop_farming,low,mixed,1603.0,805581.0,1,0,1,15.5,0,0.0,0.0
SYN-006312,0.858,mixed_farming,low,wood,808.0,378265.0,58,0,0,9.0,0,0.0,0.0
SYN-006313,0.702,viticulture,high,mixed,2463.0,754610.0,67,0,0,8.1,0,0.0,0.0
SYN-006314,0.793,crop_farming,medium,mixed,5480.0,1244215.0,53,0,0,6.9,0,0.0,0.0
SYN-006315,0.404,mixed_farming,high,masonry,805.0,333126.0,39,0,1,11.0,0,0.0,0.0
SYN-006316,0.954,livestock,low,masonry,1327.0,580954.0,75,0,1,13.9,0,0.0,0.0
SYN-006317,0.499,livestock,medium,mixed,944.0,523282.0,3,3,1,2.3,0,0.0,0.0
SYN-006318,0.591,mixed_farming,medium,mixed,2380.0,908785.0,76,0,1,9.4,0,0.0,0.0
SYN-006319,0.968,livestock,medium,masonry,1031.0,328518.0,22,0,1,1.2,0,0.0,0.0
SYN-006320,0.84,mixed_farming,medium,mixed,2183.0,1040366.0,34,0,1,10.5,0,0.0,0.0
SYN-006321,0.707,crop_farming,medium,mixed,936.0,363049.0,22,0,1,9.8,0,0.0,0.0
SYN-006322,0.918,livestock,medium,masonry,5210.0,2535261.0,80,0,0,2.5,0,0.0,0.0
SYN-006323,0.437,mixed_farming,high,mixed,292.0,117707.0,31,0,0,3.4,0,0.0,0.0
SYN-006324,0.446,crop_farming,low,masonry,1548.0,594411.0,32,0,1,6.1,0,0.0,0.0
SYN-006325,0.493,mixed_farming,medium,mixed,1204.0,497095.0,49,1,1,4.0,0,0.0,0.0
SYN-006326,0.559,crop_farming,medium,wood,1176.0,501712.0,20,1,1,2.0,0,0.0,0.0
SYN-006327,0.825,mixed_farming,low,wood,1459.0,506121.0,28,0,0,3.7,0,0.0,0.0
SYN-006328,0.719,livestock,low,wood,1259.0,458553.0,17,0,1,13.5,0,0.0,0.0
SYN-006329,0.656,livestock,high,mixed,1397.0,668324.0,58,0,1,10.0,0,0.0,0.0
SYN-006330,0.87,crop_farming,low,masonry,1580.0,505189.0,10,0,1,8.9,0,0.0,0.0
SYN-006331,0.59,livestock,low,mixed,3778.0,1117597.0,53,0,0,8.5,0,0.0,0.0
SYN-006332,0.451,viticulture,medium,masonry,201.0,182987.0,30,0,0,6.1,0,0.0,0.0
SYN-006333,0.638,livestock,low,mixed,4026.0,1370817.0,9,0,1,2.5,0,0.0,0.0
SYN-006334,0.86,livestock,low,masonry,6399.0,2378701.0,78,0,1,7.4,0,0.0,0.0
SYN-006335,0.684,mixed_farming,low,masonry,388.0,241804.0,28,1,0,1.3,0,0.0,0.0
SYN-006336,0.986,livestock,low,masonry,1250.0,350140.0,26,0,0,6.5,0,0.0,0.0
SYN-006337,0.914,livestock,medium,masonry,2955.0,1611433.0,7,0,1,4.2,0,0.0,0.0
SYN-006338,0.875,livestock,high,masonry,2202.0,827669.0,74,0,1,3.6,0,0.0,0.0
SYN-006339,0.864,crop_farming,low,masonry,3603.0,1825971.0,73,0,1,11.5,0,0.0,0.0
SYN-006340,0.749,mixed_farming,medium,masonry,1543.0,753764.0,9,0,1,6.1,0,0.0,0.0
SYN-006341,0.941,mixed_farming,medium,masonry,323.0,131335.0,23,0,0,30.2,0,0.0,0.0
SYN-006342,0.754,viticulture,low,wood,2830.0,1088426.0,12,0,1,10.7,0,0.0,0.0
SYN-006343,0.624,mixed_farming,medium,masonry,1832.0,733044.0,57,0,1,15.1,0,0.0,0.0
SYN-006344,0.518,livestock,medium,mixed,3144.0,854203.0,14,0,1,14.4,1,6136.63,6136.63
SYN-006345,0.888,crop_farming,low,masonry,447.0,250053.0,32,0,1,6.3,0,0.0,0.0
SYN-006346,0.623,mixed_farming,medium,wood,550.0,288165.0,44,1,1,8.4,0,0.0,0.0
SYN-006347,0.875,viticulture,low,mixed,1225.0,394717.0,77,0,1,7.6,0,0.0,0.0
SYN-006348,0.99,mixed_farming,high,wood,2883.0,881278.0,80,0,1,2.7,0,0.0,0.0
SYN-006349,0.639,livestock,high,wood,3455.0,1112513.0,34,0,1,14.5,0,0.0,0.0
SYN-006350,0.604,mixed_farming,high,mixed,756.0,367765.0,17,0,0,6.3,0,0.0,0.0
SYN-006351,0.502,mixed_farming,low,masonry,931.0,295490.0,46,1,0,5.2,0,0.0,0.0
SYN-006352,0.685,viticulture,medium,masonry,7838.0,3970370.0,27,1,1,3.5,0,0.0,0.0
SYN-006353,0.792,mixed_farming,medium,masonry,846.0,251762.0,36,0,1,21.2,0,0.0,0.0
SYN-006354,0.588,livestock,low,wood,1880.0,954055.0,69,0,1,7.5,0,0.0,0.0
SYN-006355,0.691,crop_farming,high,wood,904.0,473949.0,34,0,0,9.9,0,0.0,0.0
SYN-006356,0.722,livestock,medium,masonry,1650.0,599009.0,43,1,1,6.4,0,0.0,0.0
SYN-006357,0.565,livestock,low,mixed,690.0,281789.0,45,0,1,7.6,0,0.0,0.0
SYN-006358,0.414,viticulture,high,masonry,703.0,235115.0,28,0,0,4.1,0,0.0,0.0
SYN-006359,0.529,livestock,low,mixed,952.0,351481.0,72,0,0,4.3,0,0.0,0.0
SYN-006360,0.882,livestock,medium,mixed,850.0,237381.0,34,1,1,4.9,0,0.0,0.0
SYN-006361,0.567,livestock,low,masonry,995.0,440074.0,48,1,0,18.3,0,0.0,0.0
SYN-006362,0.408,mixed_farming,low,wood,1706.0,759216.0,59,1,0,19.5,0,0.0,0.0
SYN-006363,0.655,livestock,high,masonry,4141.0,1443483.0,66,1,0,9.9,0,0.0,0.0
SYN-006364,0.809,crop_farming,medium,mixed,826.0,439767.0,29,0,0,9.7,0,0.0,0.0
SYN-006365,0.851,mixed_farming,low,mixed,637.0,351876.0,3,0,1,4.9,0,0.0,0.0
SYN-006366,0.648,livestock,medium,masonry,1219.0,383577.0,53,0,1,11.6,1,789.33,789.33
SYN-006367,0.743,livestock,high,masonry,697.0,397075.0,9,0,1,9.9,1,23675.21,23675.21
SYN-006368,0.847,crop_farming,high,masonry,419.0,172106.0,65,1,1,10.2,0,0.0,0.0
SYN-006369,0.934,livestock,high,mixed,2421.0,1103464.0,80,0,1,2.5,0,0.0,0.0
SYN-006370,0.784,mixed_farming,high,wood,1277.0,719619.0,5,1,1,22.3,0,0.0,0.0
SYN-006371,0.815,mixed_farming,medium,masonry,1361.0,519275.0,2,2,0,6.8,0,0.0,0.0
SYN-006372,0.459,crop_farming,low,masonry,346.0,169786.0,60,0,1,5.2,0,0.0,0.0
SYN-006373,0.652,viticulture,high,masonry,829.0,367690.0,57,0,1,7.1,0,0.0,0.0
SYN-006374,0.933,mixed_farming,low,masonry,483.0,181707.0,76,0,0,4.7,0,0.0,0.0
SYN-006375,0.496,crop_farming,low,masonry,1196.0,497967.0,11,0,1,7.7,0,0.0,0.0
SYN-006376,0.586,crop_farming,medium,mixed,1323.0,778057.0,7,0,1,8.6,0,0.0,0.0
SYN-006377,0.807,crop_farming,low,masonry,1322.0,532480.0,30,0,1,11.8,0,0.0,0.0
SYN-006378,0.941,mixed_farming,medium,mixed,786.0,243548.0,7,1,1,4.0,0,0.0,0.0
SYN-006379,0.435,crop_farming,high,masonry,696.0,414984.0,73,0,1,5.3,0,0.0,0.0
SYN-006380,0.922,livestock,medium,mixed,1069.0,497040.0,50,0,1,6.1,0,0.0,0.0
SYN-006381,0.532,mixed_farming,medium,masonry,1529.0,601868.0,54,0,1,5.0,1,8320.44,8320.44
SYN-006382,0.917,mixed_farming,medium,masonry,832.0,419482.0,55,1,1,19.1,0,0.0,0.0
SYN-006383,0.934,mixed_farming,medium,masonry,659.0,302937.0,42,0,1,6.5,0,0.0,0.0
SYN-006384,0.865,mixed_farming,low,mixed,678.0,183736.0,37,0,0,15.7,0,0.0,0.0
SYN-006385,0.954,crop_farming,low,wood,790.0,328010.0,18,0,1,10.0,0,0.0,0.0
SYN-006386,0.977,mixed_farming,medium,masonry,903.0,380656.0,75,0,0,11.7,0,0.0,0.0
SYN-006387,0.955,crop_farming,medium,masonry,594.0,315945.0,45,0,0,4.3,0,0.0,0.0
SYN-006388,0.708,crop_farming,medium,mixed,907.0,445766.0,11,0,1,13.6,1,30761.49,30761.49
SYN-006389,0.678,viticulture,low,masonry,2707.0,1280113.0,14,0,0,8.0,0,0.0,0.0
SYN-006390,0.463,crop_farming,low,mixed,1001.0,493371.0,10,0,1,3.4,0,0.0,0.0
SYN-006391,0.53,crop_farming,medium,masonry,542.0,197151.0,72,0,1,3.5,0,0.0,0.0
SYN-006392,0.791,mixed_farming,medium,wood,279.0,154498.0,1,0,1,1.8,0,0.0,0.0
SYN-006393,0.476,livestock,medium,mixed,3998.0,1796270.0,75,0,0,11.0,0,0.0,0.0
SYN-006394,0.965,crop_farming,high,masonry,2542.0,1196644.0,66,0,0,6.2,0,0.0,0.0
SYN-006395,0.536,mixed_farming,medium,mixed,1458.0,703872.0,12,0,0,10.2,0,0.0,0.0
SYN-006396,0.453,mixed_farming,low,masonry,2581.0,705877.0,8,0,1,15.2,0,0.0,0.0
SYN-006397,0.541,mixed_farming,medium,mixed,1708.0,612421.0,75,0,1,2.0,1,11147.58,11147.58
SYN-006398,0.429,crop_farming,low,mixed,1154.0,552534.0,49,0,1,6.0,0,0.0,0.0
SYN-006399,0.5,livestock,low,mixed,541.0,188496.0,74,0,0,2.4,0,0.0,0.0
SYN-006400,0.753,mixed_farming,medium,masonry,4191.0,1099485.0,75,0,1,5.1,0,0.0,0.0
SYN-006401,0.573,crop_farming,low,masonry,912.0,486076.0,1,1,1,2.9,0,0.0,0.0
SYN-006402,0.881,crop_farming,low,masonry,945.0,509345.0,5,0,0,19.3,0,0.0,0.0
SYN-006403,0.643,crop_farming,high,mixed,1242.0,448708.0,64,0,0,5.8,0,0.0,0.0
SYN-006404,0.828,livestock,medium,mixed,1256.0,323838.0,10,0,1,22.3,0,0.0,0.0
SYN-006405,0.825,crop_farming,high,masonry,1761.0,621702.0,67,0,1,10.3,0,0.0,0.0
SYN-006406,0.481,mixed_farming,high,mixed,1634.0,415039.0,70,2,1,10.5,0,0.0,0.0
SYN-006407,0.434,viticulture,low,mixed,833.0,284181.0,39,0,1,4.0,0,0.0,0.0
SYN-006408,0.905,crop_farming,medium,mixed,1233.0,434883.0,23,0,1,4.9,0,0.0,0.0
SYN-006409,0.821,mixed_farming,medium,masonry,1725.0,906487.0,80,0,1,6.1,0,0.0,0.0
SYN-006410,0.505,crop_farming,medium,masonry,788.0,396733.0,34,0,1,10.6,0,0.0,0.0
SYN-006411,0.808,crop_farming,low,masonry,3104.0,724310.0,20,0,1,1.2,0,0.0,0.0
SYN-006412,0.598,mixed_farming,low,mixed,1196.0,509934.0,47,0,1,2.4,0,0.0,0.0
SYN-006413,0.434,livestock,low,mixed,3426.0,843151.0,27,0,0,9.7,0,0.0,0.0
SYN-006414,0.537,viticulture,medium,wood,490.0,263343.0,58,0,1,2.3,0,0.0,0.0
SYN-006415,0.853,livestock,low,masonry,1855.0,638818.0,79,0,0,9.2,0,0.0,0.0
SYN-006416,0.634,crop_farming,medium,mixed,679.0,349190.0,15,1,0,18.8,0,0.0,0.0
SYN-006417,0.727,livestock,high,wood,802.0,326751.0,20,1,0,4.5,0,0.0,0.0
SYN-006418,0.482,crop_farming,medium,masonry,2182.0,665980.0,70,0,1,12.7,0,0.0,0.0
SYN-006419,0.456,mixed_farming,medium,masonry,1045.0,355718.0,68,0,1,8.9,0,0.0,0.0
SYN-006420,0.544,mixed_farming,low,masonry,6557.0,3309633.0,62,0,1,3.0,0,0.0,0.0
SYN-006421,0.684,livestock,high,mixed,1697.0,897255.0,12,0,1,1.0,0,0.0,0.0
SYN-006422,0.908,livestock,medium,masonry,771.0,497240.0,8,0,1,7.0,0,0.0,0.0
SYN-006423,0.858,mixed_farming,medium,masonry,1699.0,735704.0,24,1,1,19.7,0,0.0,0.0
SYN-006424,0.496,mixed_farming,high,masonry,1039.0,293600.0,9,0,1,8.2,0,0.0,0.0
SYN-006425,0.443,crop_farming,low,mixed,2081.0,1153068.0,39,0,0,16.8,0,0.0,0.0
SYN-006426,0.535,crop_farming,medium,wood,1000.0,451652.0,57,0,1,23.3,0,0.0,0.0
SYN-006427,0.911,crop_farming,low,mixed,1579.0,763174.0,58,0,1,9.3,0,0.0,0.0
SYN-006428,0.71,livestock,low,wood,1379.0,731356.0,38,0,1,13.3,0,0.0,0.0
SYN-006429,0.884,livestock,medium,mixed,1275.0,621265.0,30,0,0,2.7,0,0.0,0.0
SYN-006430,0.622,crop_farming,medium,mixed,2386.0,1077591.0,37,0,0,11.9,0,0.0,0.0
SYN-006431,0.754,livestock,low,masonry,375.0,205374.0,57,1,0,15.1,0,0.0,0.0
SYN-006432,0.757,livestock,medium,wood,1291.0,670418.0,18,1,0,6.2,0,0.0,0.0
SYN-006433,0.776,crop_farming,high,wood,768.0,406804.0,1,0,0,6.8,0,0.0,0.0
SYN-006434,0.682,viticulture,high,mixed,504.0,343329.0,57,1,0,16.5,0,0.0,0.0
SYN-006435,0.544,mixed_farming,low,masonry,703.0,358837.0,51,0,1,5.2,0,0.0,0.0
SYN-006436,0.657,livestock,medium,masonry,810.0,453306.0,10,0,1,9.4,0,0.0,0.0
SYN-006437,0.985,livestock,low,masonry,1040.0,482478.0,49,0,0,8.0,0,0.0,0.0
SYN-006438,0.563,livestock,medium,masonry,1509.0,623624.0,30,0,0,21.7,0,0.0,0.0
SYN-006439,0.835,mixed_farming,medium,masonry,1724.0,452283.0,73,0,1,12.1,0,0.0,0.0
SYN-006440,0.967,livestock,medium,masonry,929.0,387591.0,58,0,1,6.7,0,0.0,0.0
SYN-006441,0.74,livestock,low,masonry,3395.0,1323582.0,39,0,0,8.1,0,0.0,0.0
SYN-006442,0.694,viticulture,medium,wood,952.0,359248.0,79,0,1,1.2,0,0.0,0.0
SYN-006443,0.473,mixed_farming,low,mixed,342.0,220114.0,57,1,0,16.6,0,0.0,0.0
SYN-006444,0.852,mixed_farming,low,mixed,969.0,575244.0,17,0,1,10.4,0,0.0,0.0
SYN-006445,0.947,crop_farming,medium,masonry,1250.0,374245.0,50,1,1,5.8,0,0.0,0.0
SYN-006446,0.988,crop_farming,low,masonry,150.0,141168.0,51,0,1,10.6,0,0.0,0.0
SYN-006447,0.521,mixed_farming,medium,masonry,2657.0,757214.0,65,0,1,12.1,0,0.0,0.0
SYN-006448,0.952,livestock,medium,wood,1136.0,560073.0,6,1,1,8.7,0,0.0,0.0
SYN-006449,0.622,mixed_farming,medium,masonry,573.0,331225.0,73,0,0,9.0,0,0.0,0.0
SYN-006450,0.771,mixed_farming,medium,mixed,649.0,326640.0,22,0,1,1.9,1,5743.33,5743.33
SYN-006451,0.534,crop_farming,medium,masonry,1988.0,638697.0,41,0,0,10.8,0,0.0,0.0
SYN-006452,0.549,crop_farming,high,masonry,2153.0,1019632.0,8,0,1,11.0,0,0.0,0.0
SYN-006453,0.771,livestock,low,masonry,795.0,614265.0,14,0,1,15.6,1,5346.61,5346.61
SYN-006454,0.691,crop_farming,medium,masonry,502.0,293476.0,67,1,0,13.7,0,0.0,0.0
SYN-006455,0.979,mixed_farming,medium,masonry,1320.0,447919.0,60,0,0,5.8,1,4777.63,4777.63
SYN-006456,0.559,mixed_farming,low,wood,1487.0,699612.0,34,0,1,9.7,0,0.0,0.0
SYN-006457,0.927,livestock,low,masonry,1750.0,398195.0,7,0,1,9.7,0,0.0,0.0
SYN-006458,0.676,mixed_farming,low,masonry,840.0,409018.0,72,0,0,12.4,0,0.0,0.0
SYN-006459,0.481,livestock,medium,masonry,1119.0,409490.0,14,0,0,6.1,0,0.0,0.0
SYN-006460,0.543,mixed_farming,medium,wood,1228.0,504607.0,4,1,0,10.6,0,0.0,0.0
SYN-006461,0.853,crop_farming,medium,mixed,2272.0,794617.0,20,0,1,15.6,0,0.0,0.0
SYN-006462,0.896,mixed_farming,medium,mixed,2876.0,859081.0,56,0,0,8.4,0,0.0,0.0
SYN-006463,0.424,mixed_farming,medium,masonry,3430.0,1109294.0,24,0,1,8.2,0,0.0,0.0
SYN-006464,0.646,crop_farming,low,wood,2826.0,1693088.0,42,0,0,3.7,0,0.0,0.0
SYN-006465,0.697,livestock,medium,masonry,3939.0,1744850.0,10,0,1,12.9,0,0.0,0.0
SYN-006466,0.769,mixed_farming,medium,mixed,2342.0,1178483.0,56,0,1,7.1,0,0.0,0.0
SYN-006467,0.79,crop_farming,low,mixed,826.0,445786.0,78,1,1,6.2,0,0.0,0.0
SYN-006468,0.898,mixed_farming,low,masonry,3284.0,1054747.0,78,0,1,8.1,0,0.0,0.0
SYN-006469,0.564,viticulture,low,masonry,495.0,228613.0,73,0,1,4.3,0,0.0,0.0
SYN-006470,0.467,mixed_farming,high,masonry,5636.0,2171690.0,78,1,1,13.5,0,0.0,0.0
SYN-006471,0.512,livestock,low,masonry,643.0,183462.0,68,0,1,11.5,0,0.0,0.0
SYN-006472,0.962,mixed_farming,low,masonry,2158.0,632900.0,67,0,0,8.6,0,0.0,0.0
SYN-006473,0.728,viticulture,low,masonry,3099.0,1473789.0,61,0,1,5.8,0,0.0,0.0
SYN-006474,0.531,livestock,low,masonry,1634.0,859444.0,17,1,1,9.0,0,0.0,0.0
SYN-006475,0.872,crop_farming,medium,mixed,320.0,183774.0,15,0,1,9.2,0,0.0,0.0
SYN-006476,0.752,crop_farming,medium,masonry,654.0,262350.0,61,0,1,19.3,0,0.0,0.0
SYN-006477,0.62,mixed_farming,medium,mixed,1528.0,688327.0,23,0,1,19.9,0,0.0,0.0
SYN-006478,0.411,livestock,high,masonry,1832.0,863205.0,77,0,1,5.1,0,0.0,0.0
SYN-006479,0.87,crop_farming,low,masonry,1079.0,395253.0,54,0,1,5.4,0,0.0,0.0
SYN-006480,0.83,livestock,medium,masonry,1272.0,635320.0,28,0,1,15.2,0,0.0,0.0
SYN-006481,0.557,mixed_farming,medium,wood,466.0,262731.0,43,0,1,5.2,0,0.0,0.0
SYN-006482,0.559,livestock,medium,masonry,3840.0,950642.0,28,0,1,12.5,0,0.0,0.0
SYN-006483,0.563,mixed_farming,high,mixed,948.0,338112.0,19,0,0,11.8,0,0.0,0.0
SYN-006484,0.802,mixed_farming,low,mixed,2024.0,976229.0,39,0,1,5.3,0,0.0,0.0
SYN-006485,0.577,viticulture,medium,mixed,3018.0,720741.0,48,0,1,9.0,1,16335.21,16335.21
SYN-006486,0.586,mixed_farming,medium,masonry,572.0,296949.0,56,1,1,2.7,0,0.0,0.0
SYN-006487,0.626,crop_farming,low,masonry,1317.0,791300.0,28,0,0,10.5,0,0.0,0.0
SYN-006488,0.988,mixed_farming,high,mixed,1452.0,660732.0,20,0,1,10.1,0,0.0,0.0
SYN-006489,0.676,crop_farming,low,mixed,1025.0,537210.0,13,0,1,8.5,0,0.0,0.0
SYN-006490,0.626,viticulture,low,mixed,2214.0,922507.0,13,0,0,6.1,0,0.0,0.0
SYN-006491,0.682,crop_farming,medium,mixed,785.0,311084.0,47,0,1,1.5,0,0.0,0.0
SYN-006492,0.832,mixed_farming,medium,masonry,1256.0,593203.0,23,0,1,16.4,0,0.0,0.0
SYN-006493,0.93,mixed_farming,high,mixed,952.0,487974.0,50,0,1,4.0,1,5240.66,5240.66
SYN-006494,0.994,crop_farming,high,mixed,5495.0,2553176.0,52,0,1,9.8,0,0.0,0.0
SYN-006495,0.692,mixed_farming,low,wood,788.0,523195.0,67,0,1,6.3,0,0.0,0.0
SYN-006496,0.676,crop_farming,medium,mixed,1967.0,929288.0,4,0,1,6.3,0,0.0,0.0
SYN-006497,0.598,livestock,high,masonry,3896.0,1776445.0,72,0,0,11.3,0,0.0,0.0
SYN-006498,0.867,livestock,low,mixed,667.0,300979.0,75,0,1,20.0,0,0.0,0.0
SYN-006499,0.793,livestock,medium,mixed,1289.0,427952.0,37,2,1,1.1,0,0.0,0.0
SYN-006500,0.618,mixed_farming,high,masonry,638.0,281409.0,45,0,1,8.1,1,10584.59,10584.59
SYN-006501,0.711,viticulture,low,masonry,328.0,213846.0,74,0,0,14.8,0,0.0,0.0
SYN-006502,0.523,livestock,high,masonry,728.0,355072.0,9,0,1,3.7,0,0.0,0.0
SYN-006503,0.816,livestock,medium,masonry,837.0,382655.0,77,0,1,19.2,0,0.0,0.0
SYN-006504,0.551,mixed_farming,high,mixed,869.0,287127.0,58,1,1,2.4,0,0.0,0.0
SYN-006505,0.61,mixed_farming,medium,masonry,997.0,282922.0,57,0,1,5.9,0,0.0,0.0
SYN-006506,0.441,crop_farming,medium,mixed,1217.0,522473.0,23,1,0,3.4,0,0.0,0.0
SYN-006507,0.532,viticulture,medium,masonry,557.0,317146.0,80,0,1,4.7,0,0.0,0.0
SYN-006508,0.517,crop_farming,low,mixed,1523.0,667486.0,62,0,1,17.5,0,0.0,0.0
SYN-006509,0.841,mixed_farming,medium,mixed,2667.0,1217240.0,76,2,1,3.4,0,0.0,0.0
SYN-006510,0.817,livestock,high,mixed,2878.0,998178.0,71,0,1,8.5,0,0.0,0.0
SYN-006511,0.723,mixed_farming,high,masonry,1023.0,564012.0,54,0,1,4.9,0,0.0,0.0
SYN-006512,0.632,crop_farming,high,wood,2167.0,1031091.0,41,0,0,11.1,0,0.0,0.0
SYN-006513,0.934,crop_farming,medium,masonry,778.0,370123.0,31,0,1,7.4,0,0.0,0.0
SYN-006514,0.93,mixed_farming,medium,mixed,970.0,603825.0,15,0,1,7.4,0,0.0,0.0
SYN-006515,0.762,crop_farming,medium,masonry,1570.0,511629.0,4,0,1,4.4,0,0.0,0.0
SYN-006516,0.795,livestock,medium,masonry,975.0,398959.0,38,0,1,17.7,0,0.0,0.0
SYN-006517,0.878,mixed_farming,medium,mixed,533.0,355982.0,48,0,0,10.0,0,0.0,0.0
SYN-006518,0.834,mixed_farming,low,masonry,2083.0,538661.0,46,1,0,9.5,0,0.0,0.0
SYN-006519,0.535,crop_farming,low,masonry,707.0,247563.0,38,1,1,11.6,0,0.0,0.0
SYN-006520,0.702,livestock,medium,masonry,864.0,365435.0,29,1,0,4.9,0,0.0,0.0
SYN-006521,0.491,viticulture,low,masonry,2411.0,925438.0,33,0,0,14.0,0,0.0,0.0
SYN-006522,0.886,livestock,low,wood,1718.0,905203.0,62,1,0,10.3,0,0.0,0.0
SYN-006523,0.792,crop_farming,low,mixed,1359.0,693933.0,75,0,1,11.1,0,0.0,0.0
SYN-006524,0.987,crop_farming,high,masonry,466.0,123659.0,22,1,1,0.5,0,0.0,0.0
SYN-006525,0.482,livestock,high,mixed,569.0,229223.0,52,0,0,7.0,0,0.0,0.0
SYN-006526,0.706,viticulture,medium,mixed,1569.0,761621.0,68,0,1,6.2,0,0.0,0.0
SYN-006527,0.834,livestock,high,mixed,1825.0,797782.0,33,0,1,9.3,0,0.0,0.0
SYN-006528,0.92,crop_farming,high,mixed,1429.0,590158.0,36,2,1,16.8,0,0.0,0.0
SYN-006529,0.912,livestock,low,masonry,891.0,311565.0,45,0,0,5.0,0,0.0,0.0
SYN-006530,0.521,crop_farming,low,masonry,872.0,464624.0,47,0,0,9.2,0,0.0,0.0
SYN-006531,0.989,crop_farming,low,mixed,1394.0,507904.0,74,1,0,10.9,0,0.0,0.0
SYN-006532,0.989,viticulture,low,mixed,537.0,201585.0,5,0,1,8.4,0,0.0,0.0
SYN-006533,0.981,mixed_farming,medium,mixed,1286.0,317220.0,66,1,0,5.6,0,0.0,0.0
SYN-006534,0.768,crop_farming,low,masonry,491.0,343776.0,17,0,0,2.7,0,0.0,0.0
SYN-006535,0.899,livestock,high,mixed,611.0,309955.0,30,0,0,1.5,1,35906.66,35906.66
SYN-006536,0.446,crop_farming,medium,masonry,1361.0,455914.0,36,0,1,5.9,0,0.0,0.0
SYN-006537,0.553,crop_farming,medium,mixed,1771.0,705597.0,41,0,1,5.6,0,0.0,0.0
SYN-006538,0.455,mixed_farming,high,masonry,1513.0,858640.0,60,0,0,8.5,0,0.0,0.0
SYN-006539,0.703,livestock,high,mixed,587.0,266479.0,14,0,1,17.3,0,0.0,0.0
SYN-006540,0.979,mixed_farming,medium,wood,359.0,260115.0,78,0,1,6.5,0,0.0,0.0
SYN-006541,0.79,mixed_farming,medium,masonry,1205.0,386121.0,67,1,1,2.0,0,0.0,0.0
SYN-006542,0.677,crop_farming,high,mixed,353.0,156662.0,6,0,0,8.5,0,0.0,0.0
SYN-006543,0.876,viticulture,medium,mixed,2239.0,1163731.0,45,1,1,1.2,0,0.0,0.0
SYN-006544,0.73,livestock,high,masonry,600.0,232386.0,75,0,1,1.4,0,0.0,0.0
SYN-006545,0.675,crop_farming,low,masonry,5178.0,1334990.0,3,0,0,3.6,0,0.0,0.0
SYN-006546,0.778,mixed_farming,medium,mixed,649.0,188053.0,25,0,1,3.9,0,0.0,0.0
SYN-006547,0.707,crop_farming,medium,masonry,1637.0,458938.0,37,0,1,6.1,1,2164.34,2164.34
SYN-006548,0.785,livestock,low,masonry,751.0,303376.0,79,0,0,11.8,0,0.0,0.0
SYN-006549,0.882,mixed_farming,low,wood,1086.0,550218.0,45,0,1,5.2,0,0.0,0.0
SYN-006550,0.677,crop_farming,low,mixed,1366.0,644866.0,4,1,1,8.1,0,0.0,0.0
SYN-006551,0.649,mixed_farming,low,mixed,2120.0,656346.0,51,0,1,13.5,0,0.0,0.0
SYN-006552,0.735,crop_farming,low,mixed,2351.0,898442.0,41,1,0,25.0,0,0.0,0.0
SYN-006553,0.943,mixed_farming,medium,masonry,1944.0,1056463.0,48,0,1,4.5,0,0.0,0.0
SYN-006554,0.654,crop_farming,high,mixed,2379.0,1329101.0,63,0,0,5.6,0,0.0,0.0
SYN-006555,0.909,crop_farming,medium,masonry,812.0,448802.0,8,0,1,8.5,0,0.0,0.0
SYN-006556,0.77,livestock,medium,masonry,1848.0,507270.0,29,0,1,7.9,0,0.0,0.0
SYN-006557,0.407,mixed_farming,low,mixed,971.0,492368.0,11,0,1,7.1,0,0.0,0.0
SYN-006558,0.686,crop_farming,high,wood,2301.0,987056.0,78,1,1,5.3,0,0.0,0.0
SYN-006559,0.526,mixed_farming,low,masonry,1307.0,318097.0,75,0,1,2.1,0,0.0,0.0
SYN-006560,0.49,crop_farming,low,wood,1814.0,800331.0,74,0,0,7.2,0,0.0,0.0
SYN-006561,0.541,livestock,medium,mixed,1465.0,702399.0,21,0,0,5.2,1,6796.09,6796.09
SYN-006562,0.827,livestock,high,masonry,1987.0,935079.0,27,0,0,5.9,0,0.0,0.0
SYN-006563,0.776,crop_farming,high,masonry,717.0,223112.0,38,0,0,8.5,0,0.0,0.0
SYN-006564,0.722,viticulture,medium,masonry,436.0,188909.0,1,0,1,17.3,0,0.0,0.0
SYN-006565,0.697,livestock,medium,mixed,2305.0,937392.0,69,0,0,2.8,0,0.0,0.0
SYN-006566,0.634,mixed_farming,medium,masonry,2905.0,757323.0,15,0,1,6.5,0,0.0,0.0
SYN-006567,0.932,livestock,medium,masonry,1124.0,373332.0,55,0,1,2.7,0,0.0,0.0
SYN-006568,0.959,livestock,low,masonry,2053.0,931385.0,3,0,1,14.1,0,0.0,0.0
SYN-006569,0.859,mixed_farming,low,wood,420.0,140815.0,11,1,1,13.2,0,0.0,0.0
SYN-006570,0.573,mixed_farming,high,masonry,809.0,216792.0,55,0,0,17.7,0,0.0,0.0
SYN-006571,0.948,mixed_farming,high,masonry,1278.0,428802.0,5,0,0,9.9,0,0.0,0.0
SYN-006572,0.891,livestock,low,masonry,392.0,210216.0,12,1,0,0.5,0,0.0,0.0
SYN-006573,0.474,mixed_farming,low,masonry,448.0,209208.0,17,0,1,9.3,0,0.0,0.0
SYN-006574,0.605,mixed_farming,low,masonry,1343.0,825934.0,39,0,1,25.4,0,0.0,0.0
SYN-006575,0.597,livestock,medium,mixed,818.0,501832.0,18,0,1,5.6,0,0.0,0.0
SYN-006576,0.838,mixed_farming,low,mixed,967.0,312534.0,15,1,0,4.5,0,0.0,0.0
SYN-006577,0.714,livestock,medium,masonry,931.0,396710.0,16,0,1,5.3,0,0.0,0.0
SYN-006578,0.56,mixed_farming,low,mixed,526.0,256983.0,70,0,1,10.9,0,0.0,0.0
SYN-006579,0.538,viticulture,low,masonry,1052.0,316893.0,66,0,1,3.9,0,0.0,0.0
SYN-006580,0.675,viticulture,low,mixed,1201.0,645169.0,24,0,1,13.6,0,0.0,0.0
SYN-006581,0.8,mixed_farming,medium,masonry,830.0,435218.0,52,0,1,1.1,0,0.0,0.0
SYN-006582,0.705,mixed_farming,low,wood,875.0,299803.0,56,0,0,18.0,0,0.0,0.0
SYN-006583,0.557,mixed_farming,medium,wood,1061.0,500802.0,20,1,0,5.7,0,0.0,0.0
SYN-006584,0.772,crop_farming,medium,mixed,2065.0,701616.0,47,1,1,12.7,0,0.0,0.0
SYN-006585,0.999,livestock,medium,masonry,1140.0,537050.0,5,0,1,5.3,0,0.0,0.0
SYN-006586,0.506,crop_farming,low,masonry,347.0,195297.0,31,0,0,4.8,0,0.0,0.0
SYN-006587,0.717,crop_farming,medium,mixed,558.0,294713.0,48,0,0,6.5,0,0.0,0.0
SYN-006588,0.625,viticulture,low,masonry,2221.0,1061244.0,61,0,1,12.4,0,0.0,0.0
SYN-006589,0.531,mixed_farming,medium,masonry,776.0,378288.0,30,0,0,5.0,0,0.0,0.0
SYN-006590,0.925,livestock,medium,masonry,1144.0,654324.0,10,1,1,11.2,0,0.0,0.0
SYN-006591,0.975,crop_farming,high,masonry,4235.0,1423414.0,57,0,1,9.2,0,0.0,0.0
SYN-006592,0.61,mixed_farming,high,masonry,1827.0,1078401.0,57,0,0,18.0,0,0.0,0.0
SYN-006593,0.608,livestock,medium,masonry,300.0,177028.0,9,1,0,12.3,0,0.0,0.0
SYN-006594,0.455,mixed_farming,high,mixed,3100.0,1212498.0,15,0,1,2.4,0,0.0,0.0
SYN-006595,0.771,viticulture,low,masonry,1336.0,559815.0,23,0,1,7.0,0,0.0,0.0
SYN-006596,0.416,livestock,medium,masonry,1541.0,774173.0,7,1,1,11.0,0,0.0,0.0
SYN-006597,0.698,crop_farming,low,masonry,1477.0,642789.0,63,0,1,3.6,0,0.0,0.0
SYN-006598,0.492,crop_farming,low,wood,2194.0,746832.0,78,0,0,10.1,0,0.0,0.0
SYN-006599,0.803,crop_farming,medium,mixed,1151.0,298891.0,68,1,0,15.1,0,0.0,0.0
SYN-006600,0.957,livestock,medium,mixed,463.0,347559.0,14,0,1,4.6,0,0.0,0.0
SYN-006601,0.453,crop_farming,medium,mixed,1496.0,562148.0,22,0,0,10.7,0,0.0,0.0
SYN-006602,0.867,crop_farming,high,mixed,494.0,158607.0,22,1,1,40.0,0,0.0,0.0
SYN-006603,0.898,crop_farming,medium,masonry,3947.0,1745278.0,37,0,1,8.0,0,0.0,0.0
SYN-006604,0.506,crop_farming,high,mixed,958.0,419476.0,1,0,0,10.2,0,0.0,0.0
SYN-006605,0.954,mixed_farming,high,masonry,1172.0,346789.0,18,0,1,8.8,0,0.0,0.0
SYN-006606,0.773,crop_farming,high,mixed,781.0,270935.0,55,0,1,5.7,0,0.0,0.0
SYN-006607,0.721,mixed_farming,low,masonry,1511.0,413823.0,53,0,0,5.2,0,0.0,0.0
SYN-006608,0.803,crop_farming,medium,wood,1628.0,730623.0,61,0,1,4.7,0,0.0,0.0
SYN-006609,0.573,crop_farming,medium,masonry,780.0,352401.0,34,0,1,2.7,0,0.0,0.0
SYN-006610,0.415,crop_farming,high,masonry,1627.0,861889.0,2,0,1,3.9,0,0.0,0.0
SYN-006611,0.665,mixed_farming,low,mixed,1267.0,655564.0,79,0,1,15.3,0,0.0,0.0
SYN-006612,0.846,crop_farming,low,masonry,1139.0,679678.0,42,0,0,16.9,0,0.0,0.0
SYN-006613,0.951,livestock,low,masonry,744.0,402429.0,73,0,1,9.3,0,0.0,0.0
SYN-006614,0.658,crop_farming,low,wood,5455.0,2590828.0,68,0,1,6.3,0,0.0,0.0
SYN-006615,0.558,viticulture,high,mixed,2614.0,1203578.0,10,1,0,2.9,0,0.0,0.0
SYN-006616,0.479,crop_farming,low,mixed,1946.0,1029946.0,63,0,1,9.5,0,0.0,0.0
SYN-006617,0.961,livestock,medium,masonry,2521.0,1093899.0,52,0,1,14.5,0,0.0,0.0
SYN-006618,0.539,mixed_farming,medium,masonry,1473.0,782923.0,65,0,0,17.4,0,0.0,0.0
SYN-006619,0.947,crop_farming,medium,masonry,966.0,500996.0,57,0,0,22.2,0,0.0,0.0
SYN-006620,0.51,crop_farming,low,mixed,217.0,153236.0,6,0,0,4.2,0,0.0,0.0
SYN-006621,0.411,mixed_farming,medium,mixed,549.0,239504.0,9,0,1,19.9,0,0.0,0.0
SYN-006622,0.535,crop_farming,medium,masonry,4951.0,1482211.0,23,0,1,8.0,0,0.0,0.0
SYN-006623,0.696,crop_farming,high,masonry,2576.0,1195316.0,17,0,0,9.9,0,0.0,0.0
SYN-006624,0.609,livestock,medium,masonry,1382.0,1002318.0,42,0,1,9.1,0,0.0,0.0
SYN-006625,0.945,crop_farming,high,masonry,435.0,293798.0,80,1,0,5.4,0,0.0,0.0
SYN-006626,0.727,viticulture,low,masonry,1831.0,974661.0,41,0,0,10.9,0,0.0,0.0
SYN-006627,0.471,mixed_farming,medium,masonry,1012.0,409244.0,28,0,0,3.1,0,0.0,0.0
SYN-006628,0.775,mixed_farming,medium,masonry,1908.0,1031682.0,61,0,1,18.5,0,0.0,0.0
SYN-006629,0.633,crop_farming,medium,masonry,588.0,365966.0,39,0,0,8.3,0,0.0,0.0
SYN-006630,0.807,mixed_farming,medium,masonry,881.0,424521.0,74,0,1,0.6,0,0.0,0.0
SYN-006631,0.872,mixed_farming,low,masonry,2155.0,879864.0,35,1,1,31.5,0,0.0,0.0
SYN-006632,0.991,crop_farming,low,mixed,4243.0,1356057.0,58,0,0,9.1,0,0.0,0.0
SYN-006633,0.746,mixed_farming,high,masonry,790.0,309910.0,7,0,0,3.4,1,6605.58,6605.58
SYN-006634,0.62,livestock,high,masonry,633.0,246901.0,39,0,1,13.5,0,0.0,0.0
SYN-006635,0.66,mixed_farming,low,masonry,2356.0,1001069.0,35,0,1,3.6,0,0.0,0.0
SYN-006636,0.642,crop_farming,medium,masonry,534.0,323553.0,48,0,0,4.6,0,0.0,0.0
SYN-006637,0.67,crop_farming,medium,masonry,560.0,194443.0,62,0,0,6.4,0,0.0,0.0
SYN-006638,0.418,mixed_farming,medium,masonry,1441.0,720302.0,1,0,1,3.0,0,0.0,0.0
SYN-006639,0.548,mixed_farming,low,masonry,4702.0,1193420.0,25,0,0,9.2,0,0.0,0.0
SYN-006640,0.993,livestock,high,mixed,698.0,195121.0,37,0,1,3.9,0,0.0,0.0
SYN-006641,0.957,crop_farming,medium,mixed,953.0,304481.0,52,0,1,15.9,0,0.0,0.0
SYN-006642,0.429,mixed_farming,medium,masonry,1303.0,382874.0,10,0,1,4.5,0,0.0,0.0
SYN-006643,0.988,crop_farming,medium,masonry,891.0,436175.0,57,1,1,1.6,0,0.0,0.0
SYN-006644,0.875,livestock,medium,wood,384.0,208513.0,59,0,1,8.2,0,0.0,0.0
SYN-006645,0.402,mixed_farming,low,masonry,2041.0,903112.0,44,1,1,5.7,0,0.0,0.0
SYN-006646,0.948,crop_farming,high,wood,1368.0,731443.0,63,2,1,9.4,0,0.0,0.0
SYN-006647,0.976,crop_farming,low,mixed,1538.0,745695.0,42,0,0,14.7,0,0.0,0.0
SYN-006648,0.777,crop_farming,high,masonry,1105.0,583854.0,80,1,0,3.0,0,0.0,0.0
SYN-006649,0.873,viticulture,high,masonry,3241.0,1233148.0,5,0,1,20.2,2,18379.41,36758.81
SYN-006650,0.6,livestock,medium,masonry,873.0,261726.0,38,0,0,12.8,0,0.0,0.0
SYN-006651,0.743,mixed_farming,medium,mixed,602.0,306456.0,58,1,0,3.0,0,0.0,0.0
SYN-006652,0.839,viticulture,low,masonry,3574.0,1382072.0,7,0,0,2.5,0,0.0,0.0
SYN-006653,0.737,mixed_farming,medium,mixed,290.0,256902.0,54,0,1,13.1,0,0.0,0.0
SYN-006654,0.583,livestock,medium,masonry,1097.0,596100.0,12,0,0,19.6,0,0.0,0.0
SYN-006655,0.79,livestock,low,mixed,1154.0,491264.0,49,0,0,6.4,0,0.0,0.0
SYN-006656,0.903,livestock,low,mixed,1125.0,683436.0,73,0,1,1.1,0,0.0,0.0
SYN-006657,0.902,mixed_farming,high,masonry,442.0,165494.0,20,0,0,12.6,0,0.0,0.0
SYN-006658,0.479,viticulture,low,masonry,561.0,287095.0,16,0,1,18.7,0,0.0,0.0
SYN-006659,0.667,mixed_farming,low,masonry,2259.0,975252.0,49,0,0,2.7,0,0.0,0.0
SYN-006660,0.423,livestock,low,mixed,2982.0,1449551.0,30,0,1,3.8,0,0.0,0.0
SYN-006661,0.78,livestock,medium,mixed,924.0,358884.0,64,1,1,8.4,1,9650.51,9650.51
SYN-006662,0.545,mixed_farming,medium,masonry,662.0,217983.0,11,0,0,11.5,0,0.0,0.0
SYN-006663,0.958,crop_farming,medium,mixed,380.0,120849.0,64,0,1,9.9,0,0.0,0.0
SYN-006664,0.771,mixed_farming,medium,masonry,2234.0,807925.0,66,0,0,2.2,0,0.0,0.0
SYN-006665,0.64,crop_farming,low,masonry,2321.0,932387.0,60,0,1,7.0,0,0.0,0.0
SYN-006666,0.839,mixed_farming,medium,wood,195.0,132287.0,25,0,1,4.6,0,0.0,0.0
SYN-006667,0.524,mixed_farming,low,masonry,251.0,237174.0,58,0,1,20.5,0,0.0,0.0
SYN-006668,0.455,livestock,high,mixed,1325.0,601478.0,30,1,1,9.4,0,0.0,0.0
SYN-006669,0.452,crop_farming,low,masonry,1441.0,439127.0,35,0,1,3.8,0,0.0,0.0
SYN-006670,0.75,mixed_farming,low,mixed,889.0,304349.0,60,0,1,4.6,0,0.0,0.0
SYN-006671,0.933,livestock,medium,masonry,1186.0,643065.0,75,1,1,4.0,0,0.0,0.0
SYN-006672,0.534,livestock,low,masonry,1032.0,603430.0,48,0,1,1.8,0,0.0,0.0
SYN-006673,0.856,livestock,medium,masonry,1233.0,477883.0,79,0,0,3.0,0,0.0,0.0
SYN-006674,0.423,livestock,medium,mixed,675.0,304584.0,48,1,1,5.4,1,9296.68,9296.68
SYN-006675,0.612,mixed_farming,high,masonry,1202.0,344313.0,67,0,1,5.8,0,0.0,0.0
SYN-006676,0.792,crop_farming,low,masonry,782.0,473818.0,5,0,0,9.6,0,0.0,0.0
SYN-006677,0.896,livestock,medium,masonry,741.0,383542.0,16,0,1,6.4,0,0.0,0.0
SYN-006678,0.966,mixed_farming,medium,masonry,360.0,237176.0,18,0,1,12.2,0,0.0,0.0
SYN-006679,0.78,crop_farming,low,mixed,1081.0,285016.0,26,0,1,6.3,0,0.0,0.0
SYN-006680,0.678,livestock,medium,mixed,2043.0,846743.0,23,0,1,10.4,0,0.0,0.0
SYN-006681,0.436,mixed_farming,high,mixed,981.0,514285.0,56,0,0,4.2,0,0.0,0.0
SYN-006682,0.565,mixed_farming,medium,masonry,963.0,344710.0,80,0,1,14.6,0,0.0,0.0
SYN-006683,0.954,mixed_farming,high,masonry,2741.0,1162021.0,14,0,1,10.4,0,0.0,0.0
SYN-006684,0.75,mixed_farming,medium,masonry,2360.0,1240758.0,18,0,1,4.9,0,0.0,0.0
SYN-006685,0.606,crop_farming,medium,masonry,3742.0,1867004.0,75,0,1,7.6,0,0.0,0.0
SYN-006686,0.549,livestock,high,wood,5256.0,1896562.0,30,0,1,4.7,1,43599.91,43599.91
SYN-006687,0.468,viticulture,low,masonry,1260.0,492300.0,56,0,0,6.7,0,0.0,0.0
SYN-006688,0.851,mixed_farming,medium,wood,571.0,280397.0,16,0,1,3.9,0,0.0,0.0
SYN-006689,0.647,livestock,medium,masonry,864.0,504474.0,72,0,1,16.3,0,0.0,0.0
SYN-006690,0.962,livestock,high,mixed,1759.0,869356.0,38,0,0,18.3,0,0.0,0.0
SYN-006691,0.673,livestock,high,mixed,3090.0,1740535.0,70,0,0,13.7,0,0.0,0.0
SYN-006692,0.891,crop_farming,low,mixed,613.0,250874.0,1,0,1,5.1,0,0.0,0.0
SYN-006693,0.478,mixed_farming,medium,mixed,1431.0,365461.0,44,1,1,5.7,0,0.0,0.0
SYN-006694,0.491,mixed_farming,low,masonry,724.0,271084.0,65,0,0,1.3,0,0.0,0.0
SYN-006695,0.564,livestock,medium,mixed,1102.0,943621.0,12,0,0,3.1,0,0.0,0.0
SYN-006696,0.515,crop_farming,medium,masonry,1091.0,307067.0,71,0,1,21.6,0,0.0,0.0
SYN-006697,0.986,livestock,low,masonry,1553.0,741978.0,63,0,1,20.4,0,0.0,0.0
SYN-006698,0.885,crop_farming,high,masonry,4541.0,1524226.0,40,0,1,16.6,0,0.0,0.0
SYN-006699,0.609,mixed_farming,medium,masonry,1650.0,599643.0,74,0,1,17.5,0,0.0,0.0
SYN-006700,0.712,livestock,medium,wood,917.0,483172.0,68,0,1,2.8,0,0.0,0.0
SYN-006701,0.72,crop_farming,high,masonry,823.0,363704.0,15,0,1,12.8,0,0.0,0.0
SYN-006702,0.764,mixed_farming,medium,masonry,1071.0,724173.0,1,0,1,11.8,0,0.0,0.0
SYN-006703,0.462,viticulture,medium,masonry,688.0,242639.0,20,0,0,13.4,0,0.0,0.0
SYN-006704,0.609,crop_farming,low,mixed,1327.0,642414.0,35,0,1,24.1,0,0.0,0.0
SYN-006705,0.452,livestock,low,mixed,253.0,146102.0,55,0,1,1.3,0,0.0,0.0
SYN-006706,0.951,livestock,low,wood,1057.0,426447.0,14,0,1,1.4,1,6709.44,6709.44
SYN-006707,0.642,crop_farming,low,mixed,1112.0,368240.0,24,0,1,3.4,0,0.0,0.0
SYN-006708,0.836,livestock,low,masonry,570.0,182257.0,32,0,1,2.5,0,0.0,0.0
SYN-006709,0.952,mixed_farming,medium,masonry,945.0,394770.0,43,0,1,6.5,0,0.0,0.0
SYN-006710,0.586,crop_farming,medium,masonry,2510.0,869289.0,34,0,1,9.6,0,0.0,0.0
SYN-006711,0.453,crop_farming,low,mixed,2630.0,612374.0,35,1,1,11.4,0,0.0,0.0
SYN-006712,0.602,mixed_farming,medium,wood,857.0,441552.0,55,0,1,1.8,0,0.0,0.0
SYN-006713,0.803,livestock,high,masonry,1703.0,775650.0,54,0,0,4.6,1,4503.87,4503.87
SYN-006714,0.7,mixed_farming,low,masonry,458.0,266579.0,65,1,1,9.4,0,0.0,0.0
SYN-006715,0.445,mixed_farming,medium,mixed,1000.0,528437.0,77,0,0,7.3,0,0.0,0.0
SYN-006716,0.442,mixed_farming,low,mixed,1408.0,596069.0,76,0,1,6.1,0,0.0,0.0
SYN-006717,0.82,mixed_farming,medium,mixed,3270.0,1187867.0,69,1,1,15.7,0,0.0,0.0
SYN-006718,0.842,mixed_farming,medium,masonry,2632.0,1360139.0,24,0,1,4.8,0,0.0,0.0
SYN-006719,0.466,mixed_farming,low,masonry,1388.0,620373.0,55,0,1,20.9,0,0.0,0.0
SYN-006720,0.877,livestock,low,masonry,670.0,332221.0,56,1,1,3.6,0,0.0,0.0
SYN-006721,0.607,livestock,high,masonry,2931.0,989937.0,55,1,0,3.8,0,0.0,0.0
SYN-006722,0.441,livestock,low,mixed,971.0,350602.0,67,0,1,10.0,0,0.0,0.0
SYN-006723,0.6,livestock,medium,masonry,1622.0,797505.0,63,0,0,5.3,0,0.0,0.0
SYN-006724,0.838,crop_farming,medium,masonry,1119.0,361010.0,33,1,0,5.5,0,0.0,0.0
SYN-006725,0.793,livestock,low,wood,4425.0,1138001.0,18,0,1,4.6,0,0.0,0.0
SYN-006726,0.689,livestock,medium,masonry,815.0,393437.0,45,0,1,9.3,0,0.0,0.0
SYN-006727,0.568,crop_farming,medium,masonry,2199.0,1074002.0,48,0,0,1.5,0,0.0,0.0
SYN-006728,0.651,crop_farming,low,wood,1146.0,658149.0,55,0,0,3.6,0,0.0,0.0
SYN-006729,0.629,mixed_farming,high,masonry,1754.0,770278.0,5,0,1,5.7,0,0.0,0.0
SYN-006730,0.634,livestock,medium,mixed,3474.0,1208513.0,7,0,0,10.5,0,0.0,0.0
SYN-006731,0.694,mixed_farming,medium,masonry,329.0,171095.0,59,1,0,4.9,0,0.0,0.0
SYN-006732,0.673,livestock,low,wood,1162.0,377553.0,50,0,0,24.7,0,0.0,0.0
SYN-006733,0.461,mixed_farming,low,masonry,678.0,245541.0,59,0,1,11.7,1,7335.04,7335.04
SYN-006734,0.574,mixed_farming,medium,masonry,1619.0,887534.0,44,0,1,10.4,0,0.0,0.0
SYN-006735,0.477,crop_farming,medium,wood,1900.0,1038259.0,66,0,1,7.5,0,0.0,0.0
SYN-006736,0.761,viticulture,low,mixed,893.0,294764.0,25,0,0,8.7,0,0.0,0.0
SYN-006737,0.654,crop_farming,medium,masonry,863.0,488175.0,43,0,1,6.3,0,0.0,0.0
SYN-006738,0.803,mixed_farming,medium,masonry,1384.0,734868.0,80,0,0,11.5,0,0.0,0.0
SYN-006739,0.453,mixed_farming,low,masonry,530.0,228332.0,79,1,1,14.0,0,0.0,0.0
SYN-006740,0.607,livestock,medium,masonry,1505.0,510166.0,7,0,1,8.0,0,0.0,0.0
SYN-006741,0.508,mixed_farming,medium,masonry,712.0,365831.0,11,1,0,24.7,0,0.0,0.0
SYN-006742,0.455,livestock,medium,masonry,1953.0,685429.0,77,0,0,4.8,0,0.0,0.0
SYN-006743,0.864,crop_farming,medium,wood,515.0,265143.0,47,0,1,20.6,0,0.0,0.0
SYN-006744,0.479,crop_farming,medium,mixed,838.0,379629.0,52,1,0,11.6,0,0.0,0.0
SYN-006745,0.505,crop_farming,high,wood,744.0,342110.0,2,0,1,6.3,0,0.0,0.0
SYN-006746,0.62,crop_farming,high,masonry,998.0,403743.0,5,0,1,5.4,0,0.0,0.0
SYN-006747,0.576,mixed_farming,medium,masonry,2965.0,964095.0,56,0,1,1.5,0,0.0,0.0
SYN-006748,0.952,livestock,medium,mixed,2100.0,685807.0,15,0,1,15.6,0,0.0,0.0
SYN-006749,0.993,livestock,high,masonry,887.0,312497.0,63,1,0,20.2,0,0.0,0.0
SYN-006750,0.653,mixed_farming,high,masonry,887.0,369937.0,63,0,1,9.7,0,0.0,0.0
SYN-006751,0.521,crop_farming,low,mixed,2155.0,760245.0,77,0,0,4.6,0,0.0,0.0
SYN-006752,0.699,crop_farming,low,mixed,569.0,164210.0,16,0,1,3.2,0,0.0,0.0
SYN-006753,0.697,mixed_farming,medium,masonry,1230.0,717823.0,31,0,1,10.1,0,0.0,0.0
SYN-006754,0.68,viticulture,high,masonry,818.0,305395.0,4,0,1,9.6,0,0.0,0.0
SYN-006755,0.412,livestock,high,masonry,1084.0,516633.0,43,0,1,7.1,0,0.0,0.0
SYN-006756,0.477,crop_farming,high,mixed,2051.0,1069200.0,44,0,1,7.8,0,0.0,0.0
SYN-006757,0.485,mixed_farming,low,masonry,784.0,251700.0,9,0,1,12.2,0,0.0,0.0
SYN-006758,0.611,mixed_farming,high,wood,2283.0,661086.0,80,0,1,8.7,0,0.0,0.0
SYN-006759,0.748,livestock,low,masonry,5063.0,1438152.0,47,0,0,8.1,0,0.0,0.0
SYN-006760,0.927,crop_farming,medium,masonry,1795.0,1009422.0,31,0,0,10.8,0,0.0,0.0
SYN-006761,0.534,crop_farming,medium,mixed,1148.0,497243.0,64,0,1,22.1,0,0.0,0.0
SYN-006762,0.863,mixed_farming,medium,wood,2571.0,838487.0,36,1,0,2.7,0,0.0,0.0
SYN-006763,0.536,viticulture,medium,mixed,589.0,242096.0,59,0,1,7.2,0,0.0,0.0
SYN-006764,0.42,mixed_farming,low,masonry,3257.0,756272.0,62,0,1,2.7,0,0.0,0.0
SYN-006765,0.79,livestock,low,masonry,743.0,334169.0,66,0,0,2.0,0,0.0,0.0
SYN-006766,0.529,mixed_farming,high,mixed,4960.0,2142353.0,48,0,0,9.3,0,0.0,0.0
SYN-006767,0.952,mixed_farming,low,mixed,760.0,463583.0,24,0,1,13.3,0,0.0,0.0
SYN-006768,0.96,livestock,medium,wood,1863.0,815080.0,22,0,1,4.9,0,0.0,0.0
SYN-006769,0.463,mixed_farming,low,masonry,440.0,255384.0,79,0,0,7.8,0,0.0,0.0
SYN-006770,0.517,livestock,low,mixed,1055.0,606799.0,44,0,0,10.2,0,0.0,0.0
SYN-006771,0.526,livestock,low,masonry,601.0,295360.0,45,1,1,18.7,1,14969.75,14969.75
SYN-006772,0.947,mixed_farming,medium,masonry,475.0,278284.0,37,0,1,1.7,0,0.0,0.0
SYN-006773,0.447,livestock,medium,masonry,2653.0,1412396.0,46,0,1,9.5,0,0.0,0.0
SYN-006774,0.851,viticulture,low,masonry,546.0,203777.0,2,0,1,15.5,0,0.0,0.0
SYN-006775,0.573,livestock,high,masonry,752.0,247998.0,49,0,1,10.2,0,0.0,0.0
SYN-006776,0.749,livestock,low,masonry,697.0,239868.0,9,0,1,3.2,0,0.0,0.0
SYN-006777,0.506,livestock,medium,mixed,2542.0,612346.0,45,2,1,5.0,0,0.0,0.0
SYN-006778,0.884,livestock,low,mixed,2348.0,538159.0,49,0,1,6.9,0,0.0,0.0
SYN-006779,0.802,livestock,high,masonry,2767.0,1305180.0,76,0,1,0.8,0,0.0,0.0
SYN-006780,0.413,mixed_farming,low,mixed,727.0,387187.0,12,0,0,19.3,0,0.0,0.0
SYN-006781,0.542,livestock,medium,masonry,2914.0,1273990.0,71,0,1,2.1,0,0.0,0.0
SYN-006782,0.68,livestock,medium,masonry,723.0,381429.0,62,1,1,4.5,0,0.0,0.0
SYN-006783,0.719,mixed_farming,medium,wood,742.0,411877.0,62,1,0,8.5,0,0.0,0.0
SYN-006784,0.896,crop_farming,high,masonry,770.0,361352.0,40,0,1,3.3,0,0.0,0.0
SYN-006785,0.632,mixed_farming,low,masonry,788.0,454232.0,68,0,0,5.5,0,0.0,0.0
SYN-006786,0.956,livestock,medium,mixed,1143.0,605081.0,7,0,1,17.0,0,0.0,0.0
SYN-006787,0.516,livestock,high,masonry,703.0,237040.0,39,0,1,20.9,0,0.0,0.0
SYN-006788,0.915,mixed_farming,high,masonry,1409.0,825808.0,77,0,1,5.3,0,0.0,0.0
SYN-006789,0.943,mixed_farming,medium,mixed,222.0,146840.0,48,1,0,6.6,0,0.0,0.0
SYN-006790,0.776,mixed_farming,medium,mixed,1406.0,441776.0,68,1,1,2.1,0,0.0,0.0
SYN-006791,0.981,livestock,medium,masonry,597.0,341995.0,46,0,1,3.7,0,0.0,0.0
SYN-006792,0.646,livestock,medium,wood,784.0,236580.0,52,0,0,9.8,0,0.0,0.0
SYN-006793,0.82,mixed_farming,high,masonry,797.0,406225.0,57,0,0,8.4,0,0.0,0.0
SYN-006794,0.406,mixed_farming,high,masonry,2237.0,931732.0,60,0,1,12.0,0,0.0,0.0
SYN-006795,0.565,mixed_farming,medium,masonry,1682.0,436071.0,35,0,1,6.2,0,0.0,0.0
SYN-006796,0.74,livestock,medium,masonry,1088.0,476349.0,54,0,1,12.8,0,0.0,0.0
SYN-006797,0.926,mixed_farming,medium,wood,761.0,334892.0,28,0,1,9.7,0,0.0,0.0
SYN-006798,0.972,crop_farming,low,mixed,2016.0,542290.0,2,0,1,3.0,0,0.0,0.0
SYN-006799,0.748,livestock,high,masonry,3892.0,1673392.0,9,0,1,8.7,0,0.0,0.0
SYN-006800,0.914,crop_farming,medium,masonry,1190.0,617063.0,50,0,0,15.7,0,0.0,0.0
SYN-006801,0.88,livestock,low,masonry,429.0,131395.0,48,0,1,0.9,0,0.0,0.0
SYN-006802,0.864,mixed_farming,medium,mixed,767.0,348650.0,20,0,0,6.6,0,0.0,0.0
SYN-006803,0.467,livestock,low,masonry,1743.0,530183.0,36,0,1,3.6,0,0.0,0.0
SYN-006804,0.687,livestock,low,wood,909.0,285429.0,76,0,1,9.3,0,0.0,0.0
SYN-006805,0.692,mixed_farming,medium,masonry,694.0,287771.0,66,0,1,5.4,0,0.0,0.0
SYN-006806,0.872,mixed_farming,medium,masonry,674.0,255401.0,33,0,1,10.1,0,0.0,0.0
SYN-006807,0.752,livestock,medium,wood,1286.0,588788.0,44,0,1,13.1,0,0.0,0.0
SYN-006808,0.892,viticulture,low,wood,447.0,190195.0,57,0,0,6.0,0,0.0,0.0
SYN-006809,0.974,livestock,medium,masonry,1185.0,578196.0,58,0,0,9.2,0,0.0,0.0
SYN-006810,0.733,mixed_farming,low,masonry,1284.0,389026.0,12,2,0,16.7,0,0.0,0.0
SYN-006811,0.875,crop_farming,high,wood,905.0,493546.0,23,0,1,9.0,0,0.0,0.0
SYN-006812,0.736,crop_farming,low,mixed,615.0,216479.0,38,0,0,2.4,0,0.0,0.0
SYN-006813,0.775,livestock,high,mixed,2350.0,578977.0,73,0,1,2.7,0,0.0,0.0
SYN-006814,0.686,crop_farming,low,mixed,510.0,226383.0,9,0,0,5.5,0,0.0,0.0
SYN-006815,0.976,livestock,low,wood,1356.0,667570.0,58,0,0,7.4,0,0.0,0.0
SYN-006816,0.891,crop_farming,medium,masonry,1945.0,1094179.0,33,0,1,11.2,0,0.0,0.0
SYN-006817,0.851,mixed_farming,medium,masonry,1344.0,560723.0,33,0,1,6.1,0,0.0,0.0
SYN-006818,0.598,crop_farming,high,masonry,2698.0,969150.0,45,0,1,2.6,0,0.0,0.0
SYN-006819,0.691,crop_farming,medium,mixed,579.0,301107.0,16,1,1,14.2,0,0.0,0.0
SYN-006820,0.918,viticulture,medium,masonry,725.0,238349.0,51,0,0,9.3,0,0.0,0.0
SYN-006821,0.962,mixed_farming,low,masonry,898.0,399273.0,40,0,1,3.0,0,0.0,0.0
SYN-006822,0.999,viticulture,medium,mixed,10290.0,2888124.0,32,0,1,1.1,0,0.0,0.0
SYN-006823,0.841,livestock,medium,masonry,1686.0,831828.0,12,0,1,9.8,0,0.0,0.0
SYN-006824,0.839,crop_farming,high,wood,1904.0,942592.0,13,0,1,6.8,0,0.0,0.0
SYN-006825,0.456,livestock,medium,masonry,1853.0,615931.0,17,0,1,9.6,0,0.0,0.0
SYN-006826,0.851,livestock,medium,mixed,1276.0,416458.0,53,1,0,4.4,0,0.0,0.0
SYN-006827,0.608,crop_farming,high,mixed,2397.0,1098710.0,32,0,1,12.5,0,0.0,0.0
SYN-006828,0.919,mixed_farming,low,masonry,359.0,226258.0,1,0,1,3.5,0,0.0,0.0
SYN-006829,0.407,mixed_farming,medium,masonry,1451.0,658508.0,70,0,0,8.0,0,0.0,0.0
SYN-006830,0.961,mixed_farming,high,masonry,1601.0,624855.0,65,0,1,14.5,0,0.0,0.0
SYN-006831,0.69,livestock,medium,mixed,2350.0,798443.0,57,0,1,9.7,0,0.0,0.0
SYN-006832,0.477,mixed_farming,medium,mixed,572.0,282658.0,55,1,0,2.1,0,0.0,0.0
SYN-006833,0.761,crop_farming,high,masonry,600.0,174820.0,53,1,0,13.9,0,0.0,0.0
SYN-006834,0.815,viticulture,low,masonry,625.0,303456.0,62,0,0,9.0,0,0.0,0.0
SYN-006835,0.868,livestock,high,wood,1702.0,629176.0,75,0,1,11.6,0,0.0,0.0
SYN-006836,0.821,crop_farming,medium,masonry,1718.0,585878.0,78,0,1,2.3,0,0.0,0.0
SYN-006837,0.732,crop_farming,medium,wood,654.0,449170.0,24,0,1,11.0,0,0.0,0.0
SYN-006838,0.449,mixed_farming,low,masonry,4206.0,1546045.0,27,0,1,2.5,0,0.0,0.0
SYN-006839,0.918,viticulture,medium,masonry,1460.0,563650.0,14,2,1,11.1,0,0.0,0.0
SYN-006840,0.99,mixed_farming,low,masonry,1314.0,680507.0,43,0,1,8.2,0,0.0,0.0
SYN-006841,0.867,mixed_farming,low,masonry,1059.0,472162.0,34,0,1,4.5,0,0.0,0.0
SYN-006842,0.421,viticulture,medium,wood,2219.0,1080545.0,51,0,0,7.6,0,0.0,0.0
SYN-006843,0.853,mixed_farming,low,mixed,1561.0,885362.0,50,0,1,3.4,0,0.0,0.0
SYN-006844,0.562,livestock,medium,mixed,4140.0,1869001.0,47,0,1,4.3,0,0.0,0.0
SYN-006845,0.977,mixed_farming,low,mixed,551.0,160295.0,2,0,1,6.1,0,0.0,0.0
SYN-006846,0.438,crop_farming,low,mixed,444.0,162859.0,51,1,1,9.5,0,0.0,0.0
SYN-006847,0.455,crop_farming,low,mixed,749.0,283196.0,12,0,0,4.1,0,0.0,0.0
SYN-006848,0.509,livestock,medium,mixed,1737.0,565006.0,76,1,1,6.9,0,0.0,0.0
SYN-006849,0.852,crop_farming,low,mixed,918.0,308648.0,3,0,0,13.5,0,0.0,0.0
SYN-006850,0.791,viticulture,low,mixed,2769.0,829411.0,39,0,1,6.5,0,0.0,0.0
SYN-006851,0.836,viticulture,medium,masonry,938.0,244954.0,32,1,0,6.3,0,0.0,0.0
SYN-006852,0.612,livestock,medium,masonry,2449.0,832294.0,69,0,1,14.2,0,0.0,0.0
SYN-006853,0.928,mixed_farming,medium,masonry,706.0,227640.0,1,0,0,5.0,0,0.0,0.0
SYN-006854,0.668,livestock,low,masonry,2615.0,682076.0,51,0,0,4.8,0,0.0,0.0
SYN-006855,0.48,crop_farming,high,masonry,2951.0,1376937.0,66,0,0,15.0,0,0.0,0.0
SYN-006856,0.86,livestock,medium,masonry,840.0,500864.0,63,0,0,8.7,0,0.0,0.0
SYN-006857,0.718,crop_farming,medium,masonry,1666.0,694045.0,24,0,1,6.0,0,0.0,0.0
SYN-006858,0.756,livestock,low,mixed,1442.0,792802.0,27,1,1,8.0,0,0.0,0.0
SYN-006859,0.631,crop_farming,low,mixed,1696.0,560086.0,17,0,1,5.8,0,0.0,0.0
SYN-006860,0.826,crop_farming,medium,masonry,2793.0,1337288.0,27,0,1,5.1,0,0.0,0.0
SYN-006861,0.421,crop_farming,low,wood,2281.0,814422.0,35,0,0,1.2,0,0.0,0.0
SYN-006862,0.695,viticulture,medium,wood,1693.0,674374.0,75,0,0,9.0,0,0.0,0.0
SYN-006863,0.656,crop_farming,low,wood,1865.0,842322.0,72,0,1,13.8,0,0.0,0.0
SYN-006864,0.848,livestock,low,masonry,531.0,399690.0,67,1,1,7.2,0,0.0,0.0
SYN-006865,0.56,livestock,low,masonry,1180.0,466676.0,33,0,1,19.3,0,0.0,0.0
SYN-006866,0.54,livestock,low,masonry,592.0,289594.0,41,0,1,7.2,0,0.0,0.0
SYN-006867,0.592,livestock,medium,mixed,1198.0,597834.0,41,0,0,3.7,0,0.0,0.0
SYN-006868,0.688,crop_farming,low,mixed,2505.0,1000052.0,37,0,0,2.9,0,0.0,0.0
SYN-006869,0.526,mixed_farming,medium,mixed,1206.0,444001.0,16,0,1,11.9,0,0.0,0.0
SYN-006870,0.811,livestock,low,mixed,238.0,122102.0,21,0,0,6.1,0,0.0,0.0
SYN-006871,0.599,mixed_farming,medium,wood,614.0,172057.0,47,0,1,2.2,0,0.0,0.0
SYN-006872,0.653,livestock,high,mixed,1768.0,841715.0,17,0,0,3.0,0,0.0,0.0
SYN-006873,0.735,livestock,high,wood,854.0,341760.0,7,0,1,7.8,0,0.0,0.0
SYN-006874,0.626,livestock,medium,mixed,2017.0,715166.0,19,1,1,13.5,0,0.0,0.0
SYN-006875,0.821,crop_farming,medium,masonry,553.0,266065.0,73,1,1,4.3,0,0.0,0.0
SYN-006876,0.794,livestock,medium,mixed,1553.0,723801.0,76,0,1,7.8,0,0.0,0.0
SYN-006877,0.854,crop_farming,high,masonry,1605.0,477914.0,5,0,1,14.1,0,0.0,0.0
SYN-006878,0.714,livestock,medium,masonry,2025.0,613534.0,22,0,1,25.0,0,0.0,0.0
SYN-006879,0.62,mixed_farming,low,wood,792.0,425054.0,65,0,1,5.5,0,0.0,0.0
SYN-006880,0.521,crop_farming,medium,masonry,2012.0,1153783.0,36,0,1,5.1,0,0.0,0.0
SYN-006881,0.662,crop_farming,low,masonry,3227.0,1713123.0,17,0,1,7.7,0,0.0,0.0
SYN-006882,0.924,mixed_farming,medium,wood,277.0,146239.0,55,0,1,7.6,0,0.0,0.0
SYN-006883,0.473,livestock,low,masonry,1253.0,654401.0,53,0,1,12.5,0,0.0,0.0
SYN-006884,0.529,mixed_farming,low,masonry,375.0,139013.0,52,0,1,8.4,0,0.0,0.0
SYN-006885,0.799,viticulture,medium,masonry,693.0,278394.0,31,0,1,4.8,0,0.0,0.0
SYN-006886,0.745,viticulture,medium,masonry,731.0,275777.0,62,0,1,4.7,0,0.0,0.0
SYN-006887,0.95,livestock,medium,masonry,1161.0,463438.0,20,0,1,5.8,0,0.0,0.0
SYN-006888,0.417,crop_farming,high,masonry,1549.0,465742.0,31,0,1,10.1,0,0.0,0.0
SYN-006889,0.927,mixed_farming,high,mixed,2183.0,871761.0,73,0,1,2.1,0,0.0,0.0
SYN-006890,0.835,mixed_farming,medium,masonry,1439.0,354647.0,27,1,1,10.8,0,0.0,0.0
SYN-006891,0.865,mixed_farming,high,mixed,1878.0,819735.0,10,1,1,2.0,0,0.0,0.0
SYN-006892,0.627,livestock,medium,masonry,601.0,359331.0,41,0,0,3.0,0,0.0,0.0
SYN-006893,0.584,crop_farming,low,masonry,2409.0,1135995.0,55,0,1,1.1,0,0.0,0.0
SYN-006894,0.409,crop_farming,high,mixed,150.0,149560.0,51,0,1,17.1,1,4448.57,4448.57
SYN-006895,0.872,crop_farming,medium,masonry,3269.0,795354.0,21,0,1,8.0,0,0.0,0.0
SYN-006896,0.497,crop_farming,high,masonry,2909.0,856368.0,80,2,1,9.5,1,1171.83,1171.83
SYN-006897,0.536,viticulture,low,masonry,1973.0,761888.0,60,0,1,2.6,0,0.0,0.0
SYN-006898,0.566,crop_farming,low,masonry,5161.0,1601970.0,47,0,1,8.1,0,0.0,0.0
SYN-006899,0.922,mixed_farming,low,masonry,375.0,260315.0,60,0,1,8.0,0,0.0,0.0
SYN-006900,0.573,viticulture,medium,masonry,2011.0,1068587.0,62,1,1,5.7,0,0.0,0.0
SYN-006901,0.655,livestock,high,masonry,1323.0,466435.0,47,0,1,10.5,0,0.0,0.0
SYN-006902,0.848,livestock,medium,masonry,1420.0,366955.0,74,0,1,9.1,0,0.0,0.0
SYN-006903,0.935,mixed_farming,low,masonry,569.0,181783.0,23,0,1,6.6,0,0.0,0.0
SYN-006904,0.875,livestock,medium,mixed,1567.0,739040.0,1,0,1,9.2,0,0.0,0.0
SYN-006905,0.721,livestock,low,masonry,1519.0,490070.0,47,0,1,8.0,0,0.0,0.0
SYN-006906,0.401,mixed_farming,medium,mixed,774.0,397589.0,21,0,0,13.5,0,0.0,0.0
SYN-006907,0.495,mixed_farming,medium,mixed,1159.0,432630.0,66,1,1,2.8,0,0.0,0.0
SYN-006908,0.552,mixed_farming,low,masonry,516.0,232235.0,1,0,1,17.1,0,0.0,0.0
SYN-006909,0.648,viticulture,medium,masonry,937.0,579987.0,63,2,1,6.3,0,0.0,0.0
SYN-006910,0.617,livestock,medium,masonry,2263.0,819694.0,73,1,1,7.7,0,0.0,0.0
SYN-006911,0.709,mixed_farming,low,masonry,2293.0,1104188.0,75,0,0,2.3,0,0.0,0.0
SYN-006912,0.647,mixed_farming,medium,masonry,1998.0,561211.0,31,0,1,3.6,0,0.0,0.0
SYN-006913,0.836,mixed_farming,medium,masonry,2263.0,1120735.0,66,0,1,7.1,0,0.0,0.0
SYN-006914,0.431,mixed_farming,medium,wood,2282.0,1194861.0,47,0,1,9.2,0,0.0,0.0
SYN-006915,0.997,mixed_farming,low,mixed,798.0,273367.0,2,0,1,12.7,0,0.0,0.0
SYN-006916,0.906,mixed_farming,low,masonry,1511.0,591072.0,39,0,0,2.0,0,0.0,0.0
SYN-006917,0.601,livestock,medium,wood,2456.0,1146980.0,58,0,1,4.3,0,0.0,0.0
SYN-006918,0.638,mixed_farming,low,masonry,494.0,153220.0,61,0,1,3.4,0,0.0,0.0
SYN-006919,0.978,crop_farming,high,masonry,493.0,202720.0,31,1,1,5.5,0,0.0,0.0
SYN-006920,0.961,mixed_farming,medium,masonry,475.0,153833.0,30,0,1,8.2,0,0.0,0.0
SYN-006921,0.636,mixed_farming,medium,wood,380.0,201478.0,52,0,0,11.1,0,0.0,0.0
SYN-006922,0.436,mixed_farming,medium,masonry,612.0,320420.0,1,0,1,22.1,0,0.0,0.0
SYN-006923,0.993,livestock,medium,mixed,861.0,425315.0,69,0,0,5.2,0,0.0,0.0
SYN-006924,0.792,livestock,low,mixed,3239.0,1501809.0,29,0,1,6.8,0,0.0,0.0
SYN-006925,0.816,livestock,low,masonry,912.0,600186.0,47,0,1,13.6,0,0.0,0.0
SYN-006926,0.565,crop_farming,medium,masonry,452.0,169564.0,38,1,0,5.5,0,0.0,0.0
SYN-006927,0.891,crop_farming,medium,masonry,1350.0,345118.0,32,1,1,19.4,0,0.0,0.0
SYN-006928,0.734,viticulture,high,mixed,1072.0,323840.0,33,0,1,4.2,0,0.0,0.0
SYN-006929,0.682,livestock,medium,masonry,729.0,392558.0,63,0,1,5.3,0,0.0,0.0
SYN-006930,0.845,viticulture,medium,masonry,827.0,289744.0,22,1,1,9.8,0,0.0,0.0
SYN-006931,0.623,crop_farming,low,masonry,2425.0,684105.0,77,0,1,11.3,0,0.0,0.0
SYN-006932,0.658,mixed_farming,low,mixed,485.0,250376.0,8,0,1,6.9,0,0.0,0.0
SYN-006933,0.791,livestock,high,mixed,410.0,153179.0,34,0,1,29.5,0,0.0,0.0
SYN-006934,0.784,mixed_farming,low,masonry,1642.0,595649.0,3,1,1,8.9,0,0.0,0.0
SYN-006935,0.983,mixed_farming,high,masonry,813.0,301644.0,32,0,1,4.6,0,0.0,0.0
SYN-006936,0.738,mixed_farming,low,masonry,3324.0,1108306.0,73,1,1,6.6,0,0.0,0.0
SYN-006937,0.593,viticulture,medium,masonry,1096.0,520484.0,45,0,1,2.4,0,0.0,0.0
SYN-006938,0.572,livestock,low,masonry,1135.0,576566.0,6,0,1,3.9,0,0.0,0.0
SYN-006939,0.72,crop_farming,medium,mixed,2021.0,955651.0,55,1,0,3.7,0,0.0,0.0
SYN-006940,0.472,crop_farming,low,masonry,409.0,198537.0,32,0,1,6.6,0,0.0,0.0
SYN-006941,0.753,mixed_farming,medium,masonry,1509.0,547635.0,10,0,0,5.8,0,0.0,0.0
SYN-006942,0.634,livestock,high,masonry,956.0,530988.0,7,0,0,11.1,0,0.0,0.0
SYN-006943,0.611,livestock,medium,masonry,2362.0,655210.0,36,0,0,4.0,0,0.0,0.0
SYN-006944,0.515,mixed_farming,low,mixed,796.0,394325.0,9,0,1,9.7,0,0.0,0.0
SYN-006945,0.697,livestock,medium,mixed,1360.0,614662.0,53,0,0,16.4,0,0.0,0.0
SYN-006946,0.423,mixed_farming,medium,masonry,960.0,313333.0,52,0,0,13.2,0,0.0,0.0
SYN-006947,0.764,mixed_farming,low,masonry,1585.0,438221.0,71,0,1,4.7,0,0.0,0.0
SYN-006948,0.571,mixed_farming,medium,mixed,1029.0,467718.0,74,0,0,17.3,0,0.0,0.0
SYN-006949,0.943,mixed_farming,high,mixed,1437.0,627399.0,75,0,0,3.9,0,0.0,0.0
SYN-006950,0.716,mixed_farming,medium,mixed,3788.0,1951614.0,28,0,0,11.3,0,0.0,0.0
SYN-006951,0.868,mixed_farming,medium,mixed,1006.0,525613.0,21,0,1,7.4,0,0.0,0.0
SYN-006952,0.911,viticulture,medium,mixed,1575.0,807767.0,60,0,1,5.7,0,0.0,0.0
SYN-006953,0.927,crop_farming,medium,mixed,5357.0,2259979.0,34,1,1,5.4,0,0.0,0.0
SYN-006954,0.922,mixed_farming,low,wood,1562.0,675212.0,63,0,0,11.4,0,0.0,0.0
SYN-006955,0.535,mixed_farming,medium,mixed,249.0,178443.0,67,0,0,4.0,0,0.0,0.0
SYN-006956,0.582,livestock,medium,mixed,786.0,421188.0,52,0,1,24.1,0,0.0,0.0
SYN-006957,0.825,crop_farming,low,mixed,554.0,291737.0,38,0,1,8.7,0,0.0,0.0
SYN-006958,0.723,livestock,low,masonry,2207.0,896979.0,70,0,0,16.4,1,65469.91,65469.91
SYN-006959,0.766,livestock,high,masonry,1140.0,333397.0,41,0,1,7.0,0,0.0,0.0
SYN-006960,0.807,viticulture,low,wood,2419.0,1312631.0,15,1,1,6.7,0,0.0,0.0
SYN-006961,0.469,livestock,low,masonry,1804.0,837286.0,9,0,1,17.4,0,0.0,0.0
SYN-006962,0.501,crop_farming,low,masonry,1798.0,679667.0,7,0,1,7.9,0,0.0,0.0
SYN-006963,0.783,livestock,low,masonry,547.0,303213.0,9,0,1,17.1,0,0.0,0.0
SYN-006964,0.775,livestock,high,masonry,1683.0,647281.0,37,0,1,4.4,0,0.0,0.0
SYN-006965,0.89,crop_farming,medium,masonry,2946.0,1049447.0,48,0,1,7.5,0,0.0,0.0
SYN-006966,0.816,livestock,medium,masonry,473.0,452848.0,43,0,1,1.1,0,0.0,0.0
SYN-006967,0.525,livestock,medium,masonry,986.0,273295.0,30,0,0,9.7,0,0.0,0.0
SYN-006968,0.442,crop_farming,medium,masonry,1526.0,418987.0,30,0,0,7.6,0,0.0,0.0
SYN-006969,0.635,mixed_farming,medium,masonry,1292.0,584086.0,42,0,0,3.9,0,0.0,0.0
SYN-006970,0.623,livestock,high,masonry,3083.0,801819.0,74,0,1,5.1,0,0.0,0.0
SYN-006971,0.86,mixed_farming,medium,masonry,1946.0,1000625.0,59,0,0,10.2,0,0.0,0.0
SYN-006972,0.803,livestock,medium,masonry,1578.0,687427.0,10,0,0,9.1,0,0.0,0.0
SYN-006973,0.923,crop_farming,medium,mixed,2062.0,713605.0,23,0,1,2.2,1,7758.65,7758.65
SYN-006974,0.703,viticulture,high,masonry,1992.0,554911.0,75,0,1,12.3,0,0.0,0.0
SYN-006975,0.573,livestock,low,wood,1245.0,475349.0,70,0,1,7.2,0,0.0,0.0
SYN-006976,0.703,crop_farming,medium,mixed,962.0,547865.0,34,0,1,20.6,0,0.0,0.0
SYN-006977,0.529,mixed_farming,medium,masonry,2307.0,1353816.0,21,0,0,16.7,0,0.0,0.0
SYN-006978,0.436,crop_farming,medium,masonry,748.0,270266.0,67,0,0,5.1,0,0.0,0.0
SYN-006979,0.7,mixed_farming,high,masonry,1156.0,330946.0,67,0,1,10.0,1,11734.14,11734.14
SYN-006980,0.648,mixed_farming,medium,masonry,571.0,169328.0,31,0,1,14.9,0,0.0,0.0
SYN-006981,0.419,viticulture,low,wood,1950.0,778716.0,8,0,0,4.0,0,0.0,0.0
SYN-006982,0.833,viticulture,medium,mixed,2700.0,703060.0,41,0,0,11.3,0,0.0,0.0
SYN-006983,0.787,crop_farming,high,mixed,660.0,218109.0,50,0,1,14.7,0,0.0,0.0
SYN-006984,0.444,mixed_farming,medium,mixed,1097.0,552906.0,56,0,1,13.3,0,0.0,0.0
SYN-006985,0.826,livestock,high,wood,887.0,536122.0,73,0,1,4.9,0,0.0,0.0
SYN-006986,0.45,mixed_farming,high,wood,2438.0,763747.0,38,0,0,5.2,0,0.0,0.0
SYN-006987,0.711,mixed_farming,high,masonry,3044.0,1247357.0,73,0,1,2.0,0,0.0,0.0
SYN-006988,0.773,crop_farming,low,masonry,888.0,473507.0,70,0,1,17.8,0,0.0,0.0
SYN-006989,0.699,crop_farming,medium,masonry,163.0,50000.0,4,0,1,7.8,0,0.0,0.0
SYN-006990,0.848,crop_farming,high,masonry,2564.0,1125173.0,43,0,1,5.7,0,0.0,0.0
SYN-006991,0.631,crop_farming,high,masonry,1248.0,777567.0,12,0,1,6.3,0,0.0,0.0
SYN-006992,0.528,crop_farming,low,masonry,1251.0,524253.0,2,0,1,5.6,0,0.0,0.0
SYN-006993,0.692,viticulture,low,mixed,2267.0,800690.0,4,0,0,1.8,0,0.0,0.0
SYN-006994,0.605,livestock,low,masonry,957.0,463518.0,64,0,1,10.2,0,0.0,0.0
SYN-006995,0.491,mixed_farming,medium,mixed,805.0,356504.0,70,0,0,5.2,0,0.0,0.0
SYN-006996,0.683,mixed_farming,high,masonry,962.0,604292.0,40,0,0,4.1,0,0.0,0.0
SYN-006997,0.521,mixed_farming,medium,masonry,1666.0,559517.0,79,0,1,3.5,0,0.0,0.0
SYN-006998,0.682,livestock,low,mixed,2146.0,948817.0,54,0,1,1.2,0,0.0,0.0
SYN-006999,0.756,mixed_farming,low,masonry,3504.0,1803908.0,4,0,1,3.6,0,0.0,0.0
SYN-007000,0.869,mixed_farming,high,mixed,1575.0,731594.0,26,1,1,6.6,0,0.0,0.0
SYN-007001,0.912,mixed_farming,low,wood,1103.0,557012.0,53,0,0,4.6,0,0.0,0.0
SYN-007002,0.801,viticulture,low,masonry,2156.0,969268.0,56,0,0,2.5,0,0.0,0.0
SYN-007003,0.936,mixed_farming,low,masonry,645.0,383219.0,58,0,1,3.3,0,0.0,0.0
SYN-007004,0.735,livestock,high,masonry,3049.0,1289643.0,58,0,0,8.0,0,0.0,0.0
SYN-007005,0.826,mixed_farming,medium,masonry,1390.0,674420.0,50,0,0,3.1,0,0.0,0.0
SYN-007006,0.862,livestock,low,wood,1045.0,529081.0,80,0,1,2.0,0,0.0,0.0
SYN-007007,0.895,mixed_farming,low,mixed,646.0,399120.0,48,0,1,21.6,0,0.0,0.0
SYN-007008,0.851,crop_farming,high,masonry,1822.0,942649.0,30,0,0,4.4,0,0.0,0.0
SYN-007009,0.941,crop_farming,medium,mixed,1010.0,274615.0,16,0,1,1.8,0,0.0,0.0
SYN-007010,0.684,livestock,medium,wood,1140.0,548320.0,18,2,0,3.7,0,0.0,0.0
SYN-007011,0.972,crop_farming,low,masonry,409.0,148134.0,35,0,1,13.2,0,0.0,0.0
SYN-007012,0.64,viticulture,low,masonry,914.0,353126.0,39,1,1,13.2,0,0.0,0.0
SYN-007013,0.442,crop_farming,high,mixed,838.0,439139.0,8,0,1,7.5,0,0.0,0.0
SYN-007014,0.509,mixed_farming,medium,mixed,1591.0,473070.0,56,0,1,9.9,0,0.0,0.0
SYN-007015,0.735,crop_farming,medium,masonry,1018.0,499016.0,32,0,1,2.6,0,0.0,0.0
SYN-007016,0.409,viticulture,high,masonry,217.0,98000.0,39,1,1,7.2,0,0.0,0.0
SYN-007017,0.494,livestock,medium,masonry,925.0,553933.0,55,0,1,1.8,0,0.0,0.0
SYN-007018,0.624,crop_farming,high,mixed,471.0,185380.0,69,0,1,17.0,0,0.0,0.0
SYN-007019,0.775,crop_farming,low,mixed,615.0,236845.0,46,0,1,2.8,0,0.0,0.0
SYN-007020,0.499,livestock,low,masonry,2327.0,1069241.0,78,0,1,7.6,0,0.0,0.0
SYN-007021,0.745,viticulture,high,mixed,404.0,199251.0,57,0,0,1.7,0,0.0,0.0
SYN-007022,0.798,viticulture,high,masonry,1468.0,633977.0,79,0,0,16.5,0,0.0,0.0
SYN-007023,0.858,livestock,medium,mixed,872.0,435880.0,34,0,1,17.2,0,0.0,0.0
SYN-007024,0.796,livestock,medium,mixed,769.0,425663.0,11,0,1,12.2,0,0.0,0.0
SYN-007025,0.55,crop_farming,high,masonry,641.0,173941.0,20,0,1,11.4,0,0.0,0.0
SYN-007026,0.998,livestock,medium,masonry,1492.0,340656.0,20,0,1,16.0,0,0.0,0.0
SYN-007027,0.933,mixed_farming,low,masonry,1605.0,506325.0,27,0,1,1.2,0,0.0,0.0
SYN-007028,0.624,crop_farming,medium,mixed,395.0,150891.0,24,1,0,10.3,0,0.0,0.0
SYN-007029,0.418,mixed_farming,medium,mixed,2560.0,1038415.0,41,0,0,5.8,0,0.0,0.0
SYN-007030,0.717,mixed_farming,medium,masonry,561.0,269500.0,75,0,0,10.8,0,0.0,0.0
SYN-007031,0.919,crop_farming,high,wood,1560.0,523339.0,9,0,1,7.8,0,0.0,0.0
SYN-007032,0.893,crop_farming,medium,mixed,562.0,252347.0,63,0,0,10.8,0,0.0,0.0
SYN-007033,0.939,crop_farming,low,masonry,899.0,395824.0,46,0,0,9.0,0,0.0,0.0
SYN-007034,0.982,crop_farming,low,masonry,528.0,334901.0,10,0,1,0.9,0,0.0,0.0
SYN-007035,0.828,crop_farming,high,masonry,859.0,403432.0,64,0,1,7.6,0,0.0,0.0
SYN-007036,0.497,mixed_farming,low,masonry,1064.0,337318.0,36,0,0,23.6,0,0.0,0.0
SYN-007037,0.422,crop_farming,high,wood,574.0,261798.0,54,0,1,6.4,0,0.0,0.0
SYN-007038,0.491,mixed_farming,low,mixed,1487.0,749046.0,75,0,1,8.1,0,0.0,0.0
SYN-007039,0.521,mixed_farming,medium,masonry,1619.0,606348.0,12,0,0,17.3,0,0.0,0.0
SYN-007040,0.437,viticulture,high,masonry,7037.0,2798973.0,17,0,1,2.3,0,0.0,0.0
SYN-007041,0.672,mixed_farming,medium,masonry,2216.0,1153521.0,15,0,1,7.0,0,0.0,0.0
SYN-007042,0.87,crop_farming,high,masonry,2604.0,878321.0,45,0,1,9.2,0,0.0,0.0
SYN-007043,0.403,crop_farming,low,masonry,384.0,142033.0,79,0,1,4.8,0,0.0,0.0
SYN-007044,0.882,crop_farming,medium,mixed,339.0,221709.0,56,0,1,3.8,0,0.0,0.0
SYN-007045,0.955,viticulture,medium,mixed,999.0,406796.0,47,0,0,12.7,0,0.0,0.0
SYN-007046,0.491,viticulture,high,wood,3872.0,2076986.0,6,0,1,15.3,0,0.0,0.0
SYN-007047,0.413,livestock,low,masonry,6053.0,2062717.0,27,0,0,15.6,0,0.0,0.0
SYN-007048,0.688,livestock,low,masonry,775.0,384459.0,35,0,1,3.4,0,0.0,0.0
SYN-007049,0.921,livestock,medium,mixed,828.0,286035.0,40,0,1,10.8,0,0.0,0.0
SYN-007050,0.842,crop_farming,high,masonry,1726.0,740155.0,74,0,0,7.2,0,0.0,0.0
SYN-007051,0.421,viticulture,high,masonry,1066.0,427537.0,29,0,1,7.5,0,0.0,0.0
SYN-007052,0.804,crop_farming,high,wood,1084.0,262756.0,1,0,1,4.5,0,0.0,0.0
SYN-007053,0.891,livestock,medium,mixed,1831.0,810810.0,34,1,1,12.0,0,0.0,0.0
SYN-007054,0.563,livestock,medium,wood,7080.0,1856216.0,51,0,1,1.1,0,0.0,0.0
SYN-007055,0.792,crop_farming,high,masonry,2830.0,852177.0,31,0,1,12.1,0,0.0,0.0
SYN-007056,0.696,livestock,high,mixed,4084.0,1229494.0,70,0,1,11.5,0,0.0,0.0
SYN-007057,0.523,mixed_farming,high,masonry,366.0,188970.0,64,1,0,4.8,0,0.0,0.0
SYN-007058,0.941,crop_farming,high,masonry,2437.0,1035145.0,35,0,1,3.0,0,0.0,0.0
SYN-007059,0.534,mixed_farming,high,masonry,654.0,297545.0,73,0,1,3.3,0,0.0,0.0
SYN-007060,0.904,livestock,low,mixed,3604.0,1526701.0,21,0,0,6.2,0,0.0,0.0
SYN-007061,0.821,crop_farming,low,masonry,2929.0,1155797.0,75,0,1,3.5,0,0.0,0.0
SYN-007062,0.533,crop_farming,high,mixed,1794.0,624832.0,59,0,1,15.3,0,0.0,0.0
SYN-007063,0.827,crop_farming,medium,wood,748.0,244901.0,13,1,1,10.0,0,0.0,0.0
SYN-007064,0.416,crop_farming,low,mixed,885.0,418231.0,30,1,1,16.7,0,0.0,0.0
SYN-007065,0.542,livestock,medium,masonry,933.0,435409.0,53,0,1,3.5,0,0.0,0.0
SYN-007066,0.571,mixed_farming,medium,mixed,1989.0,932905.0,27,0,1,19.0,0,0.0,0.0
SYN-007067,0.934,mixed_farming,high,masonry,1576.0,716311.0,65,0,1,4.4,1,12949.66,12949.66
SYN-007068,0.949,viticulture,high,masonry,3050.0,1412753.0,21,0,1,4.7,0,0.0,0.0
SYN-007069,0.563,livestock,low,masonry,3453.0,1483287.0,74,0,1,12.5,0,0.0,0.0
SYN-007070,0.685,mixed_farming,medium,mixed,700.0,361490.0,77,0,1,8.5,0,0.0,0.0
SYN-007071,0.989,mixed_farming,low,mixed,1651.0,778482.0,9,0,1,7.5,0,0.0,0.0
SYN-007072,0.8,crop_farming,high,wood,1638.0,877034.0,60,0,1,13.4,0,0.0,0.0
SYN-007073,0.442,livestock,low,masonry,1139.0,617993.0,54,1,0,0.8,0,0.0,0.0
SYN-007074,0.635,livestock,medium,masonry,2235.0,673591.0,12,0,0,4.5,0,0.0,0.0
SYN-007075,0.653,mixed_farming,medium,masonry,1668.0,752346.0,53,0,1,1.8,0,0.0,0.0
SYN-007076,0.584,livestock,medium,wood,834.0,299194.0,24,0,1,6.4,0,0.0,0.0
SYN-007077,0.712,crop_farming,medium,mixed,1105.0,553421.0,65,0,1,18.5,0,0.0,0.0
SYN-007078,0.842,viticulture,medium,wood,966.0,331912.0,72,0,1,17.6,0,0.0,0.0
SYN-007079,0.815,crop_farming,medium,masonry,755.0,372696.0,1,0,1,2.5,1,8107.81,8107.81
SYN-007080,0.611,viticulture,low,masonry,1147.0,292983.0,67,0,1,6.6,0,0.0,0.0
SYN-007081,0.842,mixed_farming,medium,mixed,522.0,282307.0,79,0,0,15.3,0,0.0,0.0
SYN-007082,0.72,mixed_farming,medium,masonry,1649.0,1004757.0,29,0,1,5.1,0,0.0,0.0
SYN-007083,0.862,mixed_farming,low,masonry,3019.0,1296690.0,79,0,1,5.8,0,0.0,0.0
SYN-007084,0.468,crop_farming,medium,masonry,1252.0,395741.0,57,1,1,2.8,0,0.0,0.0
SYN-007085,0.643,mixed_farming,low,masonry,2242.0,1099058.0,46,1,1,4.1,0,0.0,0.0
SYN-007086,0.637,mixed_farming,high,masonry,1341.0,578212.0,9,0,0,5.6,0,0.0,0.0
SYN-007087,0.611,mixed_farming,low,wood,624.0,375938.0,40,0,1,5.4,0,0.0,0.0
SYN-007088,0.819,crop_farming,medium,mixed,4468.0,1411089.0,12,1,0,7.8,0,0.0,0.0
SYN-007089,0.734,crop_farming,low,mixed,251.0,161217.0,24,0,0,9.4,0,0.0,0.0
SYN-007090,0.632,livestock,medium,masonry,1220.0,296530.0,73,0,1,18.2,0,0.0,0.0
SYN-007091,0.722,livestock,low,mixed,735.0,468982.0,9,0,1,6.4,0,0.0,0.0
SYN-007092,0.823,livestock,medium,masonry,3388.0,1364152.0,44,1,1,7.7,0,0.0,0.0
SYN-007093,0.805,mixed_farming,low,masonry,1395.0,777014.0,79,0,1,6.1,0,0.0,0.0
SYN-007094,0.856,mixed_farming,medium,masonry,6381.0,1996526.0,11,0,1,5.7,0,0.0,0.0
SYN-007095,0.911,mixed_farming,medium,masonry,1241.0,496496.0,16,0,1,5.6,0,0.0,0.0
SYN-007096,0.844,crop_farming,high,wood,739.0,217794.0,40,1,1,10.9,0,0.0,0.0
SYN-007097,0.508,livestock,medium,mixed,399.0,202252.0,40,2,1,4.5,0,0.0,0.0
SYN-007098,0.908,livestock,medium,masonry,2488.0,693615.0,38,0,1,12.6,0,0.0,0.0
SYN-007099,0.599,crop_farming,high,mixed,704.0,268129.0,18,0,1,10.7,0,0.0,0.0
SYN-007100,0.8,crop_farming,low,masonry,923.0,417962.0,80,0,1,8.7,1,2893.56,2893.56
SYN-007101,0.995,livestock,medium,masonry,2693.0,646416.0,9,1,0,7.2,0,0.0,0.0
SYN-007102,0.577,crop_farming,medium,mixed,2404.0,1133164.0,2,0,1,14.2,0,0.0,0.0
SYN-007103,0.562,livestock,medium,mixed,815.0,458844.0,20,0,0,14.0,0,0.0,0.0
SYN-007104,0.509,crop_farming,low,mixed,902.0,405790.0,60,2,1,18.1,0,0.0,0.0
SYN-007105,0.99,crop_farming,medium,masonry,387.0,281712.0,11,0,1,7.8,0,0.0,0.0
SYN-007106,0.656,crop_farming,medium,masonry,319.0,107040.0,61,2,1,5.5,1,4788.76,4788.76
SYN-007107,0.87,mixed_farming,medium,masonry,1991.0,737948.0,32,1,1,12.7,0,0.0,0.0
SYN-007108,0.43,livestock,low,masonry,2139.0,1120722.0,63,0,1,3.9,0,0.0,0.0
SYN-007109,0.508,livestock,medium,masonry,1529.0,419776.0,18,0,1,20.4,1,16440.88,16440.88
SYN-007110,0.438,crop_farming,high,masonry,1369.0,775240.0,63,0,1,3.0,0,0.0,0.0
SYN-007111,0.889,viticulture,low,masonry,766.0,539250.0,1,0,0,8.4,0,0.0,0.0
SYN-007112,0.464,mixed_farming,medium,masonry,3147.0,723464.0,57,0,1,4.6,0,0.0,0.0
SYN-007113,0.954,mixed_farming,high,mixed,380.0,162504.0,2,0,1,12.9,0,0.0,0.0
SYN-007114,0.798,livestock,high,masonry,894.0,356360.0,34,0,1,7.8,0,0.0,0.0
SYN-007115,0.946,mixed_farming,low,masonry,1345.0,731201.0,57,0,0,9.8,0,0.0,0.0
SYN-007116,0.645,mixed_farming,medium,wood,1212.0,641913.0,4,0,0,2.8,0,0.0,0.0
SYN-007117,0.715,livestock,low,wood,1210.0,561503.0,74,0,0,12.5,1,5902.29,5902.29
SYN-007118,0.417,mixed_farming,high,masonry,865.0,604033.0,78,1,0,11.2,0,0.0,0.0
SYN-007119,0.68,crop_farming,medium,masonry,1723.0,596465.0,56,1,1,10.3,0,0.0,0.0
SYN-007120,0.754,mixed_farming,medium,masonry,550.0,192713.0,20,0,1,8.4,0,0.0,0.0
SYN-007121,0.46,livestock,low,wood,1104.0,587754.0,57,0,1,2.9,0,0.0,0.0
SYN-007122,0.989,crop_farming,medium,masonry,1605.0,697242.0,25,0,0,6.6,0,0.0,0.0
SYN-007123,0.403,viticulture,low,masonry,976.0,331165.0,54,0,1,9.0,0,0.0,0.0
SYN-007124,0.56,mixed_farming,medium,mixed,1216.0,678953.0,13,0,1,5.9,0,0.0,0.0
SYN-007125,0.769,crop_farming,medium,mixed,1394.0,457624.0,50,1,1,8.8,0,0.0,0.0
SYN-007126,0.699,viticulture,medium,masonry,386.0,237774.0,27,0,1,9.6,0,0.0,0.0
SYN-007127,0.544,livestock,high,masonry,410.0,223105.0,47,0,1,1.2,0,0.0,0.0
SYN-007128,0.992,livestock,low,masonry,1322.0,411049.0,27,1,0,4.0,0,0.0,0.0
SYN-007129,0.513,mixed_farming,low,masonry,816.0,403277.0,22,0,1,7.4,0,0.0,0.0
SYN-007130,0.741,livestock,medium,masonry,849.0,453055.0,29,0,1,15.0,0,0.0,0.0
SYN-007131,0.47,livestock,medium,mixed,1754.0,628657.0,71,0,0,9.7,0,0.0,0.0
SYN-007132,0.434,mixed_farming,low,mixed,637.0,200366.0,33,0,1,7.2,0,0.0,0.0
SYN-007133,0.693,crop_farming,medium,mixed,252.0,292488.0,56,1,1,7.4,0,0.0,0.0
SYN-007134,0.883,livestock,medium,mixed,3558.0,1292069.0,54,0,1,12.0,1,36981.9,36981.9
SYN-007135,0.719,livestock,medium,masonry,2661.0,871942.0,49,0,1,3.3,0,0.0,0.0
SYN-007136,0.576,mixed_farming,medium,masonry,2639.0,623047.0,78,0,0,9.3,0,0.0,0.0
SYN-007137,0.41,crop_farming,low,mixed,585.0,231860.0,4,0,1,14.1,0,0.0,0.0
SYN-007138,0.964,crop_farming,low,masonry,1152.0,507107.0,42,0,0,1.6,0,0.0,0.0
SYN-007139,0.527,mixed_farming,medium,masonry,531.0,539661.0,79,0,1,3.1,0,0.0,0.0
SYN-007140,0.745,crop_farming,medium,masonry,1166.0,465689.0,80,0,0,4.7,0,0.0,0.0
SYN-007141,0.409,livestock,medium,mixed,967.0,360473.0,36,0,1,26.1,0,0.0,0.0
SYN-007142,0.458,mixed_farming,high,mixed,601.0,355790.0,5,1,1,7.6,0,0.0,0.0
SYN-007143,0.502,mixed_farming,low,masonry,1681.0,664563.0,29,2,1,5.6,0,0.0,0.0
SYN-007144,0.467,crop_farming,medium,masonry,1024.0,348723.0,31,1,0,4.1,0,0.0,0.0
SYN-007145,0.718,mixed_farming,medium,mixed,3714.0,1938185.0,30,0,1,4.6,0,0.0,0.0
SYN-007146,0.638,mixed_farming,low,masonry,1281.0,447480.0,3,1,0,11.1,0,0.0,0.0
SYN-007147,0.881,livestock,high,masonry,231.0,126655.0,74,0,1,5.0,0,0.0,0.0
SYN-007148,0.47,mixed_farming,high,mixed,373.0,204507.0,48,1,0,4.5,0,0.0,0.0
SYN-007149,0.659,mixed_farming,low,mixed,4732.0,1459595.0,31,0,0,4.8,0,0.0,0.0
SYN-007150,0.657,mixed_farming,high,masonry,960.0,392534.0,79,0,1,14.1,0,0.0,0.0
SYN-007151,0.538,livestock,low,masonry,1417.0,719762.0,68,0,1,4.5,0,0.0,0.0
SYN-007152,0.458,mixed_farming,high,wood,1220.0,397966.0,17,0,1,1.8,0,0.0,0.0
SYN-007153,0.406,viticulture,high,masonry,3043.0,1528100.0,15,0,0,9.0,0,0.0,0.0
SYN-007154,0.411,livestock,low,wood,351.0,143274.0,58,0,1,5.0,0,0.0,0.0
SYN-007155,0.639,mixed_farming,medium,mixed,2876.0,1396973.0,71,0,0,3.8,0,0.0,0.0
SYN-007156,0.433,mixed_farming,medium,wood,2750.0,974380.0,62,0,1,9.0,0,0.0,0.0
SYN-007157,0.637,mixed_farming,low,masonry,1217.0,494218.0,66,0,1,7.2,0,0.0,0.0
SYN-007158,0.662,viticulture,medium,masonry,1585.0,643154.0,9,0,1,2.9,0,0.0,0.0
SYN-007159,0.667,crop_farming,medium,masonry,953.0,318474.0,14,1,1,11.8,0,0.0,0.0
SYN-007160,0.515,crop_farming,low,masonry,405.0,116597.0,35,0,1,11.8,0,0.0,0.0
SYN-007161,0.699,mixed_farming,low,masonry,1767.0,1103285.0,48,0,1,5.7,1,7102.87,7102.87
SYN-007162,0.635,livestock,low,masonry,1423.0,749398.0,12,0,1,11.0,0,0.0,0.0
SYN-007163,0.994,livestock,medium,masonry,1442.0,438935.0,5,0,1,10.4,0,0.0,0.0
SYN-007164,0.427,mixed_farming,medium,mixed,1658.0,776010.0,29,1,1,9.5,0,0.0,0.0
SYN-007165,0.432,viticulture,medium,masonry,818.0,318624.0,57,0,0,8.3,0,0.0,0.0
SYN-007166,0.895,livestock,low,masonry,3199.0,1286949.0,65,1,1,6.7,0,0.0,0.0
SYN-007167,0.56,mixed_farming,low,masonry,1218.0,542033.0,66,1,1,10.9,0,0.0,0.0
SYN-007168,0.51,crop_farming,medium,mixed,1723.0,777315.0,24,1,0,4.7,0,0.0,0.0
SYN-007169,0.925,livestock,low,masonry,1015.0,408298.0,24,0,1,19.0,0,0.0,0.0
SYN-007170,0.72,crop_farming,medium,mixed,2399.0,609689.0,75,0,1,11.0,0,0.0,0.0
SYN-007171,0.769,livestock,medium,masonry,1297.0,556918.0,13,0,0,10.2,0,0.0,0.0
SYN-007172,0.405,livestock,medium,mixed,1147.0,410046.0,63,0,1,4.4,0,0.0,0.0
SYN-007173,0.556,mixed_farming,medium,mixed,2657.0,1104755.0,1,0,1,3.4,0,0.0,0.0
SYN-007174,0.556,mixed_farming,high,masonry,395.0,117835.0,22,0,1,4.8,0,0.0,0.0
SYN-007175,0.857,livestock,low,mixed,1010.0,378673.0,16,0,1,17.3,0,0.0,0.0
SYN-007176,0.631,crop_farming,high,wood,814.0,388609.0,35,0,1,5.4,1,13495.55,13495.55
SYN-007177,0.746,crop_farming,low,masonry,1545.0,563922.0,9,0,0,4.8,0,0.0,0.0
SYN-007178,0.959,viticulture,low,masonry,1488.0,562776.0,50,2,1,22.4,0,0.0,0.0
SYN-007179,0.991,viticulture,medium,wood,1203.0,663586.0,36,0,1,12.5,0,0.0,0.0
SYN-007180,0.476,livestock,low,mixed,762.0,245275.0,49,1,1,6.8,0,0.0,0.0
SYN-007181,0.734,crop_farming,medium,mixed,1193.0,402020.0,59,0,1,6.2,0,0.0,0.0
SYN-007182,0.819,livestock,high,masonry,1495.0,544580.0,46,0,1,6.6,0,0.0,0.0
SYN-007183,0.869,mixed_farming,medium,masonry,1079.0,451671.0,42,0,1,18.7,0,0.0,0.0
SYN-007184,0.952,livestock,medium,wood,2490.0,1046355.0,31,0,1,6.2,0,0.0,0.0
SYN-007185,0.837,crop_farming,high,mixed,1804.0,608866.0,53,0,1,3.8,0,0.0,0.0
SYN-007186,0.814,livestock,medium,masonry,1227.0,285173.0,76,0,0,7.4,0,0.0,0.0
SYN-007187,0.432,crop_farming,low,masonry,264.0,183643.0,12,1,1,5.6,0,0.0,0.0
SYN-007188,0.727,livestock,high,mixed,1052.0,444623.0,8,1,0,12.2,0,0.0,0.0
SYN-007189,0.759,crop_farming,low,mixed,1825.0,900763.0,64,0,1,5.9,0,0.0,0.0
SYN-007190,0.818,mixed_farming,low,wood,1011.0,458762.0,51,0,1,4.9,0,0.0,0.0
SYN-007191,0.75,livestock,low,masonry,1476.0,739581.0,47,1,1,8.5,0,0.0,0.0
SYN-007192,0.646,crop_farming,low,masonry,1047.0,495490.0,3,0,0,6.5,0,0.0,0.0
SYN-007193,0.692,livestock,low,masonry,1410.0,371085.0,35,0,1,2.8,0,0.0,0.0
SYN-007194,0.98,livestock,low,masonry,3013.0,739713.0,45,0,1,9.7,0,0.0,0.0
SYN-007195,0.597,mixed_farming,medium,masonry,2021.0,658251.0,61,0,0,3.2,0,0.0,0.0
SYN-007196,0.871,viticulture,medium,masonry,522.0,302812.0,15,1,1,0.6,0,0.0,0.0
SYN-007197,0.764,crop_farming,high,masonry,413.0,175819.0,48,0,1,5.3,0,0.0,0.0
SYN-007198,0.666,mixed_farming,low,masonry,1616.0,588375.0,7,0,1,10.6,0,0.0,0.0
SYN-007199,0.649,mixed_farming,low,mixed,2589.0,1067425.0,65,1,1,6.9,0,0.0,0.0
SYN-007200,0.722,mixed_farming,medium,masonry,412.0,397826.0,5,0,1,11.1,0,0.0,0.0
SYN-007201,0.88,livestock,low,masonry,1057.0,418115.0,46,0,1,6.1,0,0.0,0.0
SYN-007202,0.473,livestock,medium,mixed,5668.0,2029285.0,77,0,1,14.5,0,0.0,0.0
SYN-007203,0.946,crop_farming,medium,masonry,1018.0,378831.0,29,0,1,8.0,0,0.0,0.0
SYN-007204,0.864,viticulture,medium,masonry,6259.0,1534131.0,11,1,1,11.5,0,0.0,0.0
SYN-007205,0.609,mixed_farming,low,mixed,710.0,201817.0,52,0,0,25.5,0,0.0,0.0
SYN-007206,0.406,livestock,medium,mixed,796.0,404464.0,29,0,0,17.9,0,0.0,0.0
SYN-007207,0.463,livestock,medium,masonry,767.0,428859.0,54,0,1,18.5,0,0.0,0.0
SYN-007208,0.487,crop_farming,high,mixed,528.0,382870.0,38,0,1,12.0,0,0.0,0.0
SYN-007209,0.462,crop_farming,low,wood,404.0,258670.0,28,0,0,7.2,0,0.0,0.0
SYN-007210,0.462,mixed_farming,medium,mixed,1050.0,305967.0,2,0,0,8.6,0,0.0,0.0
SYN-007211,0.976,livestock,medium,masonry,1332.0,543574.0,30,0,0,5.4,0,0.0,0.0
SYN-007212,0.795,mixed_farming,low,mixed,761.0,247778.0,74,0,1,12.9,0,0.0,0.0
SYN-007213,0.892,mixed_farming,medium,masonry,889.0,474891.0,80,1,0,11.3,0,0.0,0.0
SYN-007214,0.738,mixed_farming,medium,masonry,3102.0,1539601.0,2,0,1,2.8,0,0.0,0.0
SYN-007215,0.772,mixed_farming,low,masonry,2279.0,1268509.0,16,0,1,13.4,0,0.0,0.0
SYN-007216,0.929,crop_farming,medium,mixed,1024.0,563820.0,73,0,1,12.3,0,0.0,0.0
SYN-007217,0.557,mixed_farming,medium,masonry,1603.0,602596.0,67,0,1,9.7,0,0.0,0.0
SYN-007218,0.817,mixed_farming,medium,wood,418.0,148544.0,3,0,1,7.2,0,0.0,0.0
SYN-007219,0.94,crop_farming,low,wood,1444.0,831465.0,35,0,0,7.5,0,0.0,0.0
SYN-007220,0.962,crop_farming,medium,masonry,1164.0,546469.0,33,0,0,5.6,0,0.0,0.0
SYN-007221,0.666,crop_farming,low,masonry,950.0,538011.0,79,1,1,6.4,0,0.0,0.0
SYN-007222,0.914,crop_farming,medium,wood,1238.0,420504.0,63,0,1,12.2,0,0.0,0.0
SYN-007223,0.702,livestock,medium,masonry,1115.0,460991.0,62,0,0,8.4,0,0.0,0.0
SYN-007224,0.555,crop_farming,medium,mixed,516.0,266958.0,2,1,1,20.9,0,0.0,0.0
SYN-007225,0.551,mixed_farming,medium,masonry,3611.0,1092950.0,56,0,1,7.8,0,0.0,0.0
SYN-007226,0.671,crop_farming,low,masonry,2249.0,1049785.0,65,0,1,2.1,0,0.0,0.0
SYN-007227,0.555,crop_farming,low,masonry,942.0,257959.0,34,0,0,14.1,0,0.0,0.0
SYN-007228,0.418,livestock,medium,masonry,386.0,179504.0,38,0,1,5.9,0,0.0,0.0
SYN-007229,0.463,crop_farming,low,wood,246.0,106161.0,21,0,0,22.1,0,0.0,0.0
SYN-007230,0.91,viticulture,medium,masonry,4461.0,1148356.0,38,0,1,17.2,0,0.0,0.0
SYN-007231,0.93,livestock,medium,masonry,1083.0,566881.0,28,0,1,10.9,0,0.0,0.0
SYN-007232,0.924,crop_farming,high,mixed,1990.0,568560.0,15,0,1,4.6,0,0.0,0.0
SYN-007233,0.732,crop_farming,low,wood,654.0,300089.0,80,0,1,8.4,0,0.0,0.0
SYN-007234,0.961,livestock,medium,masonry,992.0,242214.0,19,0,0,9.9,0,0.0,0.0
SYN-007235,0.699,mixed_farming,low,mixed,1026.0,510679.0,16,0,1,1.2,0,0.0,0.0
SYN-007236,0.678,mixed_farming,high,masonry,1418.0,552129.0,64,0,1,5.4,0,0.0,0.0
SYN-007237,0.685,livestock,medium,mixed,1285.0,603623.0,13,0,1,2.0,0,0.0,0.0
SYN-007238,0.552,mixed_farming,medium,mixed,665.0,397771.0,1,0,1,5.3,0,0.0,0.0
SYN-007239,0.768,livestock,medium,wood,661.0,253476.0,47,0,1,8.5,0,0.0,0.0
SYN-007240,0.669,mixed_farming,low,mixed,1149.0,550309.0,26,0,1,12.1,0,0.0,0.0
SYN-007241,0.985,livestock,medium,wood,387.0,189279.0,56,0,1,4.9,0,0.0,0.0
SYN-007242,0.503,crop_farming,high,masonry,710.0,286891.0,26,0,0,9.5,0,0.0,0.0
SYN-007243,0.446,mixed_farming,low,mixed,1096.0,405846.0,8,0,1,12.4,0,0.0,0.0
SYN-007244,0.611,mixed_farming,high,mixed,1569.0,733884.0,22,0,1,6.8,0,0.0,0.0
SYN-007245,0.529,livestock,high,masonry,3220.0,1362333.0,32,0,1,4.1,0,0.0,0.0
SYN-007246,0.995,viticulture,high,wood,889.0,491348.0,25,0,1,8.4,0,0.0,0.0
SYN-007247,0.735,mixed_farming,high,mixed,1241.0,325011.0,48,0,1,9.9,1,32725.63,32725.63
SYN-007248,0.616,crop_farming,low,wood,360.0,223041.0,10,0,0,3.2,0,0.0,0.0
SYN-007249,0.786,mixed_farming,medium,masonry,1507.0,590311.0,53,0,1,5.0,0,0.0,0.0
SYN-007250,0.672,mixed_farming,low,mixed,671.0,374798.0,14,0,0,0.9,0,0.0,0.0
SYN-007251,0.525,livestock,medium,masonry,992.0,287559.0,49,0,1,0.9,0,0.0,0.0
SYN-007252,0.637,livestock,low,wood,1651.0,659583.0,45,1,1,2.9,0,0.0,0.0
SYN-007253,0.572,mixed_farming,high,masonry,1697.0,898805.0,14,0,1,17.1,0,0.0,0.0
SYN-007254,0.783,mixed_farming,low,mixed,471.0,295893.0,45,0,1,7.7,0,0.0,0.0
SYN-007255,0.89,livestock,low,masonry,2041.0,710384.0,78,0,1,3.9,0,0.0,0.0
SYN-007256,0.558,crop_farming,low,mixed,1182.0,598280.0,75,0,1,4.2,0,0.0,0.0
SYN-007257,0.773,livestock,medium,masonry,2762.0,676154.0,61,1,1,6.3,0,0.0,0.0
SYN-007258,0.825,viticulture,low,wood,3134.0,1043985.0,43,1,1,11.0,0,0.0,0.0
SYN-007259,0.622,mixed_farming,low,wood,3443.0,948427.0,62,0,1,3.2,0,0.0,0.0
SYN-007260,0.693,crop_farming,low,masonry,480.0,253920.0,36,0,1,0.5,0,0.0,0.0
SYN-007261,0.615,mixed_farming,low,mixed,1574.0,540353.0,25,0,1,2.5,0,0.0,0.0
SYN-007262,0.624,mixed_farming,high,mixed,435.0,200003.0,8,0,0,5.9,0,0.0,0.0
SYN-007263,0.668,livestock,medium,masonry,2824.0,931164.0,39,0,0,7.2,1,3266.97,3266.97
SYN-007264,0.577,crop_farming,low,masonry,3098.0,1535607.0,59,0,0,17.2,0,0.0,0.0
SYN-007265,0.693,livestock,low,masonry,2289.0,725598.0,69,0,0,3.7,0,0.0,0.0
SYN-007266,0.851,crop_farming,low,masonry,920.0,307770.0,36,0,1,9.1,0,0.0,0.0
SYN-007267,0.637,livestock,medium,masonry,1726.0,855271.0,56,0,1,22.3,0,0.0,0.0
SYN-007268,0.967,mixed_farming,low,masonry,846.0,508781.0,61,0,1,17.5,0,0.0,0.0
SYN-007269,0.531,viticulture,low,masonry,1223.0,520450.0,20,0,0,7.8,0,0.0,0.0
SYN-007270,0.67,livestock,low,wood,1141.0,407144.0,16,0,0,7.6,0,0.0,0.0
SYN-007271,0.761,mixed_farming,low,masonry,331.0,265311.0,46,0,1,5.8,0,0.0,0.0
SYN-007272,0.726,viticulture,medium,wood,716.0,433110.0,50,0,1,2.2,0,0.0,0.0
SYN-007273,0.968,crop_farming,low,mixed,5303.0,1840525.0,4,0,1,11.2,0,0.0,0.0
SYN-007274,0.595,crop_farming,medium,mixed,1146.0,433594.0,58,0,1,12.5,0,0.0,0.0
SYN-007275,0.627,mixed_farming,medium,masonry,1345.0,639937.0,39,0,1,9.5,0,0.0,0.0
SYN-007276,0.757,mixed_farming,high,masonry,1205.0,337923.0,29,0,1,9.2,0,0.0,0.0
SYN-007277,0.758,livestock,low,wood,928.0,303333.0,38,1,1,3.7,0,0.0,0.0
SYN-007278,0.872,mixed_farming,medium,mixed,1241.0,543527.0,39,0,1,5.7,0,0.0,0.0
SYN-007279,0.877,mixed_farming,high,mixed,930.0,636779.0,58,0,1,11.6,0,0.0,0.0
SYN-007280,0.407,mixed_farming,high,masonry,275.0,226042.0,6,0,0,4.1,0,0.0,0.0
SYN-007281,0.859,mixed_farming,high,mixed,2020.0,481585.0,68,0,1,6.6,0,0.0,0.0
SYN-007282,0.831,crop_farming,low,masonry,3458.0,806960.0,22,1,1,0.9,0,0.0,0.0
SYN-007283,0.751,crop_farming,high,mixed,569.0,308864.0,69,0,1,4.5,0,0.0,0.0
SYN-007284,0.59,crop_farming,high,mixed,927.0,537649.0,14,0,0,1.9,0,0.0,0.0
SYN-007285,0.944,viticulture,low,masonry,3213.0,1945366.0,29,0,1,6.2,0,0.0,0.0
SYN-007286,0.843,viticulture,low,masonry,734.0,414877.0,30,0,1,11.8,0,0.0,0.0
SYN-007287,0.554,mixed_farming,high,masonry,1559.0,675016.0,15,1,1,8.6,0,0.0,0.0
SYN-007288,0.583,crop_farming,low,masonry,20181.0,5381736.0,8,0,0,7.5,0,0.0,0.0
SYN-007289,0.826,livestock,medium,masonry,1828.0,944659.0,1,1,1,8.7,0,0.0,0.0
SYN-007290,0.951,crop_farming,medium,masonry,1267.0,464522.0,67,0,0,5.8,0,0.0,0.0
SYN-007291,0.694,livestock,medium,masonry,2150.0,922140.0,10,0,1,10.0,0,0.0,0.0
SYN-007292,0.928,crop_farming,low,mixed,2008.0,930576.0,59,0,1,2.8,1,6438.84,6438.84
SYN-007293,0.629,mixed_farming,medium,mixed,788.0,329370.0,2,0,1,10.0,0,0.0,0.0
SYN-007294,0.637,crop_farming,medium,masonry,392.0,172833.0,70,1,1,2.2,0,0.0,0.0
SYN-007295,0.812,mixed_farming,high,masonry,1783.0,862306.0,20,0,1,3.6,0,0.0,0.0
SYN-007296,0.43,viticulture,low,mixed,1966.0,605926.0,76,1,1,16.6,0,0.0,0.0
SYN-007297,0.483,mixed_farming,low,masonry,999.0,259015.0,38,0,0,6.2,0,0.0,0.0
SYN-007298,0.837,crop_farming,low,masonry,3531.0,1304586.0,46,0,0,11.5,0,0.0,0.0
SYN-007299,0.545,viticulture,low,masonry,3100.0,707255.0,39,1,0,3.1,0,0.0,0.0
SYN-007300,0.505,mixed_farming,high,wood,2005.0,932051.0,60,1,1,12.0,0,0.0,0.0
SYN-007301,0.453,livestock,low,masonry,1011.0,587265.0,18,0,1,11.4,0,0.0,0.0
SYN-007302,0.535,mixed_farming,low,wood,311.0,190577.0,40,0,1,22.0,0,0.0,0.0
SYN-007303,0.55,mixed_farming,high,masonry,1082.0,396072.0,20,0,0,15.5,0,0.0,0.0
SYN-007304,0.605,livestock,low,masonry,367.0,253962.0,63,0,0,1.5,0,0.0,0.0
SYN-007305,0.963,livestock,low,masonry,262.0,80671.0,69,0,1,3.6,0,0.0,0.0
SYN-007306,0.787,livestock,medium,mixed,1846.0,635395.0,43,0,0,8.1,0,0.0,0.0
SYN-007307,0.816,crop_farming,medium,masonry,2597.0,626812.0,50,0,1,8.7,0,0.0,0.0
SYN-007308,0.48,mixed_farming,high,mixed,341.0,185453.0,59,0,1,5.8,0,0.0,0.0
SYN-007309,0.516,crop_farming,medium,wood,1026.0,329105.0,33,0,0,11.9,0,0.0,0.0
SYN-007310,0.939,livestock,low,masonry,1198.0,529402.0,23,0,0,10.5,0,0.0,0.0
SYN-007311,0.781,livestock,medium,masonry,1002.0,671335.0,76,0,1,3.4,0,0.0,0.0
SYN-007312,0.886,crop_farming,high,mixed,495.0,263507.0,55,0,1,9.1,2,8928.16,17856.32
SYN-007313,0.614,livestock,medium,masonry,2879.0,1356617.0,2,0,1,2.5,0,0.0,0.0
SYN-007314,0.746,mixed_farming,medium,mixed,504.0,319272.0,47,0,0,5.1,0,0.0,0.0
SYN-007315,0.701,livestock,medium,wood,341.0,117548.0,36,1,1,9.4,0,0.0,0.0
SYN-007316,0.523,crop_farming,medium,masonry,496.0,222319.0,20,0,1,10.4,0,0.0,0.0
SYN-007317,0.895,mixed_farming,medium,masonry,1657.0,821691.0,64,0,1,12.2,0,0.0,0.0
SYN-007318,0.6,viticulture,low,mixed,1019.0,253952.0,55,0,0,2.5,0,0.0,0.0
SYN-007319,0.68,livestock,medium,masonry,735.0,434768.0,38,1,1,8.0,1,7528.47,7528.47
SYN-007320,0.48,livestock,low,masonry,1708.0,567530.0,30,0,1,5.9,1,2063.52,2063.52
SYN-007321,0.783,crop_farming,medium,masonry,1504.0,723816.0,18,0,1,7.7,1,13487.82,13487.82
SYN-007322,0.875,crop_farming,medium,masonry,270.0,276944.0,51,0,1,8.7,0,0.0,0.0
SYN-007323,0.646,livestock,low,masonry,1697.0,643612.0,69,0,1,9.1,0,0.0,0.0
SYN-007324,0.987,viticulture,low,mixed,2612.0,990476.0,53,1,1,10.0,0,0.0,0.0
SYN-007325,0.555,mixed_farming,high,masonry,1119.0,418480.0,1,0,0,3.6,0,0.0,0.0
SYN-007326,0.924,livestock,low,masonry,1040.0,375861.0,54,0,1,18.3,0,0.0,0.0
SYN-007327,0.833,viticulture,low,wood,4151.0,1595483.0,36,0,1,14.8,0,0.0,0.0
SYN-007328,0.956,livestock,low,masonry,764.0,281061.0,55,0,0,5.4,0,0.0,0.0
SYN-007329,0.844,crop_farming,medium,masonry,1088.0,327633.0,31,1,1,8.7,0,0.0,0.0
SYN-007330,0.697,livestock,low,wood,1503.0,462221.0,34,0,1,18.8,0,0.0,0.0
SYN-007331,0.648,crop_farming,high,masonry,1251.0,639616.0,37,2,1,9.9,0,0.0,0.0
SYN-007332,0.898,mixed_farming,medium,wood,1015.0,323712.0,50,0,1,6.3,0,0.0,0.0
SYN-007333,0.904,livestock,low,mixed,1284.0,455822.0,68,0,1,15.4,0,0.0,0.0
SYN-007334,0.753,mixed_farming,medium,masonry,3360.0,984979.0,73,1,0,7.5,0,0.0,0.0
SYN-007335,0.821,livestock,low,masonry,2049.0,868732.0,15,1,1,4.7,0,0.0,0.0
SYN-007336,0.678,viticulture,low,masonry,1155.0,449194.0,6,0,0,9.0,0,0.0,0.0
SYN-007337,0.531,mixed_farming,medium,mixed,691.0,241198.0,67,0,1,5.6,0,0.0,0.0
SYN-007338,0.43,livestock,low,masonry,754.0,450718.0,63,0,1,13.4,0,0.0,0.0
SYN-007339,0.792,crop_farming,high,mixed,2248.0,1213132.0,23,0,1,4.1,0,0.0,0.0
SYN-007340,0.802,viticulture,medium,mixed,430.0,136983.0,11,0,0,12.9,0,0.0,0.0
SYN-007341,0.799,livestock,low,mixed,5780.0,2543577.0,11,0,1,9.3,0,0.0,0.0
SYN-007342,0.737,crop_farming,high,masonry,1187.0,614655.0,38,1,1,0.7,0,0.0,0.0
SYN-007343,0.605,mixed_farming,medium,mixed,495.0,330752.0,23,0,1,9.6,0,0.0,0.0
SYN-007344,0.545,crop_farming,low,mixed,1364.0,434033.0,14,0,1,6.1,0,0.0,0.0
SYN-007345,0.439,livestock,medium,masonry,720.0,392177.0,65,1,1,2.2,0,0.0,0.0
SYN-007346,0.489,livestock,high,wood,923.0,380266.0,63,0,1,3.0,0,0.0,0.0
SYN-007347,0.777,livestock,medium,masonry,454.0,259415.0,43,0,1,20.6,0,0.0,0.0
SYN-007348,0.861,livestock,medium,wood,1038.0,494876.0,3,0,0,12.9,0,0.0,0.0
SYN-007349,0.945,crop_farming,medium,masonry,305.0,225018.0,12,0,1,1.9,0,0.0,0.0
SYN-007350,0.45,crop_farming,low,masonry,821.0,478527.0,57,0,1,9.3,0,0.0,0.0
SYN-007351,0.888,crop_farming,low,mixed,708.0,281683.0,31,0,1,12.3,0,0.0,0.0
SYN-007352,0.758,crop_farming,medium,masonry,874.0,290006.0,33,0,0,9.2,0,0.0,0.0
SYN-007353,0.581,viticulture,high,masonry,738.0,375229.0,66,0,1,3.0,0,0.0,0.0
SYN-007354,0.835,livestock,medium,masonry,1239.0,458187.0,22,0,0,10.4,0,0.0,0.0
SYN-007355,0.994,livestock,low,mixed,2159.0,1045453.0,79,0,1,3.9,0,0.0,0.0
SYN-007356,0.628,livestock,medium,masonry,1532.0,765989.0,77,0,1,4.7,0,0.0,0.0
SYN-007357,0.776,mixed_farming,low,mixed,2820.0,1228040.0,48,1,1,2.1,0,0.0,0.0
SYN-007358,0.556,crop_farming,low,mixed,877.0,464059.0,24,0,0,3.7,0,0.0,0.0
SYN-007359,0.523,crop_farming,medium,masonry,1497.0,419937.0,80,0,1,1.4,0,0.0,0.0
SYN-007360,0.489,mixed_farming,low,masonry,1536.0,436720.0,17,0,1,13.3,0,0.0,0.0
SYN-007361,0.419,livestock,high,masonry,2562.0,1331330.0,70,1,0,4.3,0,0.0,0.0
SYN-007362,0.834,mixed_farming,medium,wood,754.0,302970.0,35,0,1,19.7,0,0.0,0.0
SYN-007363,0.488,mixed_farming,medium,mixed,2024.0,852843.0,69,0,1,13.6,2,16330.87,32661.73
SYN-007364,0.806,mixed_farming,high,wood,694.0,227138.0,25,0,1,13.3,1,14691.91,14691.91
SYN-007365,0.922,crop_farming,medium,mixed,837.0,391203.0,58,0,1,20.0,0,0.0,0.0
SYN-007366,0.908,crop_farming,high,mixed,960.0,265146.0,59,0,1,0.5,0,0.0,0.0
SYN-007367,0.579,crop_farming,high,wood,1627.0,780795.0,30,0,0,10.9,0,0.0,0.0
SYN-007368,0.475,mixed_farming,medium,masonry,598.0,229526.0,3,0,1,16.0,0,0.0,0.0
SYN-007369,0.666,viticulture,low,wood,655.0,175633.0,24,0,0,13.5,0,0.0,0.0
SYN-007370,0.509,viticulture,low,masonry,797.0,287497.0,56,0,0,9.5,0,0.0,0.0
SYN-007371,0.624,crop_farming,high,masonry,1251.0,665908.0,64,0,1,2.3,0,0.0,0.0
SYN-007372,0.741,mixed_farming,low,masonry,659.0,574579.0,34,0,0,2.6,0,0.0,0.0
SYN-007373,0.787,livestock,high,masonry,1439.0,643165.0,72,0,1,5.7,0,0.0,0.0
SYN-007374,0.531,mixed_farming,low,masonry,960.0,402865.0,63,0,1,7.2,0,0.0,0.0
SYN-007375,0.536,livestock,medium,masonry,1859.0,518531.0,9,0,1,4.3,0,0.0,0.0
SYN-007376,0.92,crop_farming,low,masonry,1263.0,503363.0,27,1,1,25.1,0,0.0,0.0
SYN-007377,0.967,crop_farming,high,wood,3785.0,878903.0,42,1,0,20.0,0,0.0,0.0
SYN-007378,0.785,viticulture,low,masonry,1311.0,570751.0,2,0,1,5.0,0,0.0,0.0
SYN-007379,0.734,livestock,medium,masonry,549.0,325310.0,22,0,1,2.9,0,0.0,0.0
SYN-007380,0.795,livestock,high,mixed,1055.0,390408.0,62,0,1,10.9,0,0.0,0.0
SYN-007381,0.477,livestock,low,mixed,1229.0,649905.0,69,0,1,6.9,0,0.0,0.0
SYN-007382,0.938,livestock,low,mixed,671.0,531909.0,11,0,1,12.2,1,18678.83,18678.83
SYN-007383,0.525,viticulture,high,masonry,3249.0,1718437.0,48,0,1,15.3,0,0.0,0.0
SYN-007384,0.802,crop_farming,high,masonry,991.0,466924.0,39,0,0,2.0,0,0.0,0.0
SYN-007385,0.533,crop_farming,low,wood,797.0,434517.0,69,0,1,6.5,0,0.0,0.0
SYN-007386,0.823,mixed_farming,medium,masonry,1364.0,529033.0,67,0,1,4.3,0,0.0,0.0
SYN-007387,0.852,livestock,low,mixed,672.0,318100.0,77,0,1,23.7,0,0.0,0.0
SYN-007388,0.845,crop_farming,low,masonry,2271.0,977705.0,74,0,0,3.7,0,0.0,0.0
SYN-007389,0.657,crop_farming,medium,masonry,1993.0,639270.0,60,0,1,4.8,0,0.0,0.0
SYN-007390,0.764,crop_farming,low,mixed,1319.0,432045.0,20,0,1,12.0,0,0.0,0.0
SYN-007391,0.759,crop_farming,medium,masonry,1780.0,605607.0,20,1,0,4.7,0,0.0,0.0
SYN-007392,0.832,crop_farming,low,masonry,876.0,281922.0,68,0,0,2.8,0,0.0,0.0
SYN-007393,0.699,crop_farming,high,mixed,456.0,194854.0,56,0,1,20.4,1,1941.26,1941.26
SYN-007394,0.704,mixed_farming,medium,masonry,981.0,491014.0,63,0,1,8.0,0,0.0,0.0
SYN-007395,0.811,mixed_farming,low,masonry,875.0,420548.0,23,0,1,3.9,0,0.0,0.0
SYN-007396,0.502,mixed_farming,high,masonry,323.0,188567.0,74,0,1,2.5,0,0.0,0.0
SYN-007397,0.791,livestock,high,masonry,609.0,272694.0,14,1,1,3.6,0,0.0,0.0
SYN-007398,0.489,livestock,low,mixed,545.0,193630.0,66,0,1,4.3,0,0.0,0.0
SYN-007399,0.835,viticulture,high,masonry,611.0,160433.0,27,0,1,6.6,0,0.0,0.0
SYN-007400,0.633,mixed_farming,low,masonry,2883.0,946706.0,8,0,0,15.2,0,0.0,0.0
SYN-007401,0.904,livestock,low,masonry,1690.0,878584.0,66,0,1,10.0,0,0.0,0.0
SYN-007402,0.453,crop_farming,medium,wood,2269.0,1171011.0,76,0,1,15.1,0,0.0,0.0
SYN-007403,0.676,livestock,low,masonry,1688.0,756332.0,78,0,1,10.9,0,0.0,0.0
SYN-007404,0.5,livestock,medium,wood,2450.0,853919.0,2,0,0,9.0,0,0.0,0.0
SYN-007405,0.921,livestock,medium,masonry,1233.0,657679.0,37,0,1,2.8,0,0.0,0.0
SYN-007406,0.475,crop_farming,high,masonry,3246.0,847843.0,28,0,1,13.1,0,0.0,0.0
SYN-007407,0.691,viticulture,low,mixed,544.0,152737.0,27,0,0,3.6,1,9645.85,9645.85
SYN-007408,0.463,livestock,low,masonry,1160.0,491532.0,32,1,1,13.4,0,0.0,0.0
SYN-007409,0.879,mixed_farming,medium,mixed,623.0,328145.0,2,0,1,20.9,0,0.0,0.0
SYN-007410,0.569,crop_farming,low,wood,2717.0,1449113.0,39,0,0,10.3,0,0.0,0.0
SYN-007411,0.756,mixed_farming,high,mixed,1592.0,766894.0,6,0,0,5.0,0,0.0,0.0
SYN-007412,0.502,mixed_farming,medium,masonry,2621.0,1354954.0,19,0,1,1.9,0,0.0,0.0
SYN-007413,0.611,crop_farming,medium,mixed,487.0,245534.0,58,0,1,11.2,0,0.0,0.0
SYN-007414,0.468,mixed_farming,medium,masonry,819.0,682934.0,10,0,1,7.7,0,0.0,0.0
SYN-007415,0.73,mixed_farming,low,mixed,380.0,282839.0,54,2,1,1.8,0,0.0,0.0
SYN-007416,0.402,mixed_farming,low,masonry,1533.0,605371.0,67,0,1,8.4,0,0.0,0.0
SYN-007417,0.996,crop_farming,medium,masonry,918.0,405951.0,79,1,0,27.6,0,0.0,0.0
SYN-007418,0.65,mixed_farming,high,masonry,1981.0,1060375.0,52,0,0,3.9,0,0.0,0.0
SYN-007419,0.778,livestock,low,masonry,1237.0,330146.0,71,0,0,3.1,0,0.0,0.0
SYN-007420,0.572,crop_farming,low,mixed,303.0,157230.0,38,1,1,14.2,0,0.0,0.0
SYN-007421,0.552,crop_farming,medium,masonry,412.0,185217.0,73,2,1,8.0,0,0.0,0.0
SYN-007422,0.908,crop_farming,low,masonry,1279.0,563751.0,62,0,0,3.2,0,0.0,0.0
SYN-007423,0.855,crop_farming,medium,mixed,1640.0,780356.0,74,0,1,3.7,0,0.0,0.0
SYN-007424,0.786,livestock,low,masonry,287.0,132138.0,74,0,0,9.1,0,0.0,0.0
SYN-007425,0.851,mixed_farming,medium,wood,1148.0,541579.0,56,0,1,2.6,0,0.0,0.0
SYN-007426,0.505,crop_farming,medium,masonry,626.0,300443.0,18,0,1,10.0,0,0.0,0.0
SYN-007427,0.96,viticulture,high,masonry,589.0,339655.0,4,0,1,1.1,0,0.0,0.0
SYN-007428,0.673,crop_farming,medium,masonry,792.0,379341.0,26,0,0,9.0,0,0.0,0.0
SYN-007429,0.921,mixed_farming,low,masonry,1313.0,553820.0,24,0,1,8.3,0,0.0,0.0
SYN-007430,0.842,viticulture,medium,masonry,766.0,402736.0,75,1,1,26.9,0,0.0,0.0
SYN-007431,0.572,mixed_farming,medium,mixed,333.0,214807.0,4,0,0,4.5,0,0.0,0.0
SYN-007432,0.742,mixed_farming,medium,masonry,1307.0,421416.0,44,1,1,7.5,0,0.0,0.0
SYN-007433,0.98,mixed_farming,high,wood,965.0,509057.0,80,0,1,2.4,0,0.0,0.0
SYN-007434,0.422,crop_farming,high,masonry,659.0,214052.0,23,0,0,9.3,0,0.0,0.0
SYN-007435,0.656,crop_farming,low,mixed,992.0,587918.0,47,0,1,22.6,0,0.0,0.0
SYN-007436,0.772,livestock,medium,masonry,967.0,332727.0,13,0,1,5.2,0,0.0,0.0
SYN-007437,0.604,crop_farming,low,masonry,1247.0,506200.0,34,0,1,5.0,0,0.0,0.0
SYN-007438,0.591,livestock,medium,masonry,1032.0,400037.0,80,0,0,7.6,0,0.0,0.0
SYN-007439,0.849,crop_farming,high,masonry,1350.0,655932.0,54,0,1,4.3,0,0.0,0.0
SYN-007440,0.95,viticulture,medium,mixed,1174.0,508229.0,43,0,0,10.6,0,0.0,0.0
SYN-007441,0.723,mixed_farming,low,masonry,2065.0,849178.0,78,1,0,3.0,0,0.0,0.0
SYN-007442,0.969,mixed_farming,high,masonry,3395.0,1306178.0,69,1,0,10.1,0,0.0,0.0
SYN-007443,0.461,mixed_farming,medium,wood,1200.0,618140.0,23,2,1,1.5,0,0.0,0.0
SYN-007444,0.536,crop_farming,low,masonry,809.0,352445.0,51,0,1,4.8,0,0.0,0.0
SYN-007445,0.453,crop_farming,high,masonry,476.0,199437.0,52,0,1,4.2,0,0.0,0.0
SYN-007446,0.661,mixed_farming,low,masonry,1845.0,733739.0,36,1,1,6.6,0,0.0,0.0
SYN-007447,0.776,mixed_farming,medium,masonry,674.0,267346.0,15,0,0,8.6,0,0.0,0.0
SYN-007448,0.52,livestock,medium,masonry,5574.0,1958386.0,69,0,1,11.5,0,0.0,0.0
SYN-007449,0.669,livestock,high,mixed,7380.0,2955241.0,13,2,1,5.6,0,0.0,0.0
SYN-007450,0.811,livestock,low,mixed,1055.0,613659.0,29,0,1,5.4,0,0.0,0.0
SYN-007451,0.784,crop_farming,low,mixed,411.0,243747.0,20,1,1,10.2,0,0.0,0.0
SYN-007452,0.778,livestock,medium,masonry,1854.0,604628.0,62,0,0,5.6,0,0.0,0.0
SYN-007453,0.764,livestock,high,masonry,4742.0,1839876.0,8,1,1,3.9,0,0.0,0.0
SYN-007454,0.992,mixed_farming,low,mixed,516.0,269416.0,37,0,0,10.9,0,0.0,0.0
SYN-007455,0.828,viticulture,low,masonry,4162.0,1346867.0,68,0,1,12.2,0,0.0,0.0
SYN-007456,0.945,livestock,high,masonry,364.0,188731.0,72,1,1,12.9,0,0.0,0.0
SYN-007457,0.971,mixed_farming,medium,masonry,471.0,182070.0,17,0,1,7.4,0,0.0,0.0
SYN-007458,0.916,mixed_farming,low,mixed,1482.0,542165.0,41,0,1,25.2,0,0.0,0.0
SYN-007459,0.457,crop_farming,medium,masonry,2347.0,584173.0,40,0,0,3.3,0,0.0,0.0
SYN-007460,0.718,mixed_farming,medium,wood,1161.0,363448.0,27,1,0,5.7,0,0.0,0.0
SYN-007461,0.629,livestock,medium,masonry,1623.0,511184.0,65,0,1,5.9,0,0.0,0.0
SYN-007462,0.458,livestock,medium,wood,2485.0,1266445.0,59,0,1,11.1,0,0.0,0.0
SYN-007463,0.739,crop_farming,medium,masonry,2679.0,758095.0,7,1,1,0.6,0,0.0,0.0
SYN-007464,0.528,viticulture,low,mixed,809.0,286548.0,69,0,0,2.3,0,0.0,0.0
SYN-007465,0.749,viticulture,high,masonry,691.0,318836.0,30,0,1,7.9,0,0.0,0.0
SYN-007466,0.89,crop_farming,low,mixed,2404.0,1343707.0,69,0,1,4.9,0,0.0,0.0
SYN-007467,0.636,crop_farming,high,masonry,1628.0,428664.0,62,0,1,13.0,0,0.0,0.0
SYN-007468,0.97,crop_farming,low,wood,1777.0,868179.0,39,0,1,7.9,0,0.0,0.0
SYN-007469,0.86,mixed_farming,low,mixed,789.0,322059.0,54,0,1,16.1,0,0.0,0.0
SYN-007470,0.883,mixed_farming,low,mixed,1835.0,488144.0,36,0,0,1.2,0,0.0,0.0
SYN-007471,0.467,crop_farming,low,masonry,595.0,347972.0,63,0,0,8.1,0,0.0,0.0
SYN-007472,0.965,mixed_farming,medium,masonry,1423.0,688555.0,12,0,1,6.9,0,0.0,0.0
SYN-007473,0.421,livestock,medium,wood,1303.0,568318.0,49,0,0,10.0,0,0.0,0.0
SYN-007474,0.906,livestock,high,wood,1309.0,365855.0,4,0,1,6.6,0,0.0,0.0
SYN-007475,0.418,livestock,medium,masonry,2014.0,869476.0,58,0,1,5.3,0,0.0,0.0
SYN-007476,0.497,livestock,medium,masonry,624.0,204994.0,75,0,0,4.3,0,0.0,0.0
SYN-007477,0.589,livestock,low,masonry,1882.0,690836.0,61,0,0,5.1,0,0.0,0.0
SYN-007478,0.843,crop_farming,high,masonry,1228.0,577330.0,59,0,1,8.8,0,0.0,0.0
SYN-007479,0.94,livestock,low,masonry,725.0,286437.0,66,0,0,2.2,0,0.0,0.0
SYN-007480,0.8,viticulture,low,mixed,513.0,302814.0,47,1,1,1.3,0,0.0,0.0
SYN-007481,0.837,livestock,low,masonry,4137.0,1107699.0,50,0,1,1.8,0,0.0,0.0
SYN-007482,0.574,viticulture,low,wood,1158.0,560080.0,47,0,1,11.5,0,0.0,0.0
SYN-007483,0.985,livestock,medium,wood,962.0,508383.0,38,0,1,5.6,0,0.0,0.0
SYN-007484,0.645,mixed_farming,low,masonry,576.0,324167.0,2,0,1,4.5,0,0.0,0.0
SYN-007485,0.948,crop_farming,low,masonry,2459.0,703572.0,7,0,0,5.4,0,0.0,0.0
SYN-007486,0.868,mixed_farming,high,masonry,2338.0,607444.0,37,1,1,12.7,0,0.0,0.0
SYN-007487,0.62,crop_farming,low,masonry,2063.0,822368.0,22,0,1,1.2,0,0.0,0.0
SYN-007488,0.606,crop_farming,medium,mixed,1165.0,481321.0,74,0,0,12.7,0,0.0,0.0
SYN-007489,0.808,crop_farming,medium,mixed,1975.0,1014191.0,79,1,0,3.1,0,0.0,0.0
SYN-007490,0.964,crop_farming,high,masonry,709.0,253784.0,37,1,0,13.9,0,0.0,0.0
SYN-007491,0.803,viticulture,medium,wood,1396.0,567775.0,56,0,1,23.0,0,0.0,0.0
SYN-007492,0.914,viticulture,low,masonry,1170.0,448559.0,47,0,1,5.9,0,0.0,0.0
SYN-007493,0.98,mixed_farming,high,masonry,1442.0,757476.0,20,1,1,4.5,0,0.0,0.0
SYN-007494,0.598,crop_farming,medium,wood,373.0,141709.0,31,0,0,17.4,1,10156.32,10156.32
SYN-007495,0.723,mixed_farming,low,masonry,4086.0,2128336.0,31,0,1,3.2,0,0.0,0.0
SYN-007496,0.765,mixed_farming,medium,masonry,3470.0,1787790.0,9,0,1,6.4,0,0.0,0.0
SYN-007497,0.53,livestock,medium,masonry,574.0,211703.0,2,0,1,5.0,0,0.0,0.0
SYN-007498,0.879,livestock,low,masonry,1764.0,873075.0,26,0,1,7.4,0,0.0,0.0
SYN-007499,0.557,mixed_farming,medium,masonry,461.0,222785.0,73,0,1,3.2,0,0.0,0.0
SYN-007500,0.824,crop_farming,low,mixed,1280.0,408917.0,7,0,1,10.4,0,0.0,0.0
SYN-007501,0.714,livestock,medium,masonry,291.0,226921.0,42,1,1,7.6,0,0.0,0.0
SYN-007502,0.902,mixed_farming,high,mixed,1002.0,540544.0,47,0,0,7.5,0,0.0,0.0
SYN-007503,0.707,crop_farming,medium,masonry,883.0,324474.0,54,0,1,8.5,0,0.0,0.0
SYN-007504,0.752,livestock,high,masonry,2571.0,756074.0,79,2,1,3.1,0,0.0,0.0
SYN-007505,0.509,livestock,low,wood,3585.0,1374742.0,32,0,0,10.8,0,0.0,0.0
SYN-007506,0.885,mixed_farming,medium,mixed,3638.0,1264483.0,30,1,1,1.9,0,0.0,0.0
SYN-007507,0.641,viticulture,high,mixed,2573.0,591884.0,41,0,1,6.7,0,0.0,0.0
SYN-007508,0.748,mixed_farming,medium,masonry,1279.0,368748.0,69,0,1,16.1,0,0.0,0.0
SYN-007509,0.908,mixed_farming,low,masonry,1560.0,413727.0,47,0,0,2.7,0,0.0,0.0
SYN-007510,0.688,mixed_farming,low,mixed,1555.0,609141.0,4,0,0,4.8,0,0.0,0.0
SYN-007511,0.565,mixed_farming,low,wood,563.0,318058.0,36,0,1,5.8,0,0.0,0.0
SYN-007512,0.559,livestock,medium,mixed,2553.0,1203820.0,41,0,1,6.5,0,0.0,0.0
SYN-007513,0.74,crop_farming,high,masonry,1898.0,883522.0,71,0,1,5.2,0,0.0,0.0
SYN-007514,0.575,mixed_farming,medium,masonry,1956.0,942443.0,53,0,0,13.0,0,0.0,0.0
SYN-007515,0.603,mixed_farming,low,masonry,275.0,146333.0,55,0,0,1.5,0,0.0,0.0
SYN-007516,0.541,livestock,low,masonry,1627.0,401985.0,26,0,1,14.7,0,0.0,0.0
SYN-007517,0.668,mixed_farming,medium,masonry,2330.0,1185744.0,59,1,0,5.2,0,0.0,0.0
SYN-007518,0.68,mixed_farming,medium,masonry,1200.0,554576.0,8,1,1,11.3,0,0.0,0.0
SYN-007519,0.716,livestock,low,masonry,875.0,371123.0,16,0,1,10.8,0,0.0,0.0
SYN-007520,0.756,crop_farming,medium,mixed,500.0,137372.0,18,0,1,5.3,0,0.0,0.0
SYN-007521,0.753,crop_farming,low,mixed,477.0,172899.0,38,0,1,4.3,0,0.0,0.0
SYN-007522,0.62,livestock,medium,mixed,1340.0,544303.0,6,1,1,20.9,0,0.0,0.0
SYN-007523,0.94,livestock,medium,masonry,1040.0,590697.0,42,0,0,20.5,0,0.0,0.0
SYN-007524,0.707,crop_farming,low,masonry,1031.0,532443.0,72,0,1,7.4,0,0.0,0.0
SYN-007525,0.899,crop_farming,medium,wood,3274.0,725850.0,32,0,1,12.9,0,0.0,0.0
SYN-007526,0.734,crop_farming,medium,masonry,536.0,377939.0,1,0,1,6.2,0,0.0,0.0
SYN-007527,0.622,mixed_farming,medium,wood,968.0,387178.0,22,0,1,5.2,0,0.0,0.0
SYN-007528,0.843,mixed_farming,medium,masonry,3645.0,960235.0,6,1,1,8.0,0,0.0,0.0
SYN-007529,0.506,livestock,medium,mixed,989.0,473744.0,51,2,1,3.4,0,0.0,0.0
SYN-007530,0.982,crop_farming,low,masonry,1265.0,509753.0,64,0,1,3.1,0,0.0,0.0
SYN-007531,0.743,crop_farming,high,mixed,1082.0,650169.0,24,1,1,16.7,0,0.0,0.0
SYN-007532,0.462,crop_farming,high,wood,1917.0,651469.0,24,0,0,10.4,0,0.0,0.0
SYN-007533,0.653,livestock,low,masonry,319.0,261931.0,26,0,1,3.9,0,0.0,0.0
SYN-007534,0.828,crop_farming,high,mixed,1062.0,612125.0,30,0,0,10.9,0,0.0,0.0
SYN-007535,0.441,livestock,medium,wood,1256.0,626024.0,56,0,1,5.4,0,0.0,0.0
SYN-007536,0.557,viticulture,low,mixed,633.0,317893.0,25,0,0,6.0,0,0.0,0.0
SYN-007537,0.955,livestock,medium,masonry,1515.0,756277.0,31,0,1,4.3,0,0.0,0.0
SYN-007538,0.614,mixed_farming,low,masonry,2021.0,877246.0,72,1,0,8.3,0,0.0,0.0
SYN-007539,0.495,crop_farming,medium,wood,1626.0,753092.0,62,0,0,9.5,0,0.0,0.0
SYN-007540,0.459,crop_farming,high,mixed,3853.0,1119057.0,75,2,1,6.1,0,0.0,0.0
SYN-007541,0.771,viticulture,medium,wood,914.0,412678.0,29,1,1,3.1,0,0.0,0.0
SYN-007542,0.735,livestock,medium,masonry,1676.0,718525.0,75,0,1,11.1,0,0.0,0.0
SYN-007543,0.789,mixed_farming,low,mixed,1651.0,626619.0,24,0,1,4.3,0,0.0,0.0
SYN-007544,0.975,viticulture,medium,mixed,1040.0,337244.0,25,0,1,9.8,0,0.0,0.0
SYN-007545,0.436,livestock,high,wood,2532.0,1356446.0,77,0,1,16.9,0,0.0,0.0
SYN-007546,0.519,livestock,low,mixed,1462.0,412593.0,17,0,1,16.9,0,0.0,0.0
SYN-007547,0.54,livestock,medium,masonry,555.0,379618.0,66,0,1,2.7,0,0.0,0.0
SYN-007548,0.656,crop_farming,medium,mixed,1974.0,918653.0,67,0,1,4.9,0,0.0,0.0
SYN-007549,0.473,crop_farming,medium,mixed,876.0,501158.0,75,0,1,8.8,0,0.0,0.0
SYN-007550,0.646,crop_farming,medium,masonry,983.0,276334.0,68,0,0,13.2,0,0.0,0.0
SYN-007551,0.89,mixed_farming,medium,masonry,1031.0,565051.0,66,0,1,2.4,1,2901.43,2901.43
SYN-007552,0.498,mixed_farming,medium,wood,1955.0,484056.0,29,1,1,14.3,0,0.0,0.0
SYN-007553,0.95,crop_farming,medium,masonry,2444.0,1310645.0,45,0,1,9.5,0,0.0,0.0
SYN-007554,0.947,crop_farming,medium,masonry,1093.0,357495.0,47,0,1,15.0,0,0.0,0.0
SYN-007555,0.708,mixed_farming,medium,mixed,1053.0,411048.0,24,0,1,2.6,0,0.0,0.0
SYN-007556,0.916,viticulture,medium,wood,320.0,257558.0,32,0,1,5.5,0,0.0,0.0
SYN-007557,0.827,crop_farming,high,mixed,764.0,277439.0,69,1,1,9.4,1,5413.29,5413.29
SYN-007558,0.614,livestock,low,masonry,655.0,281243.0,2,0,1,6.8,0,0.0,0.0
SYN-007559,0.737,mixed_farming,low,masonry,1484.0,679490.0,7,0,1,6.1,0,0.0,0.0
SYN-007560,0.47,mixed_farming,high,masonry,1130.0,329816.0,33,0,1,1.7,0,0.0,0.0
SYN-007561,0.697,viticulture,low,masonry,671.0,190025.0,62,0,1,5.8,0,0.0,0.0
SYN-007562,0.898,crop_farming,high,mixed,1338.0,516647.0,72,0,0,2.7,0,0.0,0.0
SYN-007563,0.751,crop_farming,medium,masonry,1160.0,469462.0,55,0,1,23.9,0,0.0,0.0
SYN-007564,0.629,livestock,high,masonry,232.0,101157.0,69,0,1,9.6,0,0.0,0.0
SYN-007565,0.798,crop_farming,medium,wood,2490.0,802938.0,12,0,0,34.4,0,0.0,0.0
SYN-007566,0.986,mixed_farming,high,masonry,2338.0,846549.0,9,0,0,4.9,0,0.0,0.0
SYN-007567,0.44,crop_farming,medium,masonry,1038.0,377790.0,41,1,1,6.6,0,0.0,0.0
SYN-007568,0.598,mixed_farming,medium,masonry,1524.0,472215.0,25,0,1,17.1,0,0.0,0.0
SYN-007569,0.494,viticulture,medium,masonry,981.0,389506.0,71,0,1,6.4,0,0.0,0.0
SYN-007570,0.974,viticulture,low,masonry,427.0,190007.0,6,0,1,18.4,0,0.0,0.0
SYN-007571,0.728,mixed_farming,low,wood,4946.0,1812307.0,30,0,0,21.5,0,0.0,0.0
SYN-007572,0.478,viticulture,high,mixed,1973.0,451753.0,24,0,1,7.9,0,0.0,0.0
SYN-007573,0.767,crop_farming,low,mixed,2234.0,967353.0,48,0,1,16.2,0,0.0,0.0
SYN-007574,0.7,livestock,medium,mixed,1007.0,273922.0,24,0,0,12.5,0,0.0,0.0
SYN-007575,0.436,crop_farming,medium,masonry,2520.0,734795.0,76,0,1,1.6,0,0.0,0.0
SYN-007576,0.919,viticulture,low,mixed,497.0,247489.0,5,0,1,18.4,0,0.0,0.0
SYN-007577,0.826,viticulture,high,masonry,1033.0,577359.0,6,0,1,11.2,0,0.0,0.0
SYN-007578,0.403,crop_farming,low,masonry,1960.0,1046249.0,72,0,1,7.8,0,0.0,0.0
SYN-007579,0.976,crop_farming,medium,masonry,806.0,373931.0,43,1,1,7.2,0,0.0,0.0
SYN-007580,0.496,livestock,medium,masonry,2191.0,716634.0,68,0,1,23.1,0,0.0,0.0
SYN-007581,0.4,crop_farming,low,masonry,1477.0,733542.0,37,0,0,7.3,0,0.0,0.0
SYN-007582,0.656,mixed_farming,low,masonry,1389.0,657340.0,75,0,1,10.2,0,0.0,0.0
SYN-007583,0.484,crop_farming,medium,masonry,759.0,439758.0,38,1,1,14.0,0,0.0,0.0
SYN-007584,0.742,mixed_farming,low,masonry,1576.0,648983.0,60,0,0,12.2,0,0.0,0.0
SYN-007585,0.587,livestock,high,masonry,4256.0,1636193.0,80,0,0,6.7,0,0.0,0.0
SYN-007586,0.511,livestock,medium,mixed,1358.0,355891.0,61,0,1,24.5,0,0.0,0.0
SYN-007587,0.991,crop_farming,low,masonry,1740.0,493105.0,21,0,0,2.9,0,0.0,0.0
SYN-007588,0.6,viticulture,low,mixed,1915.0,814710.0,63,0,1,11.8,0,0.0,0.0
SYN-007589,0.649,mixed_farming,low,masonry,576.0,429357.0,31,0,1,5.5,0,0.0,0.0
SYN-007590,0.577,livestock,medium,masonry,1112.0,466909.0,55,0,0,9.1,0,0.0,0.0
SYN-007591,0.902,livestock,medium,mixed,1090.0,279683.0,53,0,0,8.6,0,0.0,0.0
SYN-007592,0.518,viticulture,low,mixed,305.0,227857.0,15,0,1,5.6,0,0.0,0.0
SYN-007593,0.477,mixed_farming,medium,masonry,2024.0,948961.0,23,0,0,15.6,0,0.0,0.0
SYN-007594,0.929,mixed_farming,medium,masonry,661.0,356418.0,15,0,1,14.1,0,0.0,0.0
SYN-007595,0.51,mixed_farming,medium,mixed,1885.0,536689.0,6,1,1,4.0,0,0.0,0.0
SYN-007596,0.915,mixed_farming,low,masonry,740.0,277949.0,41,0,0,25.4,0,0.0,0.0
SYN-007597,0.747,crop_farming,low,masonry,4570.0,1627341.0,17,0,1,6.7,0,0.0,0.0
SYN-007598,0.894,mixed_farming,low,masonry,1011.0,402717.0,56,1,1,9.8,0,0.0,0.0
SYN-007599,0.442,livestock,medium,mixed,4225.0,1943385.0,19,0,1,2.5,0,0.0,0.0
SYN-007600,0.978,mixed_farming,medium,masonry,1083.0,408617.0,3,0,1,8.1,0,0.0,0.0
SYN-007601,0.58,viticulture,low,wood,1171.0,608368.0,12,1,1,13.4,0,0.0,0.0
SYN-007602,0.435,viticulture,low,mixed,3355.0,1346114.0,44,0,1,3.7,0,0.0,0.0
SYN-007603,0.859,livestock,medium,mixed,668.0,225307.0,11,0,0,8.1,0,0.0,0.0
SYN-007604,0.507,livestock,low,masonry,1252.0,298628.0,71,0,0,9.3,0,0.0,0.0
SYN-007605,0.611,mixed_farming,medium,mixed,1721.0,640846.0,60,0,0,10.0,0,0.0,0.0
SYN-007606,0.757,viticulture,medium,masonry,1576.0,576315.0,11,0,0,1.0,0,0.0,0.0
SYN-007607,0.441,mixed_farming,low,masonry,1246.0,483624.0,69,0,0,4.6,0,0.0,0.0
SYN-007608,0.521,crop_farming,medium,masonry,1140.0,287312.0,26,0,0,9.4,0,0.0,0.0
SYN-007609,0.693,livestock,low,mixed,2101.0,506701.0,72,1,1,11.4,0,0.0,0.0
SYN-007610,0.653,mixed_farming,medium,mixed,1360.0,427236.0,79,1,1,6.9,0,0.0,0.0
SYN-007611,0.735,mixed_farming,low,wood,2271.0,1060944.0,21,0,1,18.1,0,0.0,0.0
SYN-007612,0.837,mixed_farming,medium,masonry,1564.0,680573.0,27,0,1,9.7,0,0.0,0.0
SYN-007613,0.612,mixed_farming,medium,wood,1849.0,547764.0,12,0,1,7.8,0,0.0,0.0
SYN-007614,0.643,livestock,low,mixed,2532.0,898543.0,3,0,0,7.0,0,0.0,0.0
SYN-007615,0.563,livestock,medium,wood,991.0,575011.0,42,0,1,8.3,0,0.0,0.0
SYN-007616,0.604,mixed_farming,medium,mixed,2488.0,656528.0,55,0,1,3.1,0,0.0,0.0
SYN-007617,0.431,crop_farming,high,masonry,1095.0,323402.0,45,0,0,8.0,0,0.0,0.0
SYN-007618,0.748,mixed_farming,low,wood,488.0,252337.0,79,0,0,5.5,0,0.0,0.0
SYN-007619,0.504,mixed_farming,low,mixed,979.0,347799.0,10,0,1,8.6,0,0.0,0.0
SYN-007620,0.83,mixed_farming,low,mixed,758.0,268375.0,19,0,0,5.6,0,0.0,0.0
SYN-007621,0.425,livestock,high,masonry,1547.0,983866.0,72,1,0,6.8,0,0.0,0.0
SYN-007622,0.436,mixed_farming,medium,masonry,1007.0,515956.0,18,0,1,7.8,0,0.0,0.0
SYN-007623,0.571,crop_farming,low,masonry,1317.0,605640.0,30,0,0,4.4,0,0.0,0.0
SYN-007624,0.663,crop_farming,medium,masonry,2343.0,1234784.0,35,0,1,8.8,0,0.0,0.0
SYN-007625,0.816,livestock,low,masonry,3184.0,913693.0,18,0,0,10.5,1,6747.46,6747.46
SYN-007626,0.815,crop_farming,medium,wood,1466.0,739759.0,43,0,1,11.3,0,0.0,0.0
SYN-007627,0.984,viticulture,medium,masonry,2454.0,1277419.0,64,0,1,17.0,0,0.0,0.0
SYN-007628,0.611,viticulture,medium,masonry,1080.0,480304.0,66,0,0,6.3,0,0.0,0.0
SYN-007629,0.436,crop_farming,medium,masonry,439.0,330976.0,37,1,1,11.3,0,0.0,0.0
SYN-007630,0.917,mixed_farming,low,masonry,563.0,377299.0,80,1,0,13.7,0,0.0,0.0
SYN-007631,0.838,livestock,medium,masonry,1067.0,402184.0,26,0,1,3.9,0,0.0,0.0
SYN-007632,0.441,mixed_farming,medium,mixed,2033.0,816081.0,66,0,1,9.2,0,0.0,0.0
SYN-007633,0.45,mixed_farming,low,wood,1069.0,516102.0,71,0,1,15.3,0,0.0,0.0
SYN-007634,0.686,livestock,high,masonry,2620.0,1050799.0,24,0,0,8.7,0,0.0,0.0
SYN-007635,0.605,crop_farming,medium,masonry,3986.0,1381785.0,5,0,1,16.0,0,0.0,0.0
SYN-007636,0.758,crop_farming,high,mixed,680.0,188561.0,63,3,1,10.3,0,0.0,0.0
SYN-007637,0.531,livestock,medium,masonry,4823.0,1071800.0,8,0,0,16.4,0,0.0,0.0
SYN-007638,0.976,viticulture,low,mixed,419.0,130896.0,51,0,1,15.7,0,0.0,0.0
SYN-007639,0.707,livestock,medium,mixed,4031.0,1394337.0,40,0,0,15.2,0,0.0,0.0
SYN-007640,0.85,livestock,medium,wood,1186.0,368927.0,40,0,1,9.2,0,0.0,0.0
SYN-007641,0.475,crop_farming,low,masonry,1042.0,288426.0,59,1,1,11.3,1,3148.54,3148.54
SYN-007642,0.77,viticulture,medium,wood,1206.0,645461.0,51,0,0,9.2,0,0.0,0.0
SYN-007643,0.919,livestock,low,wood,721.0,357328.0,49,1,0,3.5,0,0.0,0.0
SYN-007644,0.414,mixed_farming,low,masonry,3216.0,1652414.0,36,0,0,3.7,0,0.0,0.0
SYN-007645,0.724,mixed_farming,high,masonry,773.0,259927.0,56,0,1,12.8,0,0.0,0.0
SYN-007646,0.548,crop_farming,low,masonry,840.0,315819.0,51,1,0,28.5,0,0.0,0.0
SYN-007647,0.687,crop_farming,medium,masonry,494.0,438143.0,47,0,1,5.0,0,0.0,0.0
SYN-007648,0.89,livestock,medium,wood,754.0,478341.0,59,0,1,8.3,0,0.0,0.0
SYN-007649,0.814,livestock,medium,masonry,769.0,399748.0,10,0,0,8.7,0,0.0,0.0
SYN-007650,0.853,mixed_farming,low,masonry,736.0,429156.0,2,0,1,5.8,0,0.0,0.0
SYN-007651,0.527,mixed_farming,medium,masonry,1081.0,323219.0,3,0,0,9.7,0,0.0,0.0
SYN-007652,0.9,crop_farming,medium,mixed,587.0,396883.0,50,0,1,10.8,0,0.0,0.0
SYN-007653,0.768,livestock,high,wood,3417.0,1698772.0,61,0,0,13.3,0,0.0,0.0
SYN-007654,0.442,crop_farming,low,mixed,1097.0,475680.0,13,0,1,9.4,0,0.0,0.0
SYN-007655,0.918,crop_farming,low,mixed,1546.0,467177.0,5,0,1,2.8,0,0.0,0.0
SYN-007656,0.433,mixed_farming,medium,masonry,2122.0,670009.0,27,0,1,20.0,0,0.0,0.0
SYN-007657,0.417,mixed_farming,low,mixed,4520.0,2209712.0,64,0,1,8.7,0,0.0,0.0
SYN-007658,0.9,mixed_farming,medium,masonry,2189.0,606544.0,36,1,1,6.3,0,0.0,0.0
SYN-007659,0.408,crop_farming,medium,masonry,1032.0,458157.0,54,0,0,5.9,0,0.0,0.0
SYN-007660,0.453,livestock,medium,mixed,603.0,228253.0,78,1,1,3.2,0,0.0,0.0
SYN-007661,0.41,livestock,high,wood,1510.0,437184.0,42,1,1,7.4,0,0.0,0.0
SYN-007662,0.928,viticulture,medium,mixed,2418.0,923656.0,27,0,1,6.3,0,0.0,0.0
SYN-007663,0.427,mixed_farming,high,mixed,1329.0,506604.0,3,0,0,14.9,0,0.0,0.0
SYN-007664,0.624,viticulture,medium,masonry,1264.0,630068.0,66,0,0,4.1,0,0.0,0.0
SYN-007665,0.53,crop_farming,low,masonry,1392.0,402471.0,60,0,0,4.9,0,0.0,0.0
SYN-007666,0.605,livestock,medium,masonry,359.0,182244.0,27,0,0,10.6,0,0.0,0.0
SYN-007667,0.574,mixed_farming,medium,mixed,1333.0,589136.0,51,0,1,6.8,0,0.0,0.0
SYN-007668,0.933,livestock,high,mixed,1951.0,647398.0,19,0,1,20.3,0,0.0,0.0
SYN-007669,0.861,mixed_farming,low,mixed,1177.0,501444.0,54,0,1,5.1,0,0.0,0.0
SYN-007670,0.931,livestock,low,masonry,2516.0,915612.0,35,0,1,11.8,0,0.0,0.0
SYN-007671,0.832,viticulture,high,masonry,2571.0,705877.0,17,0,0,12.7,0,0.0,0.0
SYN-007672,0.598,crop_farming,low,masonry,873.0,314304.0,8,2,0,2.7,0,0.0,0.0
SYN-007673,0.512,viticulture,medium,mixed,1615.0,653637.0,2,0,0,7.6,0,0.0,0.0
SYN-007674,0.718,livestock,medium,wood,1246.0,357290.0,66,0,1,3.0,0,0.0,0.0
SYN-007675,0.614,livestock,low,masonry,324.0,173129.0,6,0,1,5.8,0,0.0,0.0
SYN-007676,0.786,livestock,low,mixed,1073.0,389784.0,40,0,1,1.4,0,0.0,0.0
SYN-007677,0.423,crop_farming,high,mixed,620.0,188858.0,10,0,1,4.9,0,0.0,0.0
SYN-007678,0.828,viticulture,low,masonry,1322.0,381109.0,56,0,0,9.4,0,0.0,0.0
SYN-007679,0.58,viticulture,medium,masonry,1889.0,868009.0,32,0,1,4.5,0,0.0,0.0
SYN-007680,0.677,viticulture,medium,masonry,1052.0,360748.0,64,0,1,9.1,0,0.0,0.0
SYN-007681,0.987,viticulture,medium,wood,675.0,356363.0,8,0,0,24.5,0,0.0,0.0
SYN-007682,0.529,mixed_farming,medium,masonry,1411.0,413223.0,33,0,1,11.9,0,0.0,0.0
SYN-007683,0.471,livestock,low,masonry,5934.0,2271989.0,33,0,0,14.9,0,0.0,0.0
SYN-007684,0.526,mixed_farming,high,masonry,295.0,369205.0,37,0,1,2.3,0,0.0,0.0
SYN-007685,0.611,crop_farming,low,mixed,1410.0,746509.0,23,1,1,2.3,0,0.0,0.0
SYN-007686,0.722,mixed_farming,low,masonry,851.0,443896.0,21,1,0,5.0,0,0.0,0.0
SYN-007687,0.988,livestock,high,wood,919.0,489590.0,77,0,0,2.5,0,0.0,0.0
SYN-007688,0.922,mixed_farming,low,masonry,1132.0,523197.0,58,0,1,1.1,0,0.0,0.0
SYN-007689,0.829,livestock,low,wood,969.0,322162.0,37,1,1,5.4,0,0.0,0.0
SYN-007690,0.832,livestock,high,mixed,1792.0,652568.0,67,0,1,9.2,0,0.0,0.0
SYN-007691,0.57,crop_farming,low,masonry,1036.0,387579.0,6,0,0,4.5,0,0.0,0.0
SYN-007692,0.957,livestock,low,mixed,297.0,430484.0,46,0,0,6.1,0,0.0,0.0
SYN-007693,0.724,livestock,medium,mixed,2784.0,1445432.0,55,0,1,6.8,0,0.0,0.0
SYN-007694,0.498,crop_farming,medium,masonry,2525.0,990845.0,4,1,0,4.8,0,0.0,0.0
SYN-007695,0.97,crop_farming,high,mixed,817.0,242314.0,57,1,1,3.3,0,0.0,0.0
SYN-007696,0.704,mixed_farming,medium,mixed,1252.0,639225.0,57,0,1,9.1,0,0.0,0.0
SYN-007697,0.493,livestock,high,mixed,2674.0,586239.0,43,0,1,5.7,0,0.0,0.0
SYN-007698,0.841,mixed_farming,low,mixed,2372.0,1143542.0,54,0,0,3.7,0,0.0,0.0
SYN-007699,0.54,crop_farming,medium,mixed,2929.0,1559846.0,76,1,1,20.2,0,0.0,0.0
SYN-007700,0.513,livestock,low,masonry,1546.0,755025.0,28,0,1,7.7,0,0.0,0.0
SYN-007701,0.561,crop_farming,high,masonry,1999.0,512877.0,18,0,1,2.4,0,0.0,0.0
SYN-007702,0.747,livestock,high,masonry,3028.0,933963.0,33,0,1,5.7,0,0.0,0.0
SYN-007703,0.576,livestock,low,mixed,970.0,434457.0,77,1,0,12.0,0,0.0,0.0
SYN-007704,0.424,mixed_farming,high,masonry,1614.0,728474.0,40,0,1,5.8,1,13920.57,13920.57
SYN-007705,0.632,livestock,medium,masonry,300.0,192244.0,75,0,1,5.6,0,0.0,0.0
SYN-007706,0.541,livestock,low,mixed,434.0,215633.0,64,0,0,7.3,0,0.0,0.0
SYN-007707,0.707,crop_farming,medium,masonry,1677.0,650188.0,10,0,1,3.3,0,0.0,0.0
SYN-007708,0.676,livestock,high,masonry,1852.0,523187.0,55,0,1,1.5,0,0.0,0.0
SYN-007709,0.447,livestock,low,mixed,942.0,386067.0,71,1,0,15.1,0,0.0,0.0
SYN-007710,0.547,mixed_farming,low,mixed,817.0,281821.0,42,1,0,9.1,0,0.0,0.0
SYN-007711,0.569,livestock,high,mixed,962.0,342288.0,25,0,0,7.8,0,0.0,0.0
SYN-007712,0.691,mixed_farming,medium,masonry,1373.0,460215.0,65,0,1,7.0,0,0.0,0.0
SYN-007713,0.893,livestock,medium,mixed,269.0,131351.0,5,0,1,7.4,0,0.0,0.0
SYN-007714,0.531,crop_farming,medium,wood,1640.0,811527.0,69,0,1,22.3,0,0.0,0.0
SYN-007715,0.495,crop_farming,medium,masonry,1238.0,390147.0,7,0,0,4.3,0,0.0,0.0
SYN-007716,0.401,crop_farming,low,masonry,1423.0,431574.0,5,0,1,14.6,0,0.0,0.0
SYN-007717,0.764,livestock,low,masonry,1118.0,566574.0,42,0,1,15.0,0,0.0,0.0
SYN-007718,0.595,mixed_farming,high,wood,493.0,231334.0,6,1,1,9.9,0,0.0,0.0
SYN-007719,0.802,mixed_farming,medium,masonry,594.0,215995.0,58,0,1,14.7,0,0.0,0.0
SYN-007720,0.814,livestock,medium,masonry,3263.0,1177263.0,39,0,1,8.5,0,0.0,0.0
SYN-007721,0.427,crop_farming,high,masonry,798.0,396705.0,60,0,1,5.4,0,0.0,0.0
SYN-007722,0.651,mixed_farming,low,wood,2049.0,932437.0,63,0,1,9.5,0,0.0,0.0
SYN-007723,0.981,crop_farming,high,masonry,600.0,509730.0,64,0,1,31.6,0,0.0,0.0
SYN-007724,0.565,livestock,medium,masonry,1200.0,317277.0,9,1,1,9.0,0,0.0,0.0
SYN-007725,0.718,mixed_farming,high,wood,910.0,412888.0,68,1,0,9.9,0,0.0,0.0
SYN-007726,0.723,livestock,low,masonry,1005.0,315515.0,70,0,0,1.9,0,0.0,0.0
SYN-007727,0.556,crop_farming,low,mixed,972.0,451452.0,41,0,0,3.0,0,0.0,0.0
SYN-007728,0.868,crop_farming,medium,masonry,3098.0,1422421.0,11,0,0,5.3,0,0.0,0.0
SYN-007729,0.402,mixed_farming,high,masonry,4242.0,1602728.0,59,0,0,7.3,0,0.0,0.0
SYN-007730,0.536,crop_farming,high,masonry,1414.0,566529.0,56,0,0,11.3,0,0.0,0.0
SYN-007731,0.756,mixed_farming,medium,masonry,927.0,285409.0,11,0,1,19.7,0,0.0,0.0
SYN-007732,0.95,livestock,medium,masonry,511.0,440830.0,65,0,1,3.3,0,0.0,0.0
SYN-007733,0.406,livestock,low,mixed,488.0,286509.0,55,0,0,7.2,1,6071.29,6071.29
SYN-007734,0.761,crop_farming,medium,masonry,3109.0,1674612.0,4,0,1,12.2,0,0.0,0.0
SYN-007735,0.402,mixed_farming,high,masonry,467.0,271474.0,49,1,0,4.3,0,0.0,0.0
SYN-007736,0.774,livestock,medium,mixed,910.0,396016.0,68,0,0,21.0,0,0.0,0.0
SYN-007737,0.647,mixed_farming,low,wood,1341.0,666788.0,77,0,1,7.9,0,0.0,0.0
SYN-007738,0.661,livestock,high,masonry,223.0,143137.0,68,0,0,5.5,0,0.0,0.0
SYN-007739,0.981,crop_farming,low,masonry,538.0,290599.0,69,0,1,6.5,0,0.0,0.0
SYN-007740,0.809,livestock,medium,masonry,508.0,225748.0,12,0,1,1.9,0,0.0,0.0
SYN-007741,0.518,livestock,medium,wood,786.0,354989.0,2,0,1,17.3,0,0.0,0.0
SYN-007742,0.998,livestock,medium,mixed,1434.0,423141.0,17,0,0,8.5,0,0.0,0.0
SYN-007743,0.554,mixed_farming,medium,masonry,2364.0,877799.0,71,0,0,18.8,0,0.0,0.0
SYN-007744,0.812,viticulture,medium,masonry,787.0,255107.0,69,0,1,7.5,0,0.0,0.0
SYN-007745,0.808,mixed_farming,low,masonry,898.0,398332.0,7,0,1,24.3,0,0.0,0.0
SYN-007746,0.91,mixed_farming,low,mixed,1121.0,574928.0,78,0,1,2.9,0,0.0,0.0
SYN-007747,0.639,livestock,medium,masonry,718.0,357034.0,18,0,0,13.0,0,0.0,0.0
SYN-007748,0.818,mixed_farming,medium,masonry,1590.0,821247.0,39,0,0,5.5,0,0.0,0.0
SYN-007749,0.776,crop_farming,medium,masonry,1622.0,585794.0,49,1,1,19.0,0,0.0,0.0
SYN-007750,0.662,mixed_farming,medium,mixed,207.0,114259.0,11,0,1,5.8,0,0.0,0.0
SYN-007751,0.95,mixed_farming,low,wood,1837.0,809877.0,31,0,1,1.9,0,0.0,0.0
SYN-007752,0.551,crop_farming,medium,masonry,1316.0,551270.0,23,0,0,3.2,0,0.0,0.0
SYN-007753,0.535,viticulture,medium,wood,1434.0,830496.0,29,0,0,3.7,1,22330.54,22330.54
SYN-007754,0.778,mixed_farming,medium,masonry,2609.0,881401.0,28,1,1,3.9,0,0.0,0.0
SYN-007755,0.514,livestock,medium,mixed,380.0,295226.0,37,0,0,3.0,0,0.0,0.0
SYN-007756,0.898,viticulture,low,wood,536.0,181280.0,51,0,1,14.1,0,0.0,0.0
SYN-007757,0.604,crop_farming,low,mixed,1158.0,624160.0,10,0,1,8.3,0,0.0,0.0
SYN-007758,0.653,crop_farming,low,masonry,268.0,194627.0,58,0,1,4.5,0,0.0,0.0
SYN-007759,0.809,livestock,medium,masonry,1056.0,547349.0,10,1,0,7.0,0,0.0,0.0
SYN-007760,0.931,livestock,low,mixed,2101.0,541792.0,49,0,1,17.6,0,0.0,0.0
SYN-007761,0.814,livestock,low,mixed,1568.0,455316.0,16,0,0,9.6,0,0.0,0.0
SYN-007762,0.457,viticulture,high,masonry,1276.0,352023.0,72,0,0,5.4,0,0.0,0.0
SYN-007763,0.603,crop_farming,medium,mixed,1042.0,575141.0,26,1,1,4.4,0,0.0,0.0
SYN-007764,0.85,crop_farming,medium,masonry,918.0,439108.0,1,0,0,18.5,0,0.0,0.0
SYN-007765,0.945,mixed_farming,medium,masonry,884.0,277920.0,9,0,1,4.6,0,0.0,0.0
SYN-007766,0.78,crop_farming,low,mixed,1406.0,558194.0,32,0,1,1.3,0,0.0,0.0
SYN-007767,0.758,mixed_farming,low,masonry,442.0,182392.0,77,0,1,13.0,0,0.0,0.0
SYN-007768,0.628,livestock,high,masonry,3137.0,1316985.0,24,0,1,2.6,0,0.0,0.0
SYN-007769,0.687,viticulture,medium,masonry,750.0,386305.0,40,0,0,13.1,0,0.0,0.0
SYN-007770,0.659,mixed_farming,medium,wood,1741.0,794559.0,61,0,1,4.1,0,0.0,0.0
SYN-007771,0.433,crop_farming,high,masonry,1277.0,609501.0,19,0,1,3.5,0,0.0,0.0
SYN-007772,0.413,crop_farming,low,masonry,573.0,218829.0,55,0,1,1.5,0,0.0,0.0
SYN-007773,0.77,crop_farming,medium,masonry,2808.0,890578.0,34,0,1,8.8,0,0.0,0.0
SYN-007774,0.706,viticulture,low,masonry,2448.0,1006246.0,72,0,0,11.8,0,0.0,0.0
SYN-007775,0.547,mixed_farming,medium,masonry,437.0,251607.0,55,0,0,7.8,0,0.0,0.0
SYN-007776,0.936,livestock,high,masonry,1155.0,477029.0,26,0,0,6.0,0,0.0,0.0
SYN-007777,0.524,crop_farming,low,masonry,1387.0,566365.0,37,0,1,4.5,0,0.0,0.0
SYN-007778,0.82,mixed_farming,high,mixed,315.0,194559.0,69,0,1,5.3,0,0.0,0.0
SYN-007779,0.873,crop_farming,medium,masonry,305.0,105201.0,30,0,0,7.5,0,0.0,0.0
SYN-007780,0.904,mixed_farming,medium,masonry,705.0,251911.0,44,0,1,6.2,0,0.0,0.0
SYN-007781,0.904,mixed_farming,low,mixed,516.0,215903.0,69,0,0,5.5,0,0.0,0.0
SYN-007782,0.877,crop_farming,medium,masonry,615.0,305572.0,13,0,1,5.3,0,0.0,0.0
SYN-007783,0.675,livestock,medium,masonry,516.0,272704.0,68,1,0,15.2,0,0.0,0.0
SYN-007784,0.774,crop_farming,low,wood,1119.0,614414.0,67,0,1,2.4,0,0.0,0.0
SYN-007785,0.915,livestock,medium,mixed,679.0,456342.0,44,0,1,37.3,0,0.0,0.0
SYN-007786,0.652,viticulture,low,mixed,2500.0,1077834.0,19,0,0,23.4,0,0.0,0.0
SYN-007787,0.803,mixed_farming,high,masonry,1363.0,576457.0,12,0,0,3.4,1,22517.9,22517.9
SYN-007788,0.496,mixed_farming,low,wood,2031.0,755029.0,61,0,1,17.0,0,0.0,0.0
SYN-007789,0.739,livestock,medium,masonry,404.0,162939.0,31,0,0,6.3,0,0.0,0.0
SYN-007790,0.485,crop_farming,medium,masonry,806.0,399995.0,43,1,1,1.8,0,0.0,0.0
SYN-007791,0.796,mixed_farming,medium,mixed,1324.0,391841.0,8,0,1,9.9,0,0.0,0.0
SYN-007792,0.626,livestock,high,masonry,1627.0,605946.0,42,0,0,5.3,0,0.0,0.0
SYN-007793,0.537,crop_farming,high,mixed,796.0,249493.0,6,0,1,16.1,0,0.0,0.0
SYN-007794,0.616,livestock,low,masonry,875.0,352123.0,43,0,0,25.1,0,0.0,0.0
SYN-007795,0.821,mixed_farming,medium,masonry,940.0,454918.0,68,0,1,2.7,0,0.0,0.0
SYN-007796,0.945,mixed_farming,medium,mixed,999.0,595683.0,79,0,1,4.2,0,0.0,0.0
SYN-007797,0.407,crop_farming,low,masonry,4948.0,2101007.0,68,0,0,6.6,0,0.0,0.0
SYN-007798,0.501,mixed_farming,medium,mixed,1486.0,473948.0,47,0,0,9.1,0,0.0,0.0
SYN-007799,0.823,livestock,low,masonry,1244.0,500293.0,60,1,0,3.6,0,0.0,0.0
SYN-007800,0.741,crop_farming,high,masonry,535.0,269196.0,4,1,1,10.8,0,0.0,0.0
SYN-007801,0.592,crop_farming,medium,mixed,543.0,271620.0,55,0,1,2.5,0,0.0,0.0
SYN-007802,0.791,mixed_farming,medium,masonry,1055.0,480386.0,77,0,1,2.9,0,0.0,0.0
SYN-007803,0.92,livestock,medium,mixed,2527.0,720611.0,13,0,0,13.7,0,0.0,0.0
SYN-007804,0.555,livestock,high,masonry,1065.0,594648.0,23,0,0,6.7,0,0.0,0.0
SYN-007805,0.691,crop_farming,medium,masonry,1095.0,347760.0,80,0,1,6.3,0,0.0,0.0
SYN-007806,0.412,mixed_farming,high,masonry,747.0,286074.0,38,1,0,12.4,0,0.0,0.0
SYN-007807,0.968,mixed_farming,high,mixed,391.0,324120.0,58,0,0,0.7,0,0.0,0.0
SYN-007808,0.881,livestock,low,masonry,1610.0,843670.0,66,1,1,5.9,0,0.0,0.0
SYN-007809,0.703,viticulture,low,masonry,1027.0,398145.0,77,0,1,7.8,0,0.0,0.0
SYN-007810,0.995,crop_farming,low,wood,1620.0,754752.0,7,0,1,2.6,0,0.0,0.0
SYN-007811,0.532,crop_farming,medium,masonry,1340.0,463338.0,29,1,1,6.8,0,0.0,0.0
SYN-007812,0.846,mixed_farming,medium,mixed,648.0,244102.0,19,0,1,15.0,0,0.0,0.0
SYN-007813,0.862,mixed_farming,low,masonry,1403.0,760241.0,66,0,0,10.8,0,0.0,0.0
SYN-007814,0.899,crop_farming,high,masonry,524.0,291477.0,71,0,0,0.8,0,0.0,0.0
SYN-007815,0.811,livestock,low,masonry,1396.0,447717.0,70,0,0,6.7,0,0.0,0.0
SYN-007816,0.514,livestock,medium,masonry,1163.0,541205.0,10,1,1,15.2,0,0.0,0.0
SYN-007817,0.455,livestock,medium,mixed,3299.0,745402.0,54,1,1,11.6,0,0.0,0.0
SYN-007818,0.508,mixed_farming,medium,masonry,690.0,298795.0,42,0,1,5.9,0,0.0,0.0
SYN-007819,0.915,viticulture,low,masonry,512.0,338045.0,59,0,1,13.1,0,0.0,0.0
SYN-007820,0.641,livestock,medium,mixed,927.0,439913.0,15,0,1,14.3,0,0.0,0.0
SYN-007821,0.728,mixed_farming,medium,mixed,1801.0,719083.0,11,0,1,4.6,0,0.0,0.0
SYN-007822,0.415,livestock,low,masonry,197.0,141697.0,29,0,1,12.5,0,0.0,0.0
SYN-007823,0.695,livestock,medium,masonry,2141.0,1117197.0,29,0,1,4.6,0,0.0,0.0
SYN-007824,0.646,crop_farming,medium,masonry,1058.0,670397.0,64,0,0,4.1,0,0.0,0.0
SYN-007825,0.721,viticulture,medium,wood,577.0,172030.0,16,0,0,8.8,0,0.0,0.0
SYN-007826,0.625,crop_farming,medium,mixed,954.0,293753.0,77,0,1,3.1,0,0.0,0.0
SYN-007827,0.445,mixed_farming,medium,mixed,749.0,361786.0,2,2,1,6.1,0,0.0,0.0
SYN-007828,0.426,crop_farming,high,masonry,547.0,244849.0,46,1,0,4.2,0,0.0,0.0
SYN-007829,0.97,mixed_farming,medium,masonry,344.0,149116.0,43,1,1,6.2,0,0.0,0.0
SYN-007830,0.762,crop_farming,low,masonry,1948.0,857027.0,29,0,1,20.3,0,0.0,0.0
SYN-007831,0.786,viticulture,medium,masonry,842.0,340901.0,9,0,1,26.8,0,0.0,0.0
SYN-007832,0.949,mixed_farming,low,masonry,940.0,561494.0,7,0,1,3.1,0,0.0,0.0
SYN-007833,0.731,crop_farming,high,masonry,2099.0,712858.0,23,1,0,22.4,0,0.0,0.0
SYN-007834,0.769,mixed_farming,medium,masonry,1257.0,646498.0,33,0,1,4.3,0,0.0,0.0
SYN-007835,0.714,mixed_farming,low,masonry,440.0,262612.0,16,0,0,12.9,0,0.0,0.0
SYN-007836,0.506,livestock,medium,masonry,1877.0,728650.0,66,1,0,3.9,0,0.0,0.0
SYN-007837,0.587,crop_farming,low,masonry,3180.0,898926.0,78,0,1,9.1,0,0.0,0.0
SYN-007838,0.931,mixed_farming,high,mixed,1681.0,860354.0,61,0,0,11.1,0,0.0,0.0
SYN-007839,0.666,mixed_farming,high,mixed,691.0,320012.0,67,2,1,13.7,0,0.0,0.0
SYN-007840,0.522,livestock,medium,masonry,465.0,210944.0,29,1,0,23.0,0,0.0,0.0
SYN-007841,0.897,mixed_farming,medium,mixed,675.0,278635.0,69,0,1,5.3,0,0.0,0.0
SYN-007842,0.452,crop_farming,medium,masonry,1296.0,441991.0,14,1,1,11.6,0,0.0,0.0
SYN-007843,0.784,crop_farming,medium,masonry,3063.0,1240154.0,49,0,1,8.9,0,0.0,0.0
SYN-007844,0.82,mixed_farming,low,wood,740.0,421853.0,44,1,1,20.8,0,0.0,0.0
SYN-007845,0.582,crop_farming,high,masonry,795.0,483334.0,39,0,0,15.6,0,0.0,0.0
SYN-007846,0.5,crop_farming,low,mixed,2354.0,936569.0,67,0,1,14.1,0,0.0,0.0
SYN-007847,0.669,livestock,low,masonry,914.0,334566.0,27,0,1,1.2,0,0.0,0.0
SYN-007848,0.853,crop_farming,low,masonry,3693.0,1449116.0,45,0,1,26.1,0,0.0,0.0
SYN-007849,0.932,crop_farming,high,masonry,1101.0,279145.0,38,0,1,2.3,0,0.0,0.0
SYN-007850,0.889,mixed_farming,high,masonry,2589.0,732535.0,44,0,1,2.7,0,0.0,0.0
SYN-007851,0.466,livestock,low,masonry,1554.0,520814.0,28,1,1,5.5,1,21670.1,21670.1
SYN-007852,0.534,mixed_farming,low,masonry,1919.0,487297.0,57,0,1,7.9,0,0.0,0.0
SYN-007853,0.77,mixed_farming,high,masonry,1080.0,417926.0,48,0,0,11.7,1,2191.95,2191.95
SYN-007854,0.826,livestock,medium,masonry,1127.0,313217.0,11,0,1,11.7,0,0.0,0.0
SYN-007855,0.405,crop_farming,high,masonry,1591.0,474641.0,36,0,1,7.7,0,0.0,0.0
SYN-007856,0.486,mixed_farming,high,masonry,2036.0,1002112.0,50,0,1,13.3,0,0.0,0.0
SYN-007857,0.456,crop_farming,medium,masonry,1706.0,657630.0,8,0,1,34.0,0,0.0,0.0
SYN-007858,0.605,crop_farming,low,masonry,384.0,236411.0,7,0,1,20.6,0,0.0,0.0
SYN-007859,0.808,mixed_farming,medium,mixed,1433.0,737274.0,44,1,0,5.5,0,0.0,0.0
SYN-007860,0.966,mixed_farming,high,wood,791.0,409035.0,13,1,1,5.9,0,0.0,0.0
SYN-007861,0.454,mixed_farming,medium,masonry,850.0,266348.0,46,0,1,4.1,0,0.0,0.0
SYN-007862,0.704,crop_farming,high,masonry,1632.0,627833.0,5,0,1,11.3,0,0.0,0.0
SYN-007863,0.623,crop_farming,medium,wood,3654.0,1340445.0,69,0,0,3.3,1,974.93,974.93
SYN-007864,0.639,livestock,high,mixed,1042.0,446548.0,50,0,1,3.7,0,0.0,0.0
SYN-007865,0.441,mixed_farming,medium,wood,4369.0,1119158.0,51,0,0,7.7,0,0.0,0.0
SYN-007866,0.573,livestock,low,mixed,594.0,199391.0,78,0,1,8.3,0,0.0,0.0
SYN-007867,0.551,crop_farming,medium,mixed,2699.0,1120038.0,50,0,1,9.6,0,0.0,0.0
SYN-007868,0.831,crop_farming,low,masonry,1604.0,762930.0,12,0,1,1.4,0,0.0,0.0
SYN-007869,0.785,mixed_farming,medium,masonry,1388.0,514444.0,72,0,1,3.8,0,0.0,0.0
SYN-007870,0.782,mixed_farming,high,mixed,2978.0,952389.0,38,0,1,8.3,0,0.0,0.0
SYN-007871,0.712,crop_farming,low,masonry,801.0,396455.0,54,0,1,17.2,0,0.0,0.0
SYN-007872,0.605,crop_farming,high,mixed,2781.0,1277619.0,72,0,0,5.9,0,0.0,0.0
SYN-007873,0.546,crop_farming,low,wood,1058.0,513633.0,38,0,1,21.9,0,0.0,0.0
SYN-007874,0.407,crop_farming,medium,masonry,798.0,408402.0,69,0,1,15.7,0,0.0,0.0
SYN-007875,0.489,livestock,high,masonry,512.0,265188.0,77,0,1,1.7,0,0.0,0.0
SYN-007876,0.532,crop_farming,medium,wood,3396.0,1146111.0,34,0,1,14.2,0,0.0,0.0
SYN-007877,0.985,mixed_farming,high,mixed,2545.0,875083.0,3,0,1,4.0,0,0.0,0.0
SYN-007878,0.982,mixed_farming,high,mixed,888.0,255888.0,60,1,0,10.0,0,0.0,0.0
SYN-007879,0.861,viticulture,medium,mixed,1728.0,619738.0,65,0,0,3.7,0,0.0,0.0
SYN-007880,0.766,viticulture,medium,wood,1316.0,675889.0,4,0,0,2.4,0,0.0,0.0
SYN-007881,0.801,crop_farming,low,masonry,964.0,437728.0,77,0,0,3.0,0,0.0,0.0
SYN-007882,0.76,crop_farming,medium,masonry,2269.0,993676.0,61,0,1,9.7,0,0.0,0.0
SYN-007883,0.788,livestock,low,masonry,807.0,257910.0,16,1,1,11.4,0,0.0,0.0
SYN-007884,0.532,mixed_farming,high,masonry,292.0,149252.0,59,0,0,2.2,0,0.0,0.0
SYN-007885,0.986,crop_farming,medium,mixed,1435.0,427702.0,56,0,1,3.5,0,0.0,0.0
SYN-007886,0.854,livestock,medium,masonry,1266.0,488554.0,47,0,0,3.9,0,0.0,0.0
SYN-007887,0.541,crop_farming,high,mixed,824.0,421962.0,46,0,0,2.0,0,0.0,0.0
SYN-007888,0.708,crop_farming,low,masonry,679.0,224063.0,10,0,1,5.6,0,0.0,0.0
SYN-007889,0.874,mixed_farming,high,mixed,440.0,233631.0,76,0,1,25.0,0,0.0,0.0
SYN-007890,0.947,mixed_farming,low,masonry,957.0,362305.0,24,0,1,8.9,0,0.0,0.0
SYN-007891,0.63,livestock,low,masonry,686.0,245779.0,24,0,1,6.6,0,0.0,0.0
SYN-007892,0.69,viticulture,medium,masonry,2268.0,758029.0,14,0,1,12.1,0,0.0,0.0
SYN-007893,0.586,crop_farming,low,masonry,1695.0,776709.0,17,1,1,14.0,0,0.0,0.0
SYN-007894,0.626,crop_farming,medium,masonry,885.0,282300.0,5,1,0,4.1,0,0.0,0.0
SYN-007895,0.537,livestock,medium,mixed,1702.0,446944.0,67,0,1,4.1,0,0.0,0.0
SYN-007896,0.418,mixed_farming,high,masonry,1130.0,419527.0,72,0,0,5.4,0,0.0,0.0
SYN-007897,0.65,mixed_farming,low,wood,1017.0,348011.0,5,0,1,2.1,0,0.0,0.0
SYN-007898,0.682,crop_farming,low,wood,1170.0,584401.0,15,0,0,3.1,0,0.0,0.0
SYN-007899,0.868,viticulture,low,masonry,3833.0,1827409.0,36,0,1,11.8,0,0.0,0.0
SYN-007900,0.714,livestock,medium,masonry,1842.0,840065.0,17,0,1,3.2,0,0.0,0.0
SYN-007901,0.596,livestock,low,masonry,998.0,454093.0,16,0,1,3.3,0,0.0,0.0
SYN-007902,0.678,mixed_farming,low,masonry,2167.0,984391.0,57,0,0,18.8,0,0.0,0.0
SYN-007903,0.878,viticulture,high,masonry,2117.0,719084.0,71,0,0,26.4,1,6041.47,6041.47
SYN-007904,0.689,mixed_farming,high,wood,1435.0,667829.0,26,0,1,6.4,0,0.0,0.0
SYN-007905,0.733,viticulture,high,wood,979.0,358706.0,42,0,1,10.4,0,0.0,0.0
SYN-007906,0.504,crop_farming,low,masonry,938.0,532282.0,33,0,1,9.0,0,0.0,0.0
SYN-007907,0.405,mixed_farming,medium,mixed,603.0,421483.0,30,0,1,6.1,0,0.0,0.0
SYN-007908,0.958,mixed_farming,low,mixed,1363.0,640159.0,5,0,0,14.2,0,0.0,0.0
SYN-007909,0.561,livestock,medium,masonry,815.0,365221.0,57,1,1,2.8,0,0.0,0.0
SYN-007910,0.609,livestock,medium,wood,912.0,589301.0,75,1,1,6.2,0,0.0,0.0
SYN-007911,0.469,viticulture,high,wood,1818.0,726707.0,61,0,1,7.0,0,0.0,0.0
SYN-007912,0.708,crop_farming,medium,wood,3629.0,1386711.0,80,1,1,2.1,0,0.0,0.0
SYN-007913,0.842,livestock,low,mixed,1546.0,619883.0,66,1,1,6.9,0,0.0,0.0
SYN-007914,0.812,mixed_farming,medium,masonry,1132.0,607714.0,30,0,0,3.3,0,0.0,0.0
SYN-007915,0.913,viticulture,high,masonry,1197.0,654203.0,66,0,1,8.9,0,0.0,0.0
SYN-007916,0.572,viticulture,low,wood,2539.0,1198083.0,18,0,0,9.4,0,0.0,0.0
SYN-007917,0.589,mixed_farming,high,masonry,1559.0,546488.0,32,0,0,12.0,0,0.0,0.0
SYN-007918,0.979,crop_farming,low,masonry,1375.0,556993.0,57,0,0,7.6,0,0.0,0.0
SYN-007919,0.674,viticulture,low,masonry,1439.0,533502.0,24,0,1,8.8,0,0.0,0.0
SYN-007920,0.901,livestock,high,masonry,479.0,310131.0,61,0,0,11.9,0,0.0,0.0
SYN-007921,0.767,mixed_farming,low,masonry,1562.0,823530.0,15,0,1,29.8,1,11572.74,11572.74
SYN-007922,0.509,livestock,medium,mixed,686.0,335839.0,13,1,1,2.4,0,0.0,0.0
SYN-007923,0.974,mixed_farming,low,masonry,1566.0,634411.0,61,1,0,22.0,0,0.0,0.0
SYN-007924,0.595,livestock,medium,masonry,752.0,275359.0,39,0,1,1.2,0,0.0,0.0
SYN-007925,0.785,mixed_farming,medium,masonry,1780.0,647368.0,75,1,1,3.9,1,6465.38,6465.38
SYN-007926,0.553,crop_farming,high,mixed,1097.0,383998.0,16,0,1,10.7,0,0.0,0.0
SYN-007927,0.745,crop_farming,high,mixed,576.0,757476.0,58,0,1,4.0,0,0.0,0.0
SYN-007928,0.725,livestock,medium,wood,1003.0,297008.0,19,0,1,6.8,0,0.0,0.0
SYN-007929,0.557,crop_farming,medium,mixed,5084.0,2455152.0,38,0,1,11.3,0,0.0,0.0
SYN-007930,0.993,mixed_farming,low,masonry,277.0,128887.0,40,0,1,2.2,0,0.0,0.0
SYN-007931,0.484,crop_farming,medium,mixed,1350.0,577894.0,68,0,1,14.7,0,0.0,0.0
SYN-007932,0.666,livestock,medium,masonry,628.0,350549.0,32,1,0,4.5,0,0.0,0.0
SYN-007933,0.419,crop_farming,low,mixed,2966.0,1189398.0,30,0,1,16.9,0,0.0,0.0
SYN-007934,0.81,crop_farming,high,mixed,2060.0,846485.0,39,1,1,8.4,0,0.0,0.0
SYN-007935,0.677,mixed_farming,low,masonry,1368.0,338597.0,79,1,1,6.0,0,0.0,0.0
SYN-007936,0.736,livestock,low,masonry,2200.0,577772.0,31,1,0,1.9,0,0.0,0.0
SYN-007937,0.819,crop_farming,high,mixed,1421.0,590568.0,44,0,1,3.8,0,0.0,0.0
SYN-007938,0.858,crop_farming,medium,masonry,1217.0,462777.0,6,1,1,8.2,0,0.0,0.0
SYN-007939,0.979,crop_farming,medium,mixed,821.0,361906.0,49,0,1,11.5,0,0.0,0.0
SYN-007940,0.918,mixed_farming,low,masonry,959.0,408654.0,7,0,1,4.6,0,0.0,0.0
SYN-007941,0.594,crop_farming,medium,mixed,896.0,274370.0,2,0,1,13.6,0,0.0,0.0
SYN-007942,0.836,livestock,medium,mixed,1220.0,611306.0,21,0,1,13.3,0,0.0,0.0
SYN-007943,0.446,mixed_farming,low,masonry,354.0,180201.0,16,0,1,9.9,0,0.0,0.0
SYN-007944,0.482,livestock,medium,masonry,2367.0,1270800.0,42,0,0,2.9,0,0.0,0.0
SYN-007945,0.676,mixed_farming,low,mixed,4296.0,1459132.0,17,0,1,3.7,0,0.0,0.0
SYN-007946,0.676,crop_farming,low,masonry,915.0,384950.0,18,0,0,17.4,0,0.0,0.0
SYN-007947,0.703,viticulture,low,masonry,2601.0,825680.0,72,0,0,3.7,0,0.0,0.0
SYN-007948,0.685,livestock,low,mixed,1111.0,580267.0,51,0,0,8.6,0,0.0,0.0
SYN-007949,0.785,crop_farming,low,masonry,819.0,511341.0,1,0,0,4.7,0,0.0,0.0
SYN-007950,0.973,viticulture,medium,mixed,946.0,522665.0,61,0,0,8.7,0,0.0,0.0
SYN-007951,0.504,mixed_farming,medium,masonry,1281.0,659939.0,58,0,1,5.2,0,0.0,0.0
SYN-007952,0.614,mixed_farming,low,masonry,758.0,254847.0,72,0,1,9.4,0,0.0,0.0
SYN-007953,0.445,mixed_farming,medium,masonry,1797.0,871228.0,44,0,1,11.0,0,0.0,0.0
SYN-007954,0.52,crop_farming,low,wood,865.0,347684.0,76,0,1,2.9,0,0.0,0.0
SYN-007955,0.992,mixed_farming,medium,masonry,603.0,299722.0,76,0,1,1.7,1,13071.28,13071.28
SYN-007956,0.424,mixed_farming,high,masonry,1196.0,673006.0,30,0,1,23.3,0,0.0,0.0
SYN-007957,0.528,livestock,medium,masonry,772.0,260910.0,7,1,0,4.4,0,0.0,0.0
SYN-007958,0.656,crop_farming,medium,mixed,980.0,484936.0,76,0,1,2.8,0,0.0,0.0
SYN-007959,0.576,crop_farming,low,mixed,1170.0,490304.0,53,0,0,11.6,0,0.0,0.0
SYN-007960,0.727,viticulture,low,masonry,507.0,284429.0,71,0,1,6.3,0,0.0,0.0
SYN-007961,0.994,crop_farming,medium,masonry,3128.0,875794.0,6,0,1,6.2,0,0.0,0.0
SYN-007962,0.822,crop_farming,medium,masonry,2055.0,846224.0,26,0,1,2.0,0,0.0,0.0
SYN-007963,0.644,mixed_farming,medium,mixed,805.0,390946.0,1,0,1,8.8,0,0.0,0.0
SYN-007964,0.81,mixed_farming,high,mixed,1197.0,489809.0,30,0,1,4.0,0,0.0,0.0
SYN-007965,0.923,crop_farming,low,mixed,1832.0,980895.0,61,0,0,3.7,0,0.0,0.0
SYN-007966,0.537,mixed_farming,high,mixed,1388.0,636061.0,14,0,0,2.3,0,0.0,0.0
SYN-007967,0.83,livestock,medium,masonry,4113.0,1176289.0,30,0,0,11.8,0,0.0,0.0
SYN-007968,0.768,mixed_farming,low,mixed,1038.0,557731.0,70,0,1,5.5,0,0.0,0.0
SYN-007969,0.84,crop_farming,low,mixed,2625.0,823053.0,25,0,1,4.8,0,0.0,0.0
SYN-007970,0.45,crop_farming,medium,masonry,509.0,216930.0,43,0,1,8.4,0,0.0,0.0
SYN-007971,0.84,mixed_farming,low,wood,563.0,196210.0,35,1,1,10.5,0,0.0,0.0
SYN-007972,0.873,crop_farming,medium,masonry,3622.0,1000773.0,17,0,1,12.5,0,0.0,0.0
SYN-007973,0.812,livestock,medium,mixed,915.0,452204.0,75,0,1,7.9,0,0.0,0.0
SYN-007974,0.518,crop_farming,medium,mixed,567.0,370042.0,65,0,0,9.1,0,0.0,0.0
SYN-007975,0.497,mixed_farming,medium,wood,1175.0,347725.0,32,1,0,7.2,0,0.0,0.0
SYN-007976,0.843,mixed_farming,medium,masonry,2756.0,1295720.0,69,1,0,3.6,0,0.0,0.0
SYN-007977,0.789,mixed_farming,medium,wood,738.0,345992.0,40,0,1,15.0,0,0.0,0.0
SYN-007978,0.99,viticulture,high,masonry,1180.0,482647.0,52,1,1,6.5,0,0.0,0.0
SYN-007979,0.673,viticulture,low,masonry,363.0,141147.0,24,0,0,21.8,0,0.0,0.0
SYN-007980,0.538,livestock,high,wood,894.0,286377.0,32,0,1,11.6,1,9448.8,9448.8
SYN-007981,0.862,livestock,low,masonry,2317.0,813272.0,75,0,1,2.9,0,0.0,0.0
SYN-007982,0.849,mixed_farming,low,mixed,728.0,479119.0,18,0,1,15.3,0,0.0,0.0
SYN-007983,0.714,viticulture,medium,masonry,530.0,281052.0,34,0,1,8.3,0,0.0,0.0
SYN-007984,0.848,viticulture,low,wood,732.0,485000.0,62,1,0,5.5,0,0.0,0.0
SYN-007985,0.586,mixed_farming,low,mixed,815.0,228797.0,27,0,0,2.5,0,0.0,0.0
SYN-007986,0.529,crop_farming,low,masonry,1992.0,848546.0,62,0,1,7.3,0,0.0,0.0
SYN-007987,0.476,viticulture,medium,mixed,1551.0,501691.0,32,0,1,5.1,0,0.0,0.0
SYN-007988,0.574,viticulture,medium,masonry,1759.0,523443.0,41,0,1,12.3,0,0.0,0.0
SYN-007989,0.793,mixed_farming,low,mixed,1235.0,558609.0,80,0,0,10.7,0,0.0,0.0
SYN-007990,0.555,mixed_farming,medium,mixed,810.0,275793.0,60,1,1,7.3,0,0.0,0.0
SYN-007991,0.93,livestock,low,mixed,732.0,389484.0,74,0,0,1.9,0,0.0,0.0
SYN-007992,0.55,viticulture,high,mixed,1605.0,601024.0,16,0,1,6.8,0,0.0,0.0
SYN-007993,0.811,crop_farming,low,mixed,3404.0,1475160.0,67,1,0,3.4,0,0.0,0.0
SYN-007994,0.717,mixed_farming,medium,mixed,658.0,240632.0,43,0,0,6.6,0,0.0,0.0
SYN-007995,0.527,crop_farming,medium,wood,625.0,308497.0,62,0,0,4.8,0,0.0,0.0
SYN-007996,0.734,livestock,medium,masonry,579.0,249847.0,27,1,1,17.7,0,0.0,0.0
SYN-007997,0.973,crop_farming,high,masonry,2081.0,548399.0,59,1,0,2.5,0,0.0,0.0
SYN-007998,0.967,livestock,low,mixed,1179.0,325955.0,80,0,1,4.6,0,0.0,0.0
SYN-007999,0.575,crop_farming,medium,masonry,1739.0,396342.0,40,1,1,10.3,0,0.0,0.0
SYN-008000,0.722,viticulture,medium,masonry,871.0,514761.0,34,0,1,14.1,0,0.0,0.0
